id,edge_id,evidence_source,evidence_scope,confidence,review_status,review_date,note
EV00001,E00001,S001,PROVENANCE,0.95,VERIFIED_PROVENANCE,2026-09-27,Canonical source provenance.
EV00002,E00002,S001,ATTRIBUTION,0.78,CURATED_ATTRIBUTION,2026-09-27,Representative author attribution from Frontier Graph 1.0.
EV00003,E00003,S001,ATTRIBUTION,0.78,CURATED_ATTRIBUTION,2026-09-27,Representative author attribution from Frontier Graph 1.0.
EV00004,E00004,S001,ATTRIBUTION,0.78,CURATED_ATTRIBUTION,2026-09-27,Representative author attribution from Frontier Graph 1.0.
EV00005,E00005,S001,ATTRIBUTION,0.68,CURATED_PROGRAM_ASSOCIATION,2026-09-27,Representative institution/program association; not a funding claim.
EV00006,E00006,S001,NODE_SUPPORT_ONLY,0.56,AUTO_CURATED_NEEDS_RELATION_EVIDENCE,2026-09-27,M3 semantic curation of former MAPS_TO_TECHNOLOGY. Source supports the frontier node; direct relation evidence still requires expert review.
EV00007,E00007,S001,NODE_SUPPORT_ONLY,0.56,AUTO_CURATED_NEEDS_RELATION_EVIDENCE,2026-09-27,M3 semantic curation of former MAPS_TO_TECHNOLOGY. Source supports the frontier node; direct relation evidence still requires expert review.
EV00008,E00008,S001,NODE_SUPPORT_ONLY,0.56,AUTO_CURATED_NEEDS_RELATION_EVIDENCE,2026-09-27,M3 semantic curation of former MAPS_TO_TECHNOLOGY. Source supports the frontier node; direct relation evidence still requires expert review.
EV00009,E00009,S001,NODE_SUPPORT_ONLY,0.56,AUTO_CURATED_NEEDS_RELATION_EVIDENCE,2026-09-27,M3 semantic curation of former MAPS_TO_TECHNOLOGY. Source supports the frontier node; direct relation evidence still requires expert review.
EV00010,E00010,S001,NODE_SUPPORT_ONLY,0.58,AUTO_CURATED_NEEDS_RELATION_EVIDENCE,2026-09-27,M3 semantic curation of former CONTRIBUTES_TO_MEGAPROJECT. Relation is a SINERGY systems interpretation until separately evidenced.
EV00011,E00011,S001,NODE_SUPPORT_ONLY,0.58,AUTO_CURATED_NEEDS_RELATION_EVIDENCE,2026-09-27,M3 semantic curation of former CONTRIBUTES_TO_MEGAPROJECT. Relation is a SINERGY systems interpretation until separately evidenced.
EV00012,E00012,S001,NODE_SUPPORT_ONLY,0.58,AUTO_CURATED_NEEDS_RELATION_EVIDENCE,2026-09-27,M3 semantic curation of former CONTRIBUTES_TO_MEGAPROJECT. Relation is a SINERGY systems interpretation until separately evidenced.
EV00013,E00013,S001,NODE_SUPPORT_ONLY,0.58,AUTO_CURATED_NEEDS_RELATION_EVIDENCE,2026-09-27,M3 semantic curation of former CONTRIBUTES_TO_MEGAPROJECT. Relation is a SINERGY systems interpretation until separately evidenced.
EV00014,E00014,S001,NODE_SUPPORT_ONLY,0.58,AUTO_CURATED_NEEDS_RELATION_EVIDENCE,2026-09-27,M3 semantic curation of former CONTRIBUTES_TO_MEGAPROJECT. Relation is a SINERGY systems interpretation until separately evidenced.
EV00015,E00015,S001,NODE_SUPPORT_ONLY,0.58,AUTO_CURATED_NEEDS_RELATION_EVIDENCE,2026-09-27,M3 semantic curation of former CONTRIBUTES_TO_MEGAPROJECT. Relation is a SINERGY systems interpretation until separately evidenced.
EV00016,E00016,S002,PROVENANCE,0.95,VERIFIED_PROVENANCE,2026-09-27,"Source validates an enabling component, not necessarily the whole SINERGY synthesis."
EV00017,E00017,S002,ATTRIBUTION,0.78,CURATED_ATTRIBUTION,2026-09-27,Representative author attribution from Frontier Graph 1.0.
EV00018,E00018,S002,ATTRIBUTION,0.78,CURATED_ATTRIBUTION,2026-09-27,Representative author attribution from Frontier Graph 1.0.
EV00019,E00019,S002,NODE_SUPPORT_ONLY,0.66,AUTO_CURATED_NEEDS_RELATION_EVIDENCE,2026-09-27,M3 semantic curation of former MAPS_TO_TECHNOLOGY. Source supports the frontier node; direct relation evidence still requires expert review.
EV00020,E00020,S002,NODE_SUPPORT_ONLY,0.66,AUTO_CURATED_NEEDS_RELATION_EVIDENCE,2026-09-27,M3 semantic curation of former MAPS_TO_TECHNOLOGY. Source supports the frontier node; direct relation evidence still requires expert review.
EV00021,E00021,S002,NODE_SUPPORT_ONLY,0.66,AUTO_CURATED_NEEDS_RELATION_EVIDENCE,2026-09-27,M3 semantic curation of former MAPS_TO_TECHNOLOGY. Source supports the frontier node; direct relation evidence still requires expert review.
EV00022,E00022,S002,NODE_SUPPORT_ONLY,0.58,AUTO_CURATED_NEEDS_RELATION_EVIDENCE,2026-09-27,M3 semantic curation of former CONTRIBUTES_TO_MEGAPROJECT. Relation is a SINERGY systems interpretation until separately evidenced.
EV00023,E00023,S002,NODE_SUPPORT_ONLY,0.58,AUTO_CURATED_NEEDS_RELATION_EVIDENCE,2026-09-27,M3 semantic curation of former CONTRIBUTES_TO_MEGAPROJECT. Relation is a SINERGY systems interpretation until separately evidenced.
EV00024,E00024,S002,NODE_SUPPORT_ONLY,0.58,AUTO_CURATED_NEEDS_RELATION_EVIDENCE,2026-09-27,M3 semantic curation of former CONTRIBUTES_TO_MEGAPROJECT. Relation is a SINERGY systems interpretation until separately evidenced.
EV00025,E00025,S002,NODE_SUPPORT_ONLY,0.58,AUTO_CURATED_NEEDS_RELATION_EVIDENCE,2026-09-27,M3 semantic curation of former CONTRIBUTES_TO_MEGAPROJECT. Relation is a SINERGY systems interpretation until separately evidenced.
EV00026,E00026,S003,PROVENANCE,0.95,VERIFIED_PROVENANCE,2026-09-27,Canonical source provenance.
EV00027,E00027,S003,ATTRIBUTION,0.78,CURATED_ATTRIBUTION,2026-09-27,Representative author attribution from Frontier Graph 1.0.
EV00028,E00028,S003,ATTRIBUTION,0.78,CURATED_ATTRIBUTION,2026-09-27,Representative author attribution from Frontier Graph 1.0.
EV00029,E00029,S003,ATTRIBUTION,0.68,CURATED_PROGRAM_ASSOCIATION,2026-09-27,Representative institution/program association; not a funding claim.
EV00030,E00030,S003,NODE_SUPPORT_ONLY,0.66,AUTO_CURATED_NEEDS_RELATION_EVIDENCE,2026-09-27,M3 semantic curation of former MAPS_TO_TECHNOLOGY. Source supports the frontier node; direct relation evidence still requires expert review.
EV00031,E00031,S003,NODE_SUPPORT_ONLY,0.66,AUTO_CURATED_NEEDS_RELATION_EVIDENCE,2026-09-27,M3 semantic curation of former MAPS_TO_TECHNOLOGY. Source supports the frontier node; direct relation evidence still requires expert review.
EV00032,E00032,S003,NODE_SUPPORT_ONLY,0.66,AUTO_CURATED_NEEDS_RELATION_EVIDENCE,2026-09-27,M3 semantic curation of former MAPS_TO_TECHNOLOGY. Source supports the frontier node; direct relation evidence still requires expert review.
EV00033,E00033,S003,NODE_SUPPORT_ONLY,0.58,AUTO_CURATED_NEEDS_RELATION_EVIDENCE,2026-09-27,M3 semantic curation of former CONTRIBUTES_TO_MEGAPROJECT. Relation is a SINERGY systems interpretation until separately evidenced.
EV00034,E00034,S003,NODE_SUPPORT_ONLY,0.58,AUTO_CURATED_NEEDS_RELATION_EVIDENCE,2026-09-27,M3 semantic curation of former CONTRIBUTES_TO_MEGAPROJECT. Relation is a SINERGY systems interpretation until separately evidenced.
EV00035,E00035,S003,NODE_SUPPORT_ONLY,0.58,AUTO_CURATED_NEEDS_RELATION_EVIDENCE,2026-09-27,M3 semantic curation of former CONTRIBUTES_TO_MEGAPROJECT. Relation is a SINERGY systems interpretation until separately evidenced.
EV00036,E00036,S003,NODE_SUPPORT_ONLY,0.58,AUTO_CURATED_NEEDS_RELATION_EVIDENCE,2026-09-27,M3 semantic curation of former CONTRIBUTES_TO_MEGAPROJECT. Relation is a SINERGY systems interpretation until separately evidenced.
EV00037,E00037,S004,PROVENANCE,0.95,VERIFIED_PROVENANCE,2026-09-27,Canonical source provenance.
EV00038,E00038,S004,ATTRIBUTION,0.78,CURATED_ATTRIBUTION,2026-09-27,Representative author attribution from Frontier Graph 1.0.
EV00039,E00039,S004,ATTRIBUTION,0.78,CURATED_ATTRIBUTION,2026-09-27,Representative author attribution from Frontier Graph 1.0.
EV00040,E00040,S004,ATTRIBUTION,0.78,CURATED_ATTRIBUTION,2026-09-27,Representative author attribution from Frontier Graph 1.0.
EV00041,E00041,S004,ATTRIBUTION,0.78,CURATED_ATTRIBUTION,2026-09-27,Representative author attribution from Frontier Graph 1.0.
EV00042,E00042,S004,ATTRIBUTION,0.78,CURATED_ATTRIBUTION,2026-09-27,Representative author attribution from Frontier Graph 1.0.
EV00043,E00043,S004,ATTRIBUTION,0.78,CURATED_ATTRIBUTION,2026-09-27,Representative author attribution from Frontier Graph 1.0.
EV00044,E00044,S004,NODE_SUPPORT_ONLY,0.66,AUTO_CURATED_NEEDS_RELATION_EVIDENCE,2026-09-27,M3 semantic curation of former MAPS_TO_TECHNOLOGY. Source supports the frontier node; direct relation evidence still requires expert review.
EV00045,E00045,S004,NODE_SUPPORT_ONLY,0.66,AUTO_CURATED_NEEDS_RELATION_EVIDENCE,2026-09-27,M3 semantic curation of former MAPS_TO_TECHNOLOGY. Source supports the frontier node; direct relation evidence still requires expert review.
EV00046,E00046,S004,NODE_SUPPORT_ONLY,0.66,AUTO_CURATED_NEEDS_RELATION_EVIDENCE,2026-09-27,M3 semantic curation of former MAPS_TO_TECHNOLOGY. Source supports the frontier node; direct relation evidence still requires expert review.
EV00047,E00047,S004,NODE_SUPPORT_ONLY,0.58,AUTO_CURATED_NEEDS_RELATION_EVIDENCE,2026-09-27,M3 semantic curation of former CONTRIBUTES_TO_MEGAPROJECT. Relation is a SINERGY systems interpretation until separately evidenced.
EV00048,E00048,S004,NODE_SUPPORT_ONLY,0.58,AUTO_CURATED_NEEDS_RELATION_EVIDENCE,2026-09-27,M3 semantic curation of former CONTRIBUTES_TO_MEGAPROJECT. Relation is a SINERGY systems interpretation until separately evidenced.
EV00049,E00049,S004,PROVENANCE,0.95,VERIFIED_PROVENANCE,2026-09-27,"Source validates an enabling component, not necessarily the whole SINERGY synthesis."
EV00050,E00050,S004,ATTRIBUTION,0.68,CURATED_PROGRAM_ASSOCIATION,2026-09-27,Representative institution/program association; not a funding claim.
EV00051,E00051,S004,NODE_SUPPORT_ONLY,0.56,AUTO_CURATED_NEEDS_RELATION_EVIDENCE,2026-09-27,M3 semantic curation of former MAPS_TO_TECHNOLOGY. Source supports the frontier node; direct relation evidence still requires expert review.
EV00052,E00052,S004,NODE_SUPPORT_ONLY,0.56,AUTO_CURATED_NEEDS_RELATION_EVIDENCE,2026-09-27,M3 semantic curation of former MAPS_TO_TECHNOLOGY. Source supports the frontier node; direct relation evidence still requires expert review.
EV00053,E00053,S004,NODE_SUPPORT_ONLY,0.56,AUTO_CURATED_NEEDS_RELATION_EVIDENCE,2026-09-27,M3 semantic curation of former MAPS_TO_TECHNOLOGY. Source supports the frontier node; direct relation evidence still requires expert review.
EV00054,E00054,S004,NODE_SUPPORT_ONLY,0.52,AUTO_CURATED_NEEDS_RELATION_EVIDENCE,2026-09-27,M3 semantic curation of former CONTRIBUTES_TO_MEGAPROJECT. Relation is a SINERGY systems interpretation until separately evidenced.
EV00055,E00055,S005,PROVENANCE,0.95,VERIFIED_PROVENANCE,2026-09-27,Canonical source provenance.
EV00056,E00056,S005,ATTRIBUTION,0.68,CURATED_PROGRAM_ASSOCIATION,2026-09-27,Representative institution/program association; not a funding claim.
EV00057,E00057,S005,NODE_SUPPORT_ONLY,0.74,AUTO_CURATED_NEEDS_RELATION_EVIDENCE,2026-09-27,M3 semantic curation of former MAPS_TO_TECHNOLOGY. Source supports the frontier node; direct relation evidence still requires expert review.
EV00058,E00058,S005,NODE_SUPPORT_ONLY,0.74,AUTO_CURATED_NEEDS_RELATION_EVIDENCE,2026-09-27,M3 semantic curation of former MAPS_TO_TECHNOLOGY. Source supports the frontier node; direct relation evidence still requires expert review.
EV00059,E00059,S005,NODE_SUPPORT_ONLY,0.74,AUTO_CURATED_NEEDS_RELATION_EVIDENCE,2026-09-27,M3 semantic curation of former MAPS_TO_TECHNOLOGY. Source supports the frontier node; direct relation evidence still requires expert review.
EV00060,E00060,S005,NODE_SUPPORT_ONLY,0.74,AUTO_CURATED_NEEDS_RELATION_EVIDENCE,2026-09-27,M3 semantic curation of former MAPS_TO_TECHNOLOGY. Source supports the frontier node; direct relation evidence still requires expert review.
EV00061,E00061,S005,NODE_SUPPORT_ONLY,0.74,AUTO_CURATED_NEEDS_RELATION_EVIDENCE,2026-09-27,M3 semantic curation of former MAPS_TO_TECHNOLOGY. Source supports the frontier node; direct relation evidence still requires expert review.
EV00062,E00062,S005,NODE_SUPPORT_ONLY,0.74,AUTO_CURATED_NEEDS_RELATION_EVIDENCE,2026-09-27,M3 semantic curation of former MAPS_TO_TECHNOLOGY. Source supports the frontier node; direct relation evidence still requires expert review.
EV00063,E00063,S005,NODE_SUPPORT_ONLY,0.58,AUTO_CURATED_NEEDS_RELATION_EVIDENCE,2026-09-27,M3 semantic curation of former CONTRIBUTES_TO_MEGAPROJECT. Relation is a SINERGY systems interpretation until separately evidenced.
EV00064,E00064,S005,NODE_SUPPORT_ONLY,0.58,AUTO_CURATED_NEEDS_RELATION_EVIDENCE,2026-09-27,M3 semantic curation of former CONTRIBUTES_TO_MEGAPROJECT. Relation is a SINERGY systems interpretation until separately evidenced.
EV00065,E00065,S005,NODE_SUPPORT_ONLY,0.58,AUTO_CURATED_NEEDS_RELATION_EVIDENCE,2026-09-27,M3 semantic curation of former CONTRIBUTES_TO_MEGAPROJECT. Relation is a SINERGY systems interpretation until separately evidenced.
EV00066,E00066,S005,NODE_SUPPORT_ONLY,0.58,AUTO_CURATED_NEEDS_RELATION_EVIDENCE,2026-09-27,M3 semantic curation of former CONTRIBUTES_TO_MEGAPROJECT. Relation is a SINERGY systems interpretation until separately evidenced.
EV00067,E00067,S005,NODE_SUPPORT_ONLY,0.58,AUTO_CURATED_NEEDS_RELATION_EVIDENCE,2026-09-27,M3 semantic curation of former CONTRIBUTES_TO_MEGAPROJECT. Relation is a SINERGY systems interpretation until separately evidenced.
EV00068,E00068,S006,PROVENANCE,0.95,VERIFIED_PROVENANCE,2026-09-27,Canonical source provenance.
EV00069,E00069,S006,ATTRIBUTION,0.68,CURATED_PROGRAM_ASSOCIATION,2026-09-27,Representative institution/program association; not a funding claim.
EV00070,E00070,S006,NODE_SUPPORT_ONLY,0.72,AUTO_CURATED_NEEDS_RELATION_EVIDENCE,2026-09-27,M3 semantic curation of former MAPS_TO_TECHNOLOGY. Source supports the frontier node; direct relation evidence still requires expert review.
EV00071,E00071,S006,NODE_SUPPORT_ONLY,0.72,AUTO_CURATED_NEEDS_RELATION_EVIDENCE,2026-09-27,M3 semantic curation of former MAPS_TO_TECHNOLOGY. Source supports the frontier node; direct relation evidence still requires expert review.
EV00072,E00072,S006,NODE_SUPPORT_ONLY,0.72,AUTO_CURATED_NEEDS_RELATION_EVIDENCE,2026-09-27,M3 semantic curation of former MAPS_TO_TECHNOLOGY. Source supports the frontier node; direct relation evidence still requires expert review.
EV00073,E00073,S006,NODE_SUPPORT_ONLY,0.72,AUTO_CURATED_NEEDS_RELATION_EVIDENCE,2026-09-27,M3 semantic curation of former MAPS_TO_TECHNOLOGY. Source supports the frontier node; direct relation evidence still requires expert review.
EV00074,E00074,S006,NODE_SUPPORT_ONLY,0.58,AUTO_CURATED_NEEDS_RELATION_EVIDENCE,2026-09-27,M3 semantic curation of former CONTRIBUTES_TO_MEGAPROJECT. Relation is a SINERGY systems interpretation until separately evidenced.
EV00075,E00075,S006,NODE_SUPPORT_ONLY,0.58,AUTO_CURATED_NEEDS_RELATION_EVIDENCE,2026-09-27,M3 semantic curation of former CONTRIBUTES_TO_MEGAPROJECT. Relation is a SINERGY systems interpretation until separately evidenced.
EV00076,E00076,S006,NODE_SUPPORT_ONLY,0.58,AUTO_CURATED_NEEDS_RELATION_EVIDENCE,2026-09-27,M3 semantic curation of former CONTRIBUTES_TO_MEGAPROJECT. Relation is a SINERGY systems interpretation until separately evidenced.
EV00077,E00077,S006,NODE_SUPPORT_ONLY,0.58,AUTO_CURATED_NEEDS_RELATION_EVIDENCE,2026-09-27,M3 semantic curation of former CONTRIBUTES_TO_MEGAPROJECT. Relation is a SINERGY systems interpretation until separately evidenced.
EV00078,E00078,S006,NODE_SUPPORT_ONLY,0.58,AUTO_CURATED_NEEDS_RELATION_EVIDENCE,2026-09-27,M3 semantic curation of former CONTRIBUTES_TO_MEGAPROJECT. Relation is a SINERGY systems interpretation until separately evidenced.
EV00079,E00079,S007,PROVENANCE,0.95,VERIFIED_PROVENANCE,2026-09-27,Canonical source provenance.
EV00080,E00080,S007,ATTRIBUTION,0.78,CURATED_ATTRIBUTION,2026-09-27,Representative author attribution from Frontier Graph 1.0.
EV00081,E00081,S007,ATTRIBUTION,0.78,CURATED_ATTRIBUTION,2026-09-27,Representative author attribution from Frontier Graph 1.0.
EV00082,E00082,S007,ATTRIBUTION,0.68,CURATED_PROGRAM_ASSOCIATION,2026-09-27,Representative institution/program association; not a funding claim.
EV00083,E00083,S007,NODE_SUPPORT_ONLY,0.74,AUTO_CURATED_NEEDS_RELATION_EVIDENCE,2026-09-27,M3 semantic curation of former MAPS_TO_TECHNOLOGY. Source supports the frontier node; direct relation evidence still requires expert review.
EV00084,E00084,S007,NODE_SUPPORT_ONLY,0.74,AUTO_CURATED_NEEDS_RELATION_EVIDENCE,2026-09-27,M3 semantic curation of former MAPS_TO_TECHNOLOGY. Source supports the frontier node; direct relation evidence still requires expert review.
EV00085,E00085,S007,NODE_SUPPORT_ONLY,0.74,AUTO_CURATED_NEEDS_RELATION_EVIDENCE,2026-09-27,M3 semantic curation of former MAPS_TO_TECHNOLOGY. Source supports the frontier node; direct relation evidence still requires expert review.
EV00086,E00086,S007,NODE_SUPPORT_ONLY,0.74,AUTO_CURATED_NEEDS_RELATION_EVIDENCE,2026-09-27,M3 semantic curation of former MAPS_TO_TECHNOLOGY. Source supports the frontier node; direct relation evidence still requires expert review.
EV00087,E00087,S007,NODE_SUPPORT_ONLY,0.64,AUTO_CURATED_NEEDS_RELATION_EVIDENCE,2026-09-27,M3 semantic curation of former CONTRIBUTES_TO_MEGAPROJECT. Relation is a SINERGY systems interpretation until separately evidenced.
EV00088,E00088,S007,NODE_SUPPORT_ONLY,0.64,AUTO_CURATED_NEEDS_RELATION_EVIDENCE,2026-09-27,M3 semantic curation of former CONTRIBUTES_TO_MEGAPROJECT. Relation is a SINERGY systems interpretation until separately evidenced.
EV00089,E00089,S007,NODE_SUPPORT_ONLY,0.64,AUTO_CURATED_NEEDS_RELATION_EVIDENCE,2026-09-27,M3 semantic curation of former CONTRIBUTES_TO_MEGAPROJECT. Relation is a SINERGY systems interpretation until separately evidenced.
EV00090,E00090,S007,NODE_SUPPORT_ONLY,0.64,AUTO_CURATED_NEEDS_RELATION_EVIDENCE,2026-09-27,M3 semantic curation of former CONTRIBUTES_TO_MEGAPROJECT. Relation is a SINERGY systems interpretation until separately evidenced.
EV00091,E00091,S007,NODE_SUPPORT_ONLY,0.64,AUTO_CURATED_NEEDS_RELATION_EVIDENCE,2026-09-27,M3 semantic curation of former CONTRIBUTES_TO_MEGAPROJECT. Relation is a SINERGY systems interpretation until separately evidenced.
EV00092,E00092,S007,NODE_SUPPORT_ONLY,0.64,AUTO_CURATED_NEEDS_RELATION_EVIDENCE,2026-09-27,M3 semantic curation of former CONTRIBUTES_TO_MEGAPROJECT. Relation is a SINERGY systems interpretation until separately evidenced.
EV00093,E00093,S008,PROVENANCE,0.95,VERIFIED_PROVENANCE,2026-09-27,"Source validates an enabling component, not necessarily the whole SINERGY synthesis."
EV00094,E00094,S008,NODE_SUPPORT_ONLY,0.66,AUTO_CURATED_NEEDS_RELATION_EVIDENCE,2026-09-27,M3 semantic curation of former MAPS_TO_TECHNOLOGY. Source supports the frontier node; direct relation evidence still requires expert review.
EV00095,E00095,S008,NODE_SUPPORT_ONLY,0.66,AUTO_CURATED_NEEDS_RELATION_EVIDENCE,2026-09-27,M3 semantic curation of former MAPS_TO_TECHNOLOGY. Source supports the frontier node; direct relation evidence still requires expert review.
EV00096,E00096,S008,NODE_SUPPORT_ONLY,0.66,AUTO_CURATED_NEEDS_RELATION_EVIDENCE,2026-09-27,M3 semantic curation of former MAPS_TO_TECHNOLOGY. Source supports the frontier node; direct relation evidence still requires expert review.
EV00097,E00097,S008,NODE_SUPPORT_ONLY,0.66,AUTO_CURATED_NEEDS_RELATION_EVIDENCE,2026-09-27,M3 semantic curation of former MAPS_TO_TECHNOLOGY. Source supports the frontier node; direct relation evidence still requires expert review.
EV00098,E00098,S008,NODE_SUPPORT_ONLY,0.64,AUTO_CURATED_NEEDS_RELATION_EVIDENCE,2026-09-27,M3 semantic curation of former CONTRIBUTES_TO_MEGAPROJECT. Relation is a SINERGY systems interpretation until separately evidenced.
EV00099,E00099,S008,NODE_SUPPORT_ONLY,0.64,AUTO_CURATED_NEEDS_RELATION_EVIDENCE,2026-09-27,M3 semantic curation of former CONTRIBUTES_TO_MEGAPROJECT. Relation is a SINERGY systems interpretation until separately evidenced.
EV00100,E00100,S008,NODE_SUPPORT_ONLY,0.64,AUTO_CURATED_NEEDS_RELATION_EVIDENCE,2026-09-27,M3 semantic curation of former CONTRIBUTES_TO_MEGAPROJECT. Relation is a SINERGY systems interpretation until separately evidenced.
EV00101,E00101,S008,NODE_SUPPORT_ONLY,0.64,AUTO_CURATED_NEEDS_RELATION_EVIDENCE,2026-09-27,M3 semantic curation of former CONTRIBUTES_TO_MEGAPROJECT. Relation is a SINERGY systems interpretation until separately evidenced.
EV00102,E00102,S008,NODE_SUPPORT_ONLY,0.64,AUTO_CURATED_NEEDS_RELATION_EVIDENCE,2026-09-27,M3 semantic curation of former CONTRIBUTES_TO_MEGAPROJECT. Relation is a SINERGY systems interpretation until separately evidenced.
EV00103,E00103,S008,NODE_SUPPORT_ONLY,0.64,AUTO_CURATED_NEEDS_RELATION_EVIDENCE,2026-09-27,M3 semantic curation of former CONTRIBUTES_TO_MEGAPROJECT. Relation is a SINERGY systems interpretation until separately evidenced.
EV00104,E00104,S009,PROVENANCE,0.95,VERIFIED_PROVENANCE,2026-09-27,Canonical source provenance.
EV00105,E00105,S009,ATTRIBUTION,0.68,CURATED_PROGRAM_ASSOCIATION,2026-09-27,Representative institution/program association; not a funding claim.
EV00106,E00106,S009,NODE_SUPPORT_ONLY,0.70,AUTO_CURATED_NEEDS_RELATION_EVIDENCE,2026-09-27,M3 semantic curation of former MAPS_TO_TECHNOLOGY. Source supports the frontier node; direct relation evidence still requires expert review.
EV00107,E00107,S009,NODE_SUPPORT_ONLY,0.56,AUTO_CURATED_NEEDS_RELATION_EVIDENCE,2026-09-27,M3 semantic curation of former MAPS_TO_TECHNOLOGY. Source supports the frontier node; direct relation evidence still requires expert review.
EV00108,E00108,S009,NODE_SUPPORT_ONLY,0.56,AUTO_CURATED_NEEDS_RELATION_EVIDENCE,2026-09-27,M3 semantic curation of former MAPS_TO_TECHNOLOGY. Source supports the frontier node; direct relation evidence still requires expert review.
EV00109,E00109,S009,NODE_SUPPORT_ONLY,0.56,AUTO_CURATED_NEEDS_RELATION_EVIDENCE,2026-09-27,M3 semantic curation of former MAPS_TO_TECHNOLOGY. Source supports the frontier node; direct relation evidence still requires expert review.
EV00110,E00110,S009,NODE_SUPPORT_ONLY,0.56,AUTO_CURATED_NEEDS_RELATION_EVIDENCE,2026-09-27,M3 semantic curation of former MAPS_TO_TECHNOLOGY. Source supports the frontier node; direct relation evidence still requires expert review.
EV00111,E00111,S009,NODE_SUPPORT_ONLY,0.66,AUTO_CURATED_NEEDS_RELATION_EVIDENCE,2026-09-27,M3 semantic curation of former CONTRIBUTES_TO_MEGAPROJECT. Relation is a SINERGY systems interpretation until separately evidenced.
EV00112,E00112,S009,NODE_SUPPORT_ONLY,0.66,AUTO_CURATED_NEEDS_RELATION_EVIDENCE,2026-09-27,M3 semantic curation of former CONTRIBUTES_TO_MEGAPROJECT. Relation is a SINERGY systems interpretation until separately evidenced.
EV00113,E00113,S009,NODE_SUPPORT_ONLY,0.66,AUTO_CURATED_NEEDS_RELATION_EVIDENCE,2026-09-27,M3 semantic curation of former CONTRIBUTES_TO_MEGAPROJECT. Relation is a SINERGY systems interpretation until separately evidenced.
EV00114,E00114,S009,NODE_SUPPORT_ONLY,0.66,AUTO_CURATED_NEEDS_RELATION_EVIDENCE,2026-09-27,M3 semantic curation of former CONTRIBUTES_TO_MEGAPROJECT. Relation is a SINERGY systems interpretation until separately evidenced.
EV00115,E00115,S010,PROVENANCE,0.95,VERIFIED_PROVENANCE,2026-09-27,Canonical source provenance.
EV00116,E00116,S010,ATTRIBUTION,0.78,CURATED_ATTRIBUTION,2026-09-27,Representative author attribution from Frontier Graph 1.0.
EV00117,E00117,S010,ATTRIBUTION,0.78,CURATED_ATTRIBUTION,2026-09-27,Representative author attribution from Frontier Graph 1.0.
EV00118,E00118,S010,ATTRIBUTION,0.68,CURATED_PROGRAM_ASSOCIATION,2026-09-27,Representative institution/program association; not a funding claim.
EV00119,E00119,S010,NODE_SUPPORT_ONLY,0.70,AUTO_CURATED_NEEDS_RELATION_EVIDENCE,2026-09-27,M3 semantic curation of former MAPS_TO_TECHNOLOGY. Source supports the frontier node; direct relation evidence still requires expert review.
EV00120,E00120,S010,NODE_SUPPORT_ONLY,0.56,AUTO_CURATED_NEEDS_RELATION_EVIDENCE,2026-09-27,M3 semantic curation of former MAPS_TO_TECHNOLOGY. Source supports the frontier node; direct relation evidence still requires expert review.
EV00121,E00121,S010,NODE_SUPPORT_ONLY,0.56,AUTO_CURATED_NEEDS_RELATION_EVIDENCE,2026-09-27,M3 semantic curation of former MAPS_TO_TECHNOLOGY. Source supports the frontier node; direct relation evidence still requires expert review.
EV00122,E00122,S010,NODE_SUPPORT_ONLY,0.56,AUTO_CURATED_NEEDS_RELATION_EVIDENCE,2026-09-27,M3 semantic curation of former MAPS_TO_TECHNOLOGY. Source supports the frontier node; direct relation evidence still requires expert review.
EV00123,E00123,S010,NODE_SUPPORT_ONLY,0.56,AUTO_CURATED_NEEDS_RELATION_EVIDENCE,2026-09-27,M3 semantic curation of former MAPS_TO_TECHNOLOGY. Source supports the frontier node; direct relation evidence still requires expert review.
EV00124,E00124,S010,NODE_SUPPORT_ONLY,0.56,AUTO_CURATED_NEEDS_RELATION_EVIDENCE,2026-09-27,M3 semantic curation of former MAPS_TO_TECHNOLOGY. Source supports the frontier node; direct relation evidence still requires expert review.
EV00125,E00125,S010,NODE_SUPPORT_ONLY,0.58,AUTO_CURATED_NEEDS_RELATION_EVIDENCE,2026-09-27,M3 semantic curation of former CONTRIBUTES_TO_MEGAPROJECT. Relation is a SINERGY systems interpretation until separately evidenced.
EV00126,E00126,S010,NODE_SUPPORT_ONLY,0.58,AUTO_CURATED_NEEDS_RELATION_EVIDENCE,2026-09-27,M3 semantic curation of former CONTRIBUTES_TO_MEGAPROJECT. Relation is a SINERGY systems interpretation until separately evidenced.
EV00127,E00127,S010,NODE_SUPPORT_ONLY,0.58,AUTO_CURATED_NEEDS_RELATION_EVIDENCE,2026-09-27,M3 semantic curation of former CONTRIBUTES_TO_MEGAPROJECT. Relation is a SINERGY systems interpretation until separately evidenced.
EV00128,E00128,S010,NODE_SUPPORT_ONLY,0.58,AUTO_CURATED_NEEDS_RELATION_EVIDENCE,2026-09-27,M3 semantic curation of former CONTRIBUTES_TO_MEGAPROJECT. Relation is a SINERGY systems interpretation until separately evidenced.
EV00129,E00129,S003,PROVENANCE,0.95,VERIFIED_PROVENANCE,2026-09-27,"Source validates an enabling component, not necessarily the whole SINERGY synthesis."
EV00130,E00130,S003,NODE_SUPPORT_ONLY,0.66,AUTO_CURATED_NEEDS_RELATION_EVIDENCE,2026-09-27,M3 semantic curation of former MAPS_TO_TECHNOLOGY. Source supports the frontier node; direct relation evidence still requires expert review.
EV00131,E00131,S003,NODE_SUPPORT_ONLY,0.66,AUTO_CURATED_NEEDS_RELATION_EVIDENCE,2026-09-27,M3 semantic curation of former MAPS_TO_TECHNOLOGY. Source supports the frontier node; direct relation evidence still requires expert review.
EV00132,E00132,S003,NODE_SUPPORT_ONLY,0.66,AUTO_CURATED_NEEDS_RELATION_EVIDENCE,2026-09-27,M3 semantic curation of former MAPS_TO_TECHNOLOGY. Source supports the frontier node; direct relation evidence still requires expert review.
EV00133,E00133,S003,NODE_SUPPORT_ONLY,0.66,AUTO_CURATED_NEEDS_RELATION_EVIDENCE,2026-09-27,M3 semantic curation of former MAPS_TO_TECHNOLOGY. Source supports the frontier node; direct relation evidence still requires expert review.
EV00134,E00134,S003,NODE_SUPPORT_ONLY,0.66,AUTO_CURATED_NEEDS_RELATION_EVIDENCE,2026-09-27,M3 semantic curation of former MAPS_TO_TECHNOLOGY. Source supports the frontier node; direct relation evidence still requires expert review.
EV00135,E00135,S003,NODE_SUPPORT_ONLY,0.66,AUTO_CURATED_NEEDS_RELATION_EVIDENCE,2026-09-27,M3 semantic curation of former MAPS_TO_TECHNOLOGY. Source supports the frontier node; direct relation evidence still requires expert review.
EV00136,E00136,S003,NODE_SUPPORT_ONLY,0.58,AUTO_CURATED_NEEDS_RELATION_EVIDENCE,2026-09-27,M3 semantic curation of former CONTRIBUTES_TO_MEGAPROJECT. Relation is a SINERGY systems interpretation until separately evidenced.
EV00137,E00137,S003,NODE_SUPPORT_ONLY,0.58,AUTO_CURATED_NEEDS_RELATION_EVIDENCE,2026-09-27,M3 semantic curation of former CONTRIBUTES_TO_MEGAPROJECT. Relation is a SINERGY systems interpretation until separately evidenced.
EV00138,E00138,S003,NODE_SUPPORT_ONLY,0.58,AUTO_CURATED_NEEDS_RELATION_EVIDENCE,2026-09-27,M3 semantic curation of former CONTRIBUTES_TO_MEGAPROJECT. Relation is a SINERGY systems interpretation until separately evidenced.
EV00139,E00139,S003,NODE_SUPPORT_ONLY,0.58,AUTO_CURATED_NEEDS_RELATION_EVIDENCE,2026-09-27,M3 semantic curation of former CONTRIBUTES_TO_MEGAPROJECT. Relation is a SINERGY systems interpretation until separately evidenced.
EV00140,E00140,S011,PROVENANCE,0.95,VERIFIED_PROVENANCE,2026-09-27,Canonical source provenance.
EV00141,E00141,S011,ATTRIBUTION,0.78,CURATED_ATTRIBUTION,2026-09-27,Representative author attribution from Frontier Graph 1.0.
EV00142,E00142,S011,ATTRIBUTION,0.78,CURATED_ATTRIBUTION,2026-09-27,Representative author attribution from Frontier Graph 1.0.
EV00143,E00143,S011,ATTRIBUTION,0.78,CURATED_ATTRIBUTION,2026-09-27,Representative author attribution from Frontier Graph 1.0.
EV00144,E00144,S011,ATTRIBUTION,0.78,CURATED_ATTRIBUTION,2026-09-27,Representative author attribution from Frontier Graph 1.0.
EV00145,E00145,S011,ATTRIBUTION,0.78,CURATED_ATTRIBUTION,2026-09-27,Representative author attribution from Frontier Graph 1.0.
EV00146,E00146,S011,ATTRIBUTION,0.78,CURATED_ATTRIBUTION,2026-09-27,Representative author attribution from Frontier Graph 1.0.
EV00147,E00147,S011,ATTRIBUTION,0.68,CURATED_PROGRAM_ASSOCIATION,2026-09-27,Representative institution/program association; not a funding claim.
EV00148,E00148,S011,NODE_SUPPORT_ONLY,0.56,AUTO_CURATED_NEEDS_RELATION_EVIDENCE,2026-09-27,M3 semantic curation of former MAPS_TO_TECHNOLOGY. Source supports the frontier node; direct relation evidence still requires expert review.
EV00149,E00149,S011,NODE_SUPPORT_ONLY,0.56,AUTO_CURATED_NEEDS_RELATION_EVIDENCE,2026-09-27,M3 semantic curation of former MAPS_TO_TECHNOLOGY. Source supports the frontier node; direct relation evidence still requires expert review.
EV00150,E00150,S011,NODE_SUPPORT_ONLY,0.56,AUTO_CURATED_NEEDS_RELATION_EVIDENCE,2026-09-27,M3 semantic curation of former MAPS_TO_TECHNOLOGY. Source supports the frontier node; direct relation evidence still requires expert review.
EV00151,E00151,S011,NODE_SUPPORT_ONLY,0.56,AUTO_CURATED_NEEDS_RELATION_EVIDENCE,2026-09-27,M3 semantic curation of former MAPS_TO_TECHNOLOGY. Source supports the frontier node; direct relation evidence still requires expert review.
EV00152,E00152,S011,NODE_SUPPORT_ONLY,0.56,AUTO_CURATED_NEEDS_RELATION_EVIDENCE,2026-09-27,M3 semantic curation of former MAPS_TO_TECHNOLOGY. Source supports the frontier node; direct relation evidence still requires expert review.
EV00153,E00153,S011,NODE_SUPPORT_ONLY,0.56,AUTO_CURATED_NEEDS_RELATION_EVIDENCE,2026-09-27,M3 semantic curation of former MAPS_TO_TECHNOLOGY. Source supports the frontier node; direct relation evidence still requires expert review.
EV00154,E00154,S011,NODE_SUPPORT_ONLY,0.58,AUTO_CURATED_NEEDS_RELATION_EVIDENCE,2026-09-27,M3 semantic curation of former CONTRIBUTES_TO_MEGAPROJECT. Relation is a SINERGY systems interpretation until separately evidenced.
EV00155,E00155,S011,NODE_SUPPORT_ONLY,0.58,AUTO_CURATED_NEEDS_RELATION_EVIDENCE,2026-09-27,M3 semantic curation of former CONTRIBUTES_TO_MEGAPROJECT. Relation is a SINERGY systems interpretation until separately evidenced.
EV00156,E00156,S011,NODE_SUPPORT_ONLY,0.58,AUTO_CURATED_NEEDS_RELATION_EVIDENCE,2026-09-27,M3 semantic curation of former CONTRIBUTES_TO_MEGAPROJECT. Relation is a SINERGY systems interpretation until separately evidenced.
EV00157,E00157,S011,NODE_SUPPORT_ONLY,0.58,AUTO_CURATED_NEEDS_RELATION_EVIDENCE,2026-09-27,M3 semantic curation of former CONTRIBUTES_TO_MEGAPROJECT. Relation is a SINERGY systems interpretation until separately evidenced.
EV00158,E00158,S012,PROVENANCE,0.95,VERIFIED_PROVENANCE,2026-09-27,Canonical source provenance.
EV00159,E00159,S012,ATTRIBUTION,0.78,CURATED_ATTRIBUTION,2026-09-27,Representative author attribution from Frontier Graph 1.0.
EV00160,E00160,S012,ATTRIBUTION,0.78,CURATED_ATTRIBUTION,2026-09-27,Representative author attribution from Frontier Graph 1.0.
EV00161,E00161,S012,ATTRIBUTION,0.78,CURATED_ATTRIBUTION,2026-09-27,Representative author attribution from Frontier Graph 1.0.
EV00162,E00162,S012,ATTRIBUTION,0.78,CURATED_ATTRIBUTION,2026-09-27,Representative author attribution from Frontier Graph 1.0.
EV00163,E00163,S012,ATTRIBUTION,0.78,CURATED_ATTRIBUTION,2026-09-27,Representative author attribution from Frontier Graph 1.0.
EV00164,E00164,S012,NODE_SUPPORT_ONLY,0.56,AUTO_CURATED_NEEDS_RELATION_EVIDENCE,2026-09-27,M3 semantic curation of former MAPS_TO_TECHNOLOGY. Source supports the frontier node; direct relation evidence still requires expert review.
EV00165,E00165,S012,NODE_SUPPORT_ONLY,0.56,AUTO_CURATED_NEEDS_RELATION_EVIDENCE,2026-09-27,M3 semantic curation of former MAPS_TO_TECHNOLOGY. Source supports the frontier node; direct relation evidence still requires expert review.
EV00166,E00166,S012,NODE_SUPPORT_ONLY,0.56,AUTO_CURATED_NEEDS_RELATION_EVIDENCE,2026-09-27,M3 semantic curation of former MAPS_TO_TECHNOLOGY. Source supports the frontier node; direct relation evidence still requires expert review.
EV00167,E00167,S012,NODE_SUPPORT_ONLY,0.56,AUTO_CURATED_NEEDS_RELATION_EVIDENCE,2026-09-27,M3 semantic curation of former MAPS_TO_TECHNOLOGY. Source supports the frontier node; direct relation evidence still requires expert review.
EV00168,E00168,S012,NODE_SUPPORT_ONLY,0.58,AUTO_CURATED_NEEDS_RELATION_EVIDENCE,2026-09-27,M3 semantic curation of former CONTRIBUTES_TO_MEGAPROJECT. Relation is a SINERGY systems interpretation until separately evidenced.
EV00169,E00169,S012,NODE_SUPPORT_ONLY,0.58,AUTO_CURATED_NEEDS_RELATION_EVIDENCE,2026-09-27,M3 semantic curation of former CONTRIBUTES_TO_MEGAPROJECT. Relation is a SINERGY systems interpretation until separately evidenced.
EV00170,E00170,S012,NODE_SUPPORT_ONLY,0.58,AUTO_CURATED_NEEDS_RELATION_EVIDENCE,2026-09-27,M3 semantic curation of former CONTRIBUTES_TO_MEGAPROJECT. Relation is a SINERGY systems interpretation until separately evidenced.
EV00171,E00171,S013,PROVENANCE,0.95,VERIFIED_PROVENANCE,2026-09-27,Canonical source provenance.
EV00172,E00172,S013,ATTRIBUTION,0.68,CURATED_PROGRAM_ASSOCIATION,2026-09-27,Representative institution/program association; not a funding claim.
EV00173,E00173,S013,NODE_SUPPORT_ONLY,0.56,AUTO_CURATED_NEEDS_RELATION_EVIDENCE,2026-09-27,M3 semantic curation of former MAPS_TO_TECHNOLOGY. Source supports the frontier node; direct relation evidence still requires expert review.
EV00174,E00174,S013,NODE_SUPPORT_ONLY,0.56,AUTO_CURATED_NEEDS_RELATION_EVIDENCE,2026-09-27,M3 semantic curation of former MAPS_TO_TECHNOLOGY. Source supports the frontier node; direct relation evidence still requires expert review.
EV00175,E00175,S013,NODE_SUPPORT_ONLY,0.58,AUTO_CURATED_NEEDS_RELATION_EVIDENCE,2026-09-27,M3 semantic curation of former CONTRIBUTES_TO_MEGAPROJECT. Relation is a SINERGY systems interpretation until separately evidenced.
EV00176,E00176,S013,NODE_SUPPORT_ONLY,0.58,AUTO_CURATED_NEEDS_RELATION_EVIDENCE,2026-09-27,M3 semantic curation of former CONTRIBUTES_TO_MEGAPROJECT. Relation is a SINERGY systems interpretation until separately evidenced.
EV00177,E00177,S013,NODE_SUPPORT_ONLY,0.58,AUTO_CURATED_NEEDS_RELATION_EVIDENCE,2026-09-27,M3 semantic curation of former CONTRIBUTES_TO_MEGAPROJECT. Relation is a SINERGY systems interpretation until separately evidenced.
EV00178,E00178,S013,NODE_SUPPORT_ONLY,0.58,AUTO_CURATED_NEEDS_RELATION_EVIDENCE,2026-09-27,M3 semantic curation of former CONTRIBUTES_TO_MEGAPROJECT. Relation is a SINERGY systems interpretation until separately evidenced.
EV00179,E00179,S014,PROVENANCE,0.95,VERIFIED_PROVENANCE,2026-09-27,"Source validates an enabling component, not necessarily the whole SINERGY synthesis."
EV00180,E00180,S014,ATTRIBUTION,0.68,CURATED_PROGRAM_ASSOCIATION,2026-09-27,Representative institution/program association; not a funding claim.
EV00181,E00181,S014,NODE_SUPPORT_ONLY,0.66,AUTO_CURATED_NEEDS_RELATION_EVIDENCE,2026-09-27,M3 semantic curation of former MAPS_TO_TECHNOLOGY. Source supports the frontier node; direct relation evidence still requires expert review.
EV00182,E00182,S014,NODE_SUPPORT_ONLY,0.66,AUTO_CURATED_NEEDS_RELATION_EVIDENCE,2026-09-27,M3 semantic curation of former MAPS_TO_TECHNOLOGY. Source supports the frontier node; direct relation evidence still requires expert review.
EV00183,E00183,S014,NODE_SUPPORT_ONLY,0.66,AUTO_CURATED_NEEDS_RELATION_EVIDENCE,2026-09-27,M3 semantic curation of former MAPS_TO_TECHNOLOGY. Source supports the frontier node; direct relation evidence still requires expert review.
EV00184,E00184,S014,NODE_SUPPORT_ONLY,0.58,AUTO_CURATED_NEEDS_RELATION_EVIDENCE,2026-09-27,M3 semantic curation of former CONTRIBUTES_TO_MEGAPROJECT. Relation is a SINERGY systems interpretation until separately evidenced.
EV00185,E00185,S014,NODE_SUPPORT_ONLY,0.58,AUTO_CURATED_NEEDS_RELATION_EVIDENCE,2026-09-27,M3 semantic curation of former CONTRIBUTES_TO_MEGAPROJECT. Relation is a SINERGY systems interpretation until separately evidenced.
EV00186,E00186,S014,NODE_SUPPORT_ONLY,0.58,AUTO_CURATED_NEEDS_RELATION_EVIDENCE,2026-09-27,M3 semantic curation of former CONTRIBUTES_TO_MEGAPROJECT. Relation is a SINERGY systems interpretation until separately evidenced.
EV00187,E00187,S014,NODE_SUPPORT_ONLY,0.58,AUTO_CURATED_NEEDS_RELATION_EVIDENCE,2026-09-27,M3 semantic curation of former CONTRIBUTES_TO_MEGAPROJECT. Relation is a SINERGY systems interpretation until separately evidenced.
EV00188,E00188,S014,NODE_SUPPORT_ONLY,0.58,AUTO_CURATED_NEEDS_RELATION_EVIDENCE,2026-09-27,M3 semantic curation of former CONTRIBUTES_TO_MEGAPROJECT. Relation is a SINERGY systems interpretation until separately evidenced.
EV00189,E00189,S014,NODE_SUPPORT_ONLY,0.58,AUTO_CURATED_NEEDS_RELATION_EVIDENCE,2026-09-27,M3 semantic curation of former CONTRIBUTES_TO_MEGAPROJECT. Relation is a SINERGY systems interpretation until separately evidenced.
EV00190,E00190,S015,PROVENANCE,0.95,VERIFIED_PROVENANCE,2026-09-27,Canonical source provenance.
EV00191,E00191,S015,ATTRIBUTION,0.78,CURATED_ATTRIBUTION,2026-09-27,Representative author attribution from Frontier Graph 1.0.
EV00192,E00192,S015,ATTRIBUTION,0.78,CURATED_ATTRIBUTION,2026-09-27,Representative author attribution from Frontier Graph 1.0.
EV00193,E00193,S015,ATTRIBUTION,0.78,CURATED_ATTRIBUTION,2026-09-27,Representative author attribution from Frontier Graph 1.0.
EV00194,E00194,S015,ATTRIBUTION,0.78,CURATED_ATTRIBUTION,2026-09-27,Representative author attribution from Frontier Graph 1.0.
EV00195,E00195,S015,NODE_SUPPORT_ONLY,0.70,AUTO_CURATED_NEEDS_RELATION_EVIDENCE,2026-09-27,M3 semantic curation of former MAPS_TO_TECHNOLOGY. Source supports the frontier node; direct relation evidence still requires expert review.
EV00196,E00196,S015,NODE_SUPPORT_ONLY,0.56,AUTO_CURATED_NEEDS_RELATION_EVIDENCE,2026-09-27,M3 semantic curation of former MAPS_TO_TECHNOLOGY. Source supports the frontier node; direct relation evidence still requires expert review.
EV00197,E00197,S015,NODE_SUPPORT_ONLY,0.56,AUTO_CURATED_NEEDS_RELATION_EVIDENCE,2026-09-27,M3 semantic curation of former MAPS_TO_TECHNOLOGY. Source supports the frontier node; direct relation evidence still requires expert review.
EV00198,E00198,S015,NODE_SUPPORT_ONLY,0.58,AUTO_CURATED_NEEDS_RELATION_EVIDENCE,2026-09-27,M3 semantic curation of former CONTRIBUTES_TO_MEGAPROJECT. Relation is a SINERGY systems interpretation until separately evidenced.
EV00199,E00199,S015,NODE_SUPPORT_ONLY,0.58,AUTO_CURATED_NEEDS_RELATION_EVIDENCE,2026-09-27,M3 semantic curation of former CONTRIBUTES_TO_MEGAPROJECT. Relation is a SINERGY systems interpretation until separately evidenced.
EV00200,E00200,S015,NODE_SUPPORT_ONLY,0.58,AUTO_CURATED_NEEDS_RELATION_EVIDENCE,2026-09-27,M3 semantic curation of former CONTRIBUTES_TO_MEGAPROJECT. Relation is a SINERGY systems interpretation until separately evidenced.
EV00201,E00201,S015,NODE_SUPPORT_ONLY,0.58,AUTO_CURATED_NEEDS_RELATION_EVIDENCE,2026-09-27,M3 semantic curation of former CONTRIBUTES_TO_MEGAPROJECT. Relation is a SINERGY systems interpretation until separately evidenced.
EV00202,E00202,S016,PROVENANCE,0.95,VERIFIED_PROVENANCE,2026-09-27,Canonical source provenance.
EV00203,E00203,S016,ATTRIBUTION,0.78,CURATED_ATTRIBUTION,2026-09-27,Representative author attribution from Frontier Graph 1.0.
EV00204,E00204,S016,ATTRIBUTION,0.78,CURATED_ATTRIBUTION,2026-09-27,Representative author attribution from Frontier Graph 1.0.
EV00205,E00205,S016,ATTRIBUTION,0.78,CURATED_ATTRIBUTION,2026-09-27,Representative author attribution from Frontier Graph 1.0.
EV00206,E00206,S016,ATTRIBUTION,0.78,CURATED_ATTRIBUTION,2026-09-27,Representative author attribution from Frontier Graph 1.0.
EV00207,E00207,S016,ATTRIBUTION,0.78,CURATED_ATTRIBUTION,2026-09-27,Representative author attribution from Frontier Graph 1.0.
EV00208,E00208,S016,ATTRIBUTION,0.78,CURATED_ATTRIBUTION,2026-09-27,Representative author attribution from Frontier Graph 1.0.
EV00209,E00209,S016,NODE_SUPPORT_ONLY,0.66,AUTO_CURATED_NEEDS_RELATION_EVIDENCE,2026-09-27,M3 semantic curation of former MAPS_TO_TECHNOLOGY. Source supports the frontier node; direct relation evidence still requires expert review.
EV00210,E00210,S016,NODE_SUPPORT_ONLY,0.66,AUTO_CURATED_NEEDS_RELATION_EVIDENCE,2026-09-27,M3 semantic curation of former MAPS_TO_TECHNOLOGY. Source supports the frontier node; direct relation evidence still requires expert review.
EV00211,E00211,S016,NODE_SUPPORT_ONLY,0.66,AUTO_CURATED_NEEDS_RELATION_EVIDENCE,2026-09-27,M3 semantic curation of former MAPS_TO_TECHNOLOGY. Source supports the frontier node; direct relation evidence still requires expert review.
EV00212,E00212,S016,NODE_SUPPORT_ONLY,0.66,AUTO_CURATED_NEEDS_RELATION_EVIDENCE,2026-09-27,M3 semantic curation of former MAPS_TO_TECHNOLOGY. Source supports the frontier node; direct relation evidence still requires expert review.
EV00213,E00213,S016,NODE_SUPPORT_ONLY,0.52,AUTO_CURATED_NEEDS_RELATION_EVIDENCE,2026-09-27,M3 semantic curation of former CONTRIBUTES_TO_MEGAPROJECT. Relation is a SINERGY systems interpretation until separately evidenced.
EV00214,E00214,S016,NODE_SUPPORT_ONLY,0.52,AUTO_CURATED_NEEDS_RELATION_EVIDENCE,2026-09-27,M3 semantic curation of former CONTRIBUTES_TO_MEGAPROJECT. Relation is a SINERGY systems interpretation until separately evidenced.
EV00215,E00215,S001,PROVENANCE,0.95,VERIFIED_PROVENANCE,2026-09-27,"Source validates an enabling component, not necessarily the whole SINERGY synthesis."
EV00216,E00216,S001,ATTRIBUTION,0.68,CURATED_PROGRAM_ASSOCIATION,2026-09-27,Representative institution/program association; not a funding claim.
EV00217,E00217,S001,NODE_SUPPORT_ONLY,0.56,AUTO_CURATED_NEEDS_RELATION_EVIDENCE,2026-09-27,M3 semantic curation of former MAPS_TO_TECHNOLOGY. Source supports the frontier node; direct relation evidence still requires expert review.
EV00218,E00218,S001,NODE_SUPPORT_ONLY,0.56,AUTO_CURATED_NEEDS_RELATION_EVIDENCE,2026-09-27,M3 semantic curation of former MAPS_TO_TECHNOLOGY. Source supports the frontier node; direct relation evidence still requires expert review.
EV00219,E00219,S001,NODE_SUPPORT_ONLY,0.56,AUTO_CURATED_NEEDS_RELATION_EVIDENCE,2026-09-27,M3 semantic curation of former MAPS_TO_TECHNOLOGY. Source supports the frontier node; direct relation evidence still requires expert review.
EV00220,E00220,S001,NODE_SUPPORT_ONLY,0.56,AUTO_CURATED_NEEDS_RELATION_EVIDENCE,2026-09-27,M3 semantic curation of former MAPS_TO_TECHNOLOGY. Source supports the frontier node; direct relation evidence still requires expert review.
EV00221,E00221,S001,NODE_SUPPORT_ONLY,0.56,AUTO_CURATED_NEEDS_RELATION_EVIDENCE,2026-09-27,M3 semantic curation of former MAPS_TO_TECHNOLOGY. Source supports the frontier node; direct relation evidence still requires expert review.
EV00222,E00222,S001,NODE_SUPPORT_ONLY,0.56,AUTO_CURATED_NEEDS_RELATION_EVIDENCE,2026-09-27,M3 semantic curation of former MAPS_TO_TECHNOLOGY. Source supports the frontier node; direct relation evidence still requires expert review.
EV00223,E00223,S001,NODE_SUPPORT_ONLY,0.58,AUTO_CURATED_NEEDS_RELATION_EVIDENCE,2026-09-27,M3 semantic curation of former CONTRIBUTES_TO_MEGAPROJECT. Relation is a SINERGY systems interpretation until separately evidenced.
EV00224,E00224,S001,NODE_SUPPORT_ONLY,0.58,AUTO_CURATED_NEEDS_RELATION_EVIDENCE,2026-09-27,M3 semantic curation of former CONTRIBUTES_TO_MEGAPROJECT. Relation is a SINERGY systems interpretation until separately evidenced.
EV00225,E00225,S001,NODE_SUPPORT_ONLY,0.58,AUTO_CURATED_NEEDS_RELATION_EVIDENCE,2026-09-27,M3 semantic curation of former CONTRIBUTES_TO_MEGAPROJECT. Relation is a SINERGY systems interpretation until separately evidenced.
EV00226,E00226,S001,NODE_SUPPORT_ONLY,0.58,AUTO_CURATED_NEEDS_RELATION_EVIDENCE,2026-09-27,M3 semantic curation of former CONTRIBUTES_TO_MEGAPROJECT. Relation is a SINERGY systems interpretation until separately evidenced.
EV00227,E00227,S001,NODE_SUPPORT_ONLY,0.58,AUTO_CURATED_NEEDS_RELATION_EVIDENCE,2026-09-27,M3 semantic curation of former CONTRIBUTES_TO_MEGAPROJECT. Relation is a SINERGY systems interpretation until separately evidenced.
EV00228,E00228,S001,NODE_SUPPORT_ONLY,0.58,AUTO_CURATED_NEEDS_RELATION_EVIDENCE,2026-09-27,M3 semantic curation of former CONTRIBUTES_TO_MEGAPROJECT. Relation is a SINERGY systems interpretation until separately evidenced.
EV00229,E00229,S001,PROVENANCE,0.95,VERIFIED_PROVENANCE,2026-09-27,Canonical source provenance.
EV00230,E00230,S001,ATTRIBUTION,0.78,CURATED_ATTRIBUTION,2026-09-27,Representative author attribution from Frontier Graph 1.0.
EV00231,E00231,S001,ATTRIBUTION,0.68,CURATED_PROGRAM_ASSOCIATION,2026-09-27,Representative institution/program association; not a funding claim.
EV00232,E00232,S001,NODE_SUPPORT_ONLY,0.74,AUTO_CURATED_NEEDS_RELATION_EVIDENCE,2026-09-27,M3 semantic curation of former MAPS_TO_TECHNOLOGY. Source supports the frontier node; direct relation evidence still requires expert review.
EV00233,E00233,S001,NODE_SUPPORT_ONLY,0.74,AUTO_CURATED_NEEDS_RELATION_EVIDENCE,2026-09-27,M3 semantic curation of former MAPS_TO_TECHNOLOGY. Source supports the frontier node; direct relation evidence still requires expert review.
EV00234,E00234,S001,NODE_SUPPORT_ONLY,0.69,AUTO_CURATED_NEEDS_RELATION_EVIDENCE,2026-09-27,M3 semantic curation of former CONTRIBUTES_TO_MEGAPROJECT. Relation is a SINERGY systems interpretation until separately evidenced.
EV00235,E00235,S001,NODE_SUPPORT_ONLY,0.69,AUTO_CURATED_NEEDS_RELATION_EVIDENCE,2026-09-27,M3 semantic curation of former CONTRIBUTES_TO_MEGAPROJECT. Relation is a SINERGY systems interpretation until separately evidenced.
EV00236,E00236,S001,NODE_SUPPORT_ONLY,0.69,AUTO_CURATED_NEEDS_RELATION_EVIDENCE,2026-09-27,M3 semantic curation of former CONTRIBUTES_TO_MEGAPROJECT. Relation is a SINERGY systems interpretation until separately evidenced.
EV00237,E00237,S017,PROVENANCE,0.95,VERIFIED_PROVENANCE,2026-09-27,Canonical source provenance.
EV00238,E00238,S017,ATTRIBUTION,0.78,CURATED_ATTRIBUTION,2026-09-27,Representative author attribution from Frontier Graph 1.0.
EV00239,E00239,S017,ATTRIBUTION,0.68,CURATED_PROGRAM_ASSOCIATION,2026-09-27,Representative institution/program association; not a funding claim.
EV00240,E00240,S017,NODE_SUPPORT_ONLY,0.74,AUTO_CURATED_NEEDS_RELATION_EVIDENCE,2026-09-27,M3 semantic curation of former MAPS_TO_TECHNOLOGY. Source supports the frontier node; direct relation evidence still requires expert review.
EV00241,E00241,S017,NODE_SUPPORT_ONLY,0.74,AUTO_CURATED_NEEDS_RELATION_EVIDENCE,2026-09-27,M3 semantic curation of former MAPS_TO_TECHNOLOGY. Source supports the frontier node; direct relation evidence still requires expert review.
EV00242,E00242,S017,NODE_SUPPORT_ONLY,0.69,AUTO_CURATED_NEEDS_RELATION_EVIDENCE,2026-09-27,M3 semantic curation of former CONTRIBUTES_TO_MEGAPROJECT. Relation is a SINERGY systems interpretation until separately evidenced.
EV00243,E00243,S017,NODE_SUPPORT_ONLY,0.69,AUTO_CURATED_NEEDS_RELATION_EVIDENCE,2026-09-27,M3 semantic curation of former CONTRIBUTES_TO_MEGAPROJECT. Relation is a SINERGY systems interpretation until separately evidenced.
EV00244,E00244,S017,NODE_SUPPORT_ONLY,0.69,AUTO_CURATED_NEEDS_RELATION_EVIDENCE,2026-09-27,M3 semantic curation of former CONTRIBUTES_TO_MEGAPROJECT. Relation is a SINERGY systems interpretation until separately evidenced.
EV00245,E00245,S016,PROVENANCE,0.95,VERIFIED_PROVENANCE,2026-09-27,Canonical source provenance.
EV00246,E00246,S016,ATTRIBUTION,0.78,CURATED_ATTRIBUTION,2026-09-27,Representative author attribution from Frontier Graph 1.0.
EV00247,E00247,S016,ATTRIBUTION,0.68,CURATED_PROGRAM_ASSOCIATION,2026-09-27,Representative institution/program association; not a funding claim.
EV00248,E00248,S016,NODE_SUPPORT_ONLY,0.66,AUTO_CURATED_NEEDS_RELATION_EVIDENCE,2026-09-27,M3 semantic curation of former MAPS_TO_TECHNOLOGY. Source supports the frontier node; direct relation evidence still requires expert review.
EV00249,E00249,S016,NODE_SUPPORT_ONLY,0.66,AUTO_CURATED_NEEDS_RELATION_EVIDENCE,2026-09-27,M3 semantic curation of former MAPS_TO_TECHNOLOGY. Source supports the frontier node; direct relation evidence still requires expert review.
EV00250,E00250,S016,NODE_SUPPORT_ONLY,0.66,AUTO_CURATED_NEEDS_RELATION_EVIDENCE,2026-09-27,M3 semantic curation of former MAPS_TO_TECHNOLOGY. Source supports the frontier node; direct relation evidence still requires expert review.
EV00251,E00251,S016,NODE_SUPPORT_ONLY,0.66,AUTO_CURATED_NEEDS_RELATION_EVIDENCE,2026-09-27,M3 semantic curation of former MAPS_TO_TECHNOLOGY. Source supports the frontier node; direct relation evidence still requires expert review.
EV00252,E00252,S016,NODE_SUPPORT_ONLY,0.52,AUTO_CURATED_NEEDS_RELATION_EVIDENCE,2026-09-27,M3 semantic curation of former CONTRIBUTES_TO_MEGAPROJECT. Relation is a SINERGY systems interpretation until separately evidenced.
EV00253,E00253,S016,NODE_SUPPORT_ONLY,0.52,AUTO_CURATED_NEEDS_RELATION_EVIDENCE,2026-09-27,M3 semantic curation of former CONTRIBUTES_TO_MEGAPROJECT. Relation is a SINERGY systems interpretation until separately evidenced.
EV00254,E00254,S018,PROVENANCE,0.95,VERIFIED_PROVENANCE,2026-09-27,"Source validates an enabling component, not necessarily the whole SINERGY synthesis."
EV00255,E00255,S018,ATTRIBUTION,0.78,CURATED_ATTRIBUTION,2026-09-27,Representative author attribution from Frontier Graph 1.0.
EV00256,E00256,S018,ATTRIBUTION,0.78,CURATED_ATTRIBUTION,2026-09-27,Representative author attribution from Frontier Graph 1.0.
EV00257,E00257,S018,ATTRIBUTION,0.78,CURATED_ATTRIBUTION,2026-09-27,Representative author attribution from Frontier Graph 1.0.
EV00258,E00258,S018,ATTRIBUTION,0.78,CURATED_ATTRIBUTION,2026-09-27,Representative author attribution from Frontier Graph 1.0.
EV00259,E00259,S018,ATTRIBUTION,0.78,CURATED_ATTRIBUTION,2026-09-27,Representative author attribution from Frontier Graph 1.0.
EV00260,E00260,S018,NODE_SUPPORT_ONLY,0.56,AUTO_CURATED_NEEDS_RELATION_EVIDENCE,2026-09-27,M3 semantic curation of former MAPS_TO_TECHNOLOGY. Source supports the frontier node; direct relation evidence still requires expert review.
EV00261,E00261,S018,NODE_SUPPORT_ONLY,0.56,AUTO_CURATED_NEEDS_RELATION_EVIDENCE,2026-09-27,M3 semantic curation of former MAPS_TO_TECHNOLOGY. Source supports the frontier node; direct relation evidence still requires expert review.
EV00262,E00262,S018,NODE_SUPPORT_ONLY,0.56,AUTO_CURATED_NEEDS_RELATION_EVIDENCE,2026-09-27,M3 semantic curation of former MAPS_TO_TECHNOLOGY. Source supports the frontier node; direct relation evidence still requires expert review.
EV00263,E00263,S018,NODE_SUPPORT_ONLY,0.56,AUTO_CURATED_NEEDS_RELATION_EVIDENCE,2026-09-27,M3 semantic curation of former MAPS_TO_TECHNOLOGY. Source supports the frontier node; direct relation evidence still requires expert review.
EV00264,E00264,S018,NODE_SUPPORT_ONLY,0.64,AUTO_CURATED_NEEDS_RELATION_EVIDENCE,2026-09-27,M3 semantic curation of former CONTRIBUTES_TO_MEGAPROJECT. Relation is a SINERGY systems interpretation until separately evidenced.
EV00265,E00265,S018,NODE_SUPPORT_ONLY,0.64,AUTO_CURATED_NEEDS_RELATION_EVIDENCE,2026-09-27,M3 semantic curation of former CONTRIBUTES_TO_MEGAPROJECT. Relation is a SINERGY systems interpretation until separately evidenced.
EV00266,E00266,S018,NODE_SUPPORT_ONLY,0.64,AUTO_CURATED_NEEDS_RELATION_EVIDENCE,2026-09-27,M3 semantic curation of former CONTRIBUTES_TO_MEGAPROJECT. Relation is a SINERGY systems interpretation until separately evidenced.
EV00267,E00267,S018,NODE_SUPPORT_ONLY,0.64,AUTO_CURATED_NEEDS_RELATION_EVIDENCE,2026-09-27,M3 semantic curation of former CONTRIBUTES_TO_MEGAPROJECT. Relation is a SINERGY systems interpretation until separately evidenced.
EV00268,E00268,S018,NODE_SUPPORT_ONLY,0.64,AUTO_CURATED_NEEDS_RELATION_EVIDENCE,2026-09-27,M3 semantic curation of former CONTRIBUTES_TO_MEGAPROJECT. Relation is a SINERGY systems interpretation until separately evidenced.
EV00269,E00269,S019,PROVENANCE,0.95,VERIFIED_PROVENANCE,2026-09-27,"Source validates an enabling component, not necessarily the whole SINERGY synthesis."
EV00270,E00270,S019,ATTRIBUTION,0.78,CURATED_ATTRIBUTION,2026-09-27,Representative author attribution from Frontier Graph 1.0.
EV00271,E00271,S019,NODE_SUPPORT_ONLY,0.56,AUTO_CURATED_NEEDS_RELATION_EVIDENCE,2026-09-27,M3 semantic curation of former MAPS_TO_TECHNOLOGY. Source supports the frontier node; direct relation evidence still requires expert review.
EV00272,E00272,S019,NODE_SUPPORT_ONLY,0.56,AUTO_CURATED_NEEDS_RELATION_EVIDENCE,2026-09-27,M3 semantic curation of former MAPS_TO_TECHNOLOGY. Source supports the frontier node; direct relation evidence still requires expert review.
EV00273,E00273,S019,NODE_SUPPORT_ONLY,0.58,AUTO_CURATED_NEEDS_RELATION_EVIDENCE,2026-09-27,M3 semantic curation of former CONTRIBUTES_TO_MEGAPROJECT. Relation is a SINERGY systems interpretation until separately evidenced.
EV00274,E00274,S019,NODE_SUPPORT_ONLY,0.58,AUTO_CURATED_NEEDS_RELATION_EVIDENCE,2026-09-27,M3 semantic curation of former CONTRIBUTES_TO_MEGAPROJECT. Relation is a SINERGY systems interpretation until separately evidenced.
EV00275,E00275,S019,NODE_SUPPORT_ONLY,0.58,AUTO_CURATED_NEEDS_RELATION_EVIDENCE,2026-09-27,M3 semantic curation of former CONTRIBUTES_TO_MEGAPROJECT. Relation is a SINERGY systems interpretation until separately evidenced.
EV00276,E00276,S019,NODE_SUPPORT_ONLY,0.58,AUTO_CURATED_NEEDS_RELATION_EVIDENCE,2026-09-27,M3 semantic curation of former CONTRIBUTES_TO_MEGAPROJECT. Relation is a SINERGY systems interpretation until separately evidenced.
EV00277,E00277,S020,PROVENANCE,0.95,VERIFIED_PROVENANCE,2026-09-27,Canonical source provenance.
EV00278,E00278,S020,ATTRIBUTION,0.68,CURATED_PROGRAM_ASSOCIATION,2026-09-27,Representative institution/program association; not a funding claim.
EV00279,E00279,S020,NODE_SUPPORT_ONLY,0.56,AUTO_CURATED_NEEDS_RELATION_EVIDENCE,2026-09-27,M3 semantic curation of former MAPS_TO_TECHNOLOGY. Source supports the frontier node; direct relation evidence still requires expert review.
EV00280,E00280,S020,NODE_SUPPORT_ONLY,0.56,AUTO_CURATED_NEEDS_RELATION_EVIDENCE,2026-09-27,M3 semantic curation of former MAPS_TO_TECHNOLOGY. Source supports the frontier node; direct relation evidence still requires expert review.
EV00281,E00281,S020,NODE_SUPPORT_ONLY,0.56,AUTO_CURATED_NEEDS_RELATION_EVIDENCE,2026-09-27,M3 semantic curation of former MAPS_TO_TECHNOLOGY. Source supports the frontier node; direct relation evidence still requires expert review.
EV00282,E00282,S020,NODE_SUPPORT_ONLY,0.56,AUTO_CURATED_NEEDS_RELATION_EVIDENCE,2026-09-27,M3 semantic curation of former MAPS_TO_TECHNOLOGY. Source supports the frontier node; direct relation evidence still requires expert review.
EV00283,E00283,S020,NODE_SUPPORT_ONLY,0.58,AUTO_CURATED_NEEDS_RELATION_EVIDENCE,2026-09-27,M3 semantic curation of former CONTRIBUTES_TO_MEGAPROJECT. Relation is a SINERGY systems interpretation until separately evidenced.
EV00284,E00284,S020,NODE_SUPPORT_ONLY,0.58,AUTO_CURATED_NEEDS_RELATION_EVIDENCE,2026-09-27,M3 semantic curation of former CONTRIBUTES_TO_MEGAPROJECT. Relation is a SINERGY systems interpretation until separately evidenced.
EV00285,E00285,S020,NODE_SUPPORT_ONLY,0.58,AUTO_CURATED_NEEDS_RELATION_EVIDENCE,2026-09-27,M3 semantic curation of former CONTRIBUTES_TO_MEGAPROJECT. Relation is a SINERGY systems interpretation until separately evidenced.
EV00286,E00286,S020,NODE_SUPPORT_ONLY,0.58,AUTO_CURATED_NEEDS_RELATION_EVIDENCE,2026-09-27,M3 semantic curation of former CONTRIBUTES_TO_MEGAPROJECT. Relation is a SINERGY systems interpretation until separately evidenced.
EV00287,E00287,S020,NODE_SUPPORT_ONLY,0.68,AUTO_CURATED_NEEDS_RELATION_EVIDENCE,2026-09-27,M3 semantic curation of former CONTRIBUTES_TO_MEGAPROJECT. Relation is a SINERGY systems interpretation until separately evidenced.
EV00288,E00288,S020,NODE_SUPPORT_ONLY,0.68,AUTO_CURATED_NEEDS_RELATION_EVIDENCE,2026-09-27,M3 semantic curation of former CONTRIBUTES_TO_MEGAPROJECT. Relation is a SINERGY systems interpretation until separately evidenced.
EV00289,E00289,S021,PROVENANCE,0.95,VERIFIED_PROVENANCE,2026-09-27,Canonical source provenance.
EV00290,E00290,S021,ATTRIBUTION,0.78,CURATED_ATTRIBUTION,2026-09-27,Representative author attribution from Frontier Graph 1.0.
EV00291,E00291,S021,ATTRIBUTION,0.78,CURATED_ATTRIBUTION,2026-09-27,Representative author attribution from Frontier Graph 1.0.
EV00292,E00292,S021,ATTRIBUTION,0.78,CURATED_ATTRIBUTION,2026-09-27,Representative author attribution from Frontier Graph 1.0.
EV00293,E00293,S021,ATTRIBUTION,0.68,CURATED_PROGRAM_ASSOCIATION,2026-09-27,Representative institution/program association; not a funding claim.
EV00294,E00294,S021,NODE_SUPPORT_ONLY,0.66,AUTO_CURATED_NEEDS_RELATION_EVIDENCE,2026-09-27,M3 semantic curation of former MAPS_TO_TECHNOLOGY. Source supports the frontier node; direct relation evidence still requires expert review.
EV00295,E00295,S021,NODE_SUPPORT_ONLY,0.52,AUTO_CURATED_NEEDS_RELATION_EVIDENCE,2026-09-27,M3 semantic curation of former CONTRIBUTES_TO_MEGAPROJECT. Relation is a SINERGY systems interpretation until separately evidenced.
EV00296,E00296,S021,NODE_SUPPORT_ONLY,0.52,AUTO_CURATED_NEEDS_RELATION_EVIDENCE,2026-09-27,M3 semantic curation of former CONTRIBUTES_TO_MEGAPROJECT. Relation is a SINERGY systems interpretation until separately evidenced.
EV00297,E00297,S021,NODE_SUPPORT_ONLY,0.52,AUTO_CURATED_NEEDS_RELATION_EVIDENCE,2026-09-27,M3 semantic curation of former CONTRIBUTES_TO_MEGAPROJECT. Relation is a SINERGY systems interpretation until separately evidenced.
EV00298,E00298,S021,NODE_SUPPORT_ONLY,0.52,AUTO_CURATED_NEEDS_RELATION_EVIDENCE,2026-09-27,M3 semantic curation of former CONTRIBUTES_TO_MEGAPROJECT. Relation is a SINERGY systems interpretation until separately evidenced.
EV00299,E00299,S021,NODE_SUPPORT_ONLY,0.68,AUTO_CURATED_NEEDS_RELATION_EVIDENCE,2026-09-27,M3 semantic curation of former CONTRIBUTES_TO_MEGAPROJECT. Relation is a SINERGY systems interpretation until separately evidenced.
EV00300,E00300,S021,NODE_SUPPORT_ONLY,0.68,AUTO_CURATED_NEEDS_RELATION_EVIDENCE,2026-09-27,M3 semantic curation of former CONTRIBUTES_TO_MEGAPROJECT. Relation is a SINERGY systems interpretation until separately evidenced.
EV00301,E00301,S022,PROVENANCE,0.95,VERIFIED_PROVENANCE,2026-09-27,Canonical source provenance.
EV00302,E00302,S022,ATTRIBUTION,0.68,CURATED_PROGRAM_ASSOCIATION,2026-09-27,Representative institution/program association; not a funding claim.
EV00303,E00303,S022,NODE_SUPPORT_ONLY,0.56,AUTO_CURATED_NEEDS_RELATION_EVIDENCE,2026-09-27,M3 semantic curation of former MAPS_TO_TECHNOLOGY. Source supports the frontier node; direct relation evidence still requires expert review.
EV00304,E00304,S022,NODE_SUPPORT_ONLY,0.56,AUTO_CURATED_NEEDS_RELATION_EVIDENCE,2026-09-27,M3 semantic curation of former MAPS_TO_TECHNOLOGY. Source supports the frontier node; direct relation evidence still requires expert review.
EV00305,E00305,S022,NODE_SUPPORT_ONLY,0.56,AUTO_CURATED_NEEDS_RELATION_EVIDENCE,2026-09-27,M3 semantic curation of former MAPS_TO_TECHNOLOGY. Source supports the frontier node; direct relation evidence still requires expert review.
EV00306,E00306,S022,NODE_SUPPORT_ONLY,0.52,AUTO_CURATED_NEEDS_RELATION_EVIDENCE,2026-09-27,M3 semantic curation of former CONTRIBUTES_TO_MEGAPROJECT. Relation is a SINERGY systems interpretation until separately evidenced.
EV00307,E00307,S022,NODE_SUPPORT_ONLY,0.52,AUTO_CURATED_NEEDS_RELATION_EVIDENCE,2026-09-27,M3 semantic curation of former CONTRIBUTES_TO_MEGAPROJECT. Relation is a SINERGY systems interpretation until separately evidenced.
EV00308,E00308,S022,NODE_SUPPORT_ONLY,0.52,AUTO_CURATED_NEEDS_RELATION_EVIDENCE,2026-09-27,M3 semantic curation of former CONTRIBUTES_TO_MEGAPROJECT. Relation is a SINERGY systems interpretation until separately evidenced.
EV00309,E00309,S022,NODE_SUPPORT_ONLY,0.52,AUTO_CURATED_NEEDS_RELATION_EVIDENCE,2026-09-27,M3 semantic curation of former CONTRIBUTES_TO_MEGAPROJECT. Relation is a SINERGY systems interpretation until separately evidenced.
EV00310,E00310,S022,NODE_SUPPORT_ONLY,0.68,AUTO_CURATED_NEEDS_RELATION_EVIDENCE,2026-09-27,M3 semantic curation of former CONTRIBUTES_TO_MEGAPROJECT. Relation is a SINERGY systems interpretation until separately evidenced.
EV00311,E00311,S022,NODE_SUPPORT_ONLY,0.68,AUTO_CURATED_NEEDS_RELATION_EVIDENCE,2026-09-27,M3 semantic curation of former CONTRIBUTES_TO_MEGAPROJECT. Relation is a SINERGY systems interpretation until separately evidenced.
EV00312,E00312,S007,PROVENANCE,0.95,VERIFIED_PROVENANCE,2026-09-27,Canonical source provenance.
EV00313,E00313,S007,ATTRIBUTION,0.78,CURATED_ATTRIBUTION,2026-09-27,Representative author attribution from Frontier Graph 1.0.
EV00314,E00314,S007,ATTRIBUTION,0.78,CURATED_ATTRIBUTION,2026-09-27,Representative author attribution from Frontier Graph 1.0.
EV00315,E00315,S007,ATTRIBUTION,0.68,CURATED_PROGRAM_ASSOCIATION,2026-09-27,Representative institution/program association; not a funding claim.
EV00316,E00316,S007,NODE_SUPPORT_ONLY,0.56,AUTO_CURATED_NEEDS_RELATION_EVIDENCE,2026-09-27,M3 semantic curation of former MAPS_TO_TECHNOLOGY. Source supports the frontier node; direct relation evidence still requires expert review.
EV00317,E00317,S007,NODE_SUPPORT_ONLY,0.56,AUTO_CURATED_NEEDS_RELATION_EVIDENCE,2026-09-27,M3 semantic curation of former MAPS_TO_TECHNOLOGY. Source supports the frontier node; direct relation evidence still requires expert review.
EV00318,E00318,S007,NODE_SUPPORT_ONLY,0.56,AUTO_CURATED_NEEDS_RELATION_EVIDENCE,2026-09-27,M3 semantic curation of former MAPS_TO_TECHNOLOGY. Source supports the frontier node; direct relation evidence still requires expert review.
EV00319,E00319,S007,NODE_SUPPORT_ONLY,0.56,AUTO_CURATED_NEEDS_RELATION_EVIDENCE,2026-09-27,M3 semantic curation of former MAPS_TO_TECHNOLOGY. Source supports the frontier node; direct relation evidence still requires expert review.
EV00320,E00320,S007,NODE_SUPPORT_ONLY,0.58,AUTO_CURATED_NEEDS_RELATION_EVIDENCE,2026-09-27,M3 semantic curation of former CONTRIBUTES_TO_MEGAPROJECT. Relation is a SINERGY systems interpretation until separately evidenced.
EV00321,E00321,S007,NODE_SUPPORT_ONLY,0.58,AUTO_CURATED_NEEDS_RELATION_EVIDENCE,2026-09-27,M3 semantic curation of former CONTRIBUTES_TO_MEGAPROJECT. Relation is a SINERGY systems interpretation until separately evidenced.
EV00322,E00322,S007,NODE_SUPPORT_ONLY,0.58,AUTO_CURATED_NEEDS_RELATION_EVIDENCE,2026-09-27,M3 semantic curation of former CONTRIBUTES_TO_MEGAPROJECT. Relation is a SINERGY systems interpretation until separately evidenced.
EV00323,E00323,S007,NODE_SUPPORT_ONLY,0.58,AUTO_CURATED_NEEDS_RELATION_EVIDENCE,2026-09-27,M3 semantic curation of former CONTRIBUTES_TO_MEGAPROJECT. Relation is a SINERGY systems interpretation until separately evidenced.
EV00324,E00324,S007,NODE_SUPPORT_ONLY,0.58,AUTO_CURATED_NEEDS_RELATION_EVIDENCE,2026-09-27,M3 semantic curation of former CONTRIBUTES_TO_MEGAPROJECT. Relation is a SINERGY systems interpretation until separately evidenced.
EV00325,E00325,S007,NODE_SUPPORT_ONLY,0.58,AUTO_CURATED_NEEDS_RELATION_EVIDENCE,2026-09-27,M3 semantic curation of former CONTRIBUTES_TO_MEGAPROJECT. Relation is a SINERGY systems interpretation until separately evidenced.
EV00326,E00326,S023,PROVENANCE,0.95,VERIFIED_PROVENANCE,2026-09-27,"Source validates an enabling component, not necessarily the whole SINERGY synthesis."
EV00327,E00327,S023,ATTRIBUTION,0.78,CURATED_ATTRIBUTION,2026-09-27,Representative author attribution from Frontier Graph 1.0.
EV00328,E00328,S023,NODE_SUPPORT_ONLY,0.56,AUTO_CURATED_NEEDS_RELATION_EVIDENCE,2026-09-27,M3 semantic curation of former MAPS_TO_TECHNOLOGY. Source supports the frontier node; direct relation evidence still requires expert review.
EV00329,E00329,S023,NODE_SUPPORT_ONLY,0.56,AUTO_CURATED_NEEDS_RELATION_EVIDENCE,2026-09-27,M3 semantic curation of former MAPS_TO_TECHNOLOGY. Source supports the frontier node; direct relation evidence still requires expert review.
EV00330,E00330,S023,NODE_SUPPORT_ONLY,0.56,AUTO_CURATED_NEEDS_RELATION_EVIDENCE,2026-09-27,M3 semantic curation of former MAPS_TO_TECHNOLOGY. Source supports the frontier node; direct relation evidence still requires expert review.
EV00331,E00331,S023,NODE_SUPPORT_ONLY,0.52,AUTO_CURATED_NEEDS_RELATION_EVIDENCE,2026-09-27,M3 semantic curation of former CONTRIBUTES_TO_MEGAPROJECT. Relation is a SINERGY systems interpretation until separately evidenced.
EV00332,E00332,S023,NODE_SUPPORT_ONLY,0.52,AUTO_CURATED_NEEDS_RELATION_EVIDENCE,2026-09-27,M3 semantic curation of former CONTRIBUTES_TO_MEGAPROJECT. Relation is a SINERGY systems interpretation until separately evidenced.
EV00333,E00333,S019,PROVENANCE,0.95,VERIFIED_PROVENANCE,2026-09-27,Canonical source provenance.
EV00334,E00334,S019,ATTRIBUTION,0.78,CURATED_ATTRIBUTION,2026-09-27,Representative author attribution from Frontier Graph 1.0.
EV00335,E00335,S019,ATTRIBUTION,0.78,CURATED_ATTRIBUTION,2026-09-27,Representative author attribution from Frontier Graph 1.0.
EV00336,E00336,S019,ATTRIBUTION,0.78,CURATED_ATTRIBUTION,2026-09-27,Representative author attribution from Frontier Graph 1.0.
EV00337,E00337,S019,ATTRIBUTION,0.78,CURATED_ATTRIBUTION,2026-09-27,Representative author attribution from Frontier Graph 1.0.
EV00338,E00338,S019,ATTRIBUTION,0.78,CURATED_ATTRIBUTION,2026-09-27,Representative author attribution from Frontier Graph 1.0.
EV00339,E00339,S019,ATTRIBUTION,0.78,CURATED_ATTRIBUTION,2026-09-27,Representative author attribution from Frontier Graph 1.0.
EV00340,E00340,S019,ATTRIBUTION,0.78,CURATED_ATTRIBUTION,2026-09-27,Representative author attribution from Frontier Graph 1.0.
EV00341,E00341,S019,NODE_SUPPORT_ONLY,0.66,AUTO_CURATED_NEEDS_RELATION_EVIDENCE,2026-09-27,M3 semantic curation of former MAPS_TO_TECHNOLOGY. Source supports the frontier node; direct relation evidence still requires expert review.
EV00342,E00342,S019,NODE_SUPPORT_ONLY,0.66,AUTO_CURATED_NEEDS_RELATION_EVIDENCE,2026-09-27,M3 semantic curation of former MAPS_TO_TECHNOLOGY. Source supports the frontier node; direct relation evidence still requires expert review.
EV00343,E00343,S019,NODE_SUPPORT_ONLY,0.66,AUTO_CURATED_NEEDS_RELATION_EVIDENCE,2026-09-27,M3 semantic curation of former MAPS_TO_TECHNOLOGY. Source supports the frontier node; direct relation evidence still requires expert review.
EV00344,E00344,S019,NODE_SUPPORT_ONLY,0.66,AUTO_CURATED_NEEDS_RELATION_EVIDENCE,2026-09-27,M3 semantic curation of former MAPS_TO_TECHNOLOGY. Source supports the frontier node; direct relation evidence still requires expert review.
EV00345,E00345,S019,NODE_SUPPORT_ONLY,0.58,AUTO_CURATED_NEEDS_RELATION_EVIDENCE,2026-09-27,M3 semantic curation of former CONTRIBUTES_TO_MEGAPROJECT. Relation is a SINERGY systems interpretation until separately evidenced.
EV00346,E00346,S019,NODE_SUPPORT_ONLY,0.58,AUTO_CURATED_NEEDS_RELATION_EVIDENCE,2026-09-27,M3 semantic curation of former CONTRIBUTES_TO_MEGAPROJECT. Relation is a SINERGY systems interpretation until separately evidenced.
EV00347,E00347,S024,PROVENANCE,0.95,VERIFIED_PROVENANCE,2026-09-27,Canonical source provenance.
EV00348,E00348,S024,ATTRIBUTION,0.78,CURATED_ATTRIBUTION,2026-09-27,Representative author attribution from Frontier Graph 1.0.
EV00349,E00349,S024,ATTRIBUTION,0.78,CURATED_ATTRIBUTION,2026-09-27,Representative author attribution from Frontier Graph 1.0.
EV00350,E00350,S024,ATTRIBUTION,0.78,CURATED_ATTRIBUTION,2026-09-27,Representative author attribution from Frontier Graph 1.0.
EV00351,E00351,S024,NODE_SUPPORT_ONLY,0.56,AUTO_CURATED_NEEDS_RELATION_EVIDENCE,2026-09-27,M3 semantic curation of former MAPS_TO_TECHNOLOGY. Source supports the frontier node; direct relation evidence still requires expert review.
EV00352,E00352,S024,NODE_SUPPORT_ONLY,0.56,AUTO_CURATED_NEEDS_RELATION_EVIDENCE,2026-09-27,M3 semantic curation of former MAPS_TO_TECHNOLOGY. Source supports the frontier node; direct relation evidence still requires expert review.
EV00353,E00353,S024,NODE_SUPPORT_ONLY,0.56,AUTO_CURATED_NEEDS_RELATION_EVIDENCE,2026-09-27,M3 semantic curation of former MAPS_TO_TECHNOLOGY. Source supports the frontier node; direct relation evidence still requires expert review.
EV00354,E00354,S024,NODE_SUPPORT_ONLY,0.56,AUTO_CURATED_NEEDS_RELATION_EVIDENCE,2026-09-27,M3 semantic curation of former MAPS_TO_TECHNOLOGY. Source supports the frontier node; direct relation evidence still requires expert review.
EV00355,E00355,S024,NODE_SUPPORT_ONLY,0.58,AUTO_CURATED_NEEDS_RELATION_EVIDENCE,2026-09-27,M3 semantic curation of former CONTRIBUTES_TO_MEGAPROJECT. Relation is a SINERGY systems interpretation until separately evidenced.
EV00356,E00356,S024,NODE_SUPPORT_ONLY,0.58,AUTO_CURATED_NEEDS_RELATION_EVIDENCE,2026-09-27,M3 semantic curation of former CONTRIBUTES_TO_MEGAPROJECT. Relation is a SINERGY systems interpretation until separately evidenced.
EV00357,E00357,S025,PROVENANCE,0.95,VERIFIED_PROVENANCE,2026-09-27,Canonical source provenance.
EV00358,E00358,S025,ATTRIBUTION,0.78,CURATED_ATTRIBUTION,2026-09-27,Representative author attribution from Frontier Graph 1.0.
EV00359,E00359,S025,ATTRIBUTION,0.78,CURATED_ATTRIBUTION,2026-09-27,Representative author attribution from Frontier Graph 1.0.
EV00360,E00360,S025,ATTRIBUTION,0.78,CURATED_ATTRIBUTION,2026-09-27,Representative author attribution from Frontier Graph 1.0.
EV00361,E00361,S025,ATTRIBUTION,0.78,CURATED_ATTRIBUTION,2026-09-27,Representative author attribution from Frontier Graph 1.0.
EV00362,E00362,S025,ATTRIBUTION,0.78,CURATED_ATTRIBUTION,2026-09-27,Representative author attribution from Frontier Graph 1.0.
EV00363,E00363,S025,ATTRIBUTION,0.78,CURATED_ATTRIBUTION,2026-09-27,Representative author attribution from Frontier Graph 1.0.
EV00364,E00364,S025,NODE_SUPPORT_ONLY,0.66,AUTO_CURATED_NEEDS_RELATION_EVIDENCE,2026-09-27,M3 semantic curation of former MAPS_TO_TECHNOLOGY. Source supports the frontier node; direct relation evidence still requires expert review.
EV00365,E00365,S025,NODE_SUPPORT_ONLY,0.66,AUTO_CURATED_NEEDS_RELATION_EVIDENCE,2026-09-27,M3 semantic curation of former MAPS_TO_TECHNOLOGY. Source supports the frontier node; direct relation evidence still requires expert review.
EV00366,E00366,S025,NODE_SUPPORT_ONLY,0.66,AUTO_CURATED_NEEDS_RELATION_EVIDENCE,2026-09-27,M3 semantic curation of former MAPS_TO_TECHNOLOGY. Source supports the frontier node; direct relation evidence still requires expert review.
EV00367,E00367,S025,NODE_SUPPORT_ONLY,0.66,AUTO_CURATED_NEEDS_RELATION_EVIDENCE,2026-09-27,M3 semantic curation of former MAPS_TO_TECHNOLOGY. Source supports the frontier node; direct relation evidence still requires expert review.
EV00368,E00368,S025,NODE_SUPPORT_ONLY,0.58,AUTO_CURATED_NEEDS_RELATION_EVIDENCE,2026-09-27,M3 semantic curation of former CONTRIBUTES_TO_MEGAPROJECT. Relation is a SINERGY systems interpretation until separately evidenced.
EV00369,E00369,S025,NODE_SUPPORT_ONLY,0.58,AUTO_CURATED_NEEDS_RELATION_EVIDENCE,2026-09-27,M3 semantic curation of former CONTRIBUTES_TO_MEGAPROJECT. Relation is a SINERGY systems interpretation until separately evidenced.
EV00370,E00370,S026,PROVENANCE,0.95,VERIFIED_PROVENANCE,2026-09-27,Canonical source provenance.
EV00371,E00371,S026,ATTRIBUTION,0.78,CURATED_ATTRIBUTION,2026-09-27,Representative author attribution from Frontier Graph 1.0.
EV00372,E00372,S026,ATTRIBUTION,0.78,CURATED_ATTRIBUTION,2026-09-27,Representative author attribution from Frontier Graph 1.0.
EV00373,E00373,S026,ATTRIBUTION,0.78,CURATED_ATTRIBUTION,2026-09-27,Representative author attribution from Frontier Graph 1.0.
EV00374,E00374,S026,NODE_SUPPORT_ONLY,0.56,AUTO_CURATED_NEEDS_RELATION_EVIDENCE,2026-09-27,M3 semantic curation of former MAPS_TO_TECHNOLOGY. Source supports the frontier node; direct relation evidence still requires expert review.
EV00375,E00375,S026,NODE_SUPPORT_ONLY,0.58,AUTO_CURATED_NEEDS_RELATION_EVIDENCE,2026-09-27,M3 semantic curation of former CONTRIBUTES_TO_MEGAPROJECT. Relation is a SINERGY systems interpretation until separately evidenced.
EV00376,E00376,S026,NODE_SUPPORT_ONLY,0.58,AUTO_CURATED_NEEDS_RELATION_EVIDENCE,2026-09-27,M3 semantic curation of former CONTRIBUTES_TO_MEGAPROJECT. Relation is a SINERGY systems interpretation until separately evidenced.
EV00377,E00377,S027,PROVENANCE,0.95,VERIFIED_PROVENANCE,2026-09-27,Canonical source provenance.
EV00378,E00378,S027,ATTRIBUTION,0.78,CURATED_ATTRIBUTION,2026-09-27,Representative author attribution from Frontier Graph 1.0.
EV00379,E00379,S027,NODE_SUPPORT_ONLY,0.56,AUTO_CURATED_NEEDS_RELATION_EVIDENCE,2026-09-27,M3 semantic curation of former MAPS_TO_TECHNOLOGY. Source supports the frontier node; direct relation evidence still requires expert review.
EV00380,E00380,S027,NODE_SUPPORT_ONLY,0.58,AUTO_CURATED_NEEDS_RELATION_EVIDENCE,2026-09-27,M3 semantic curation of former CONTRIBUTES_TO_MEGAPROJECT. Relation is a SINERGY systems interpretation until separately evidenced.
EV00381,E00381,S027,NODE_SUPPORT_ONLY,0.58,AUTO_CURATED_NEEDS_RELATION_EVIDENCE,2026-09-27,M3 semantic curation of former CONTRIBUTES_TO_MEGAPROJECT. Relation is a SINERGY systems interpretation until separately evidenced.
EV00382,E00382,S028,PROVENANCE,0.95,VERIFIED_PROVENANCE,2026-09-27,Canonical source provenance.
EV00383,E00383,S028,ATTRIBUTION,0.78,CURATED_ATTRIBUTION,2026-09-27,Representative author attribution from Frontier Graph 1.0.
EV00384,E00384,S028,ATTRIBUTION,0.68,CURATED_PROGRAM_ASSOCIATION,2026-09-27,Representative institution/program association; not a funding claim.
EV00385,E00385,S028,NODE_SUPPORT_ONLY,0.66,AUTO_CURATED_NEEDS_RELATION_EVIDENCE,2026-09-27,M3 semantic curation of former MAPS_TO_TECHNOLOGY. Source supports the frontier node; direct relation evidence still requires expert review.
EV00386,E00386,S028,NODE_SUPPORT_ONLY,0.66,AUTO_CURATED_NEEDS_RELATION_EVIDENCE,2026-09-27,M3 semantic curation of former MAPS_TO_TECHNOLOGY. Source supports the frontier node; direct relation evidence still requires expert review.
EV00387,E00387,S028,NODE_SUPPORT_ONLY,0.66,AUTO_CURATED_NEEDS_RELATION_EVIDENCE,2026-09-27,M3 semantic curation of former MAPS_TO_TECHNOLOGY. Source supports the frontier node; direct relation evidence still requires expert review.
EV00388,E00388,S028,NODE_SUPPORT_ONLY,0.66,AUTO_CURATED_NEEDS_RELATION_EVIDENCE,2026-09-27,M3 semantic curation of former MAPS_TO_TECHNOLOGY. Source supports the frontier node; direct relation evidence still requires expert review.
EV00389,E00389,S028,NODE_SUPPORT_ONLY,0.52,AUTO_CURATED_NEEDS_RELATION_EVIDENCE,2026-09-27,M3 semantic curation of former CONTRIBUTES_TO_MEGAPROJECT. Relation is a SINERGY systems interpretation until separately evidenced.
EV00390,E00390,S029,PROVENANCE,0.95,VERIFIED_PROVENANCE,2026-09-27,Canonical source provenance.
EV00391,E00391,S029,ATTRIBUTION,0.78,CURATED_ATTRIBUTION,2026-09-27,Representative author attribution from Frontier Graph 1.0.
EV00392,E00392,S029,ATTRIBUTION,0.78,CURATED_ATTRIBUTION,2026-09-27,Representative author attribution from Frontier Graph 1.0.
EV00393,E00393,S029,ATTRIBUTION,0.78,CURATED_ATTRIBUTION,2026-09-27,Representative author attribution from Frontier Graph 1.0.
EV00394,E00394,S029,ATTRIBUTION,0.78,CURATED_ATTRIBUTION,2026-09-27,Representative author attribution from Frontier Graph 1.0.
EV00395,E00395,S029,ATTRIBUTION,0.78,CURATED_ATTRIBUTION,2026-09-27,Representative author attribution from Frontier Graph 1.0.
EV00396,E00396,S029,ATTRIBUTION,0.78,CURATED_ATTRIBUTION,2026-09-27,Representative author attribution from Frontier Graph 1.0.
EV00397,E00397,S029,ATTRIBUTION,0.78,CURATED_ATTRIBUTION,2026-09-27,Representative author attribution from Frontier Graph 1.0.
EV00398,E00398,S029,ATTRIBUTION,0.78,CURATED_ATTRIBUTION,2026-09-27,Representative author attribution from Frontier Graph 1.0.
EV00399,E00399,S029,NODE_SUPPORT_ONLY,0.56,AUTO_CURATED_NEEDS_RELATION_EVIDENCE,2026-09-27,M3 semantic curation of former MAPS_TO_TECHNOLOGY. Source supports the frontier node; direct relation evidence still requires expert review.
EV00400,E00400,S029,NODE_SUPPORT_ONLY,0.56,AUTO_CURATED_NEEDS_RELATION_EVIDENCE,2026-09-27,M3 semantic curation of former MAPS_TO_TECHNOLOGY. Source supports the frontier node; direct relation evidence still requires expert review.
EV00401,E00401,S029,NODE_SUPPORT_ONLY,0.56,AUTO_CURATED_NEEDS_RELATION_EVIDENCE,2026-09-27,M3 semantic curation of former MAPS_TO_TECHNOLOGY. Source supports the frontier node; direct relation evidence still requires expert review.
EV00402,E00402,S029,NODE_SUPPORT_ONLY,0.56,AUTO_CURATED_NEEDS_RELATION_EVIDENCE,2026-09-27,M3 semantic curation of former MAPS_TO_TECHNOLOGY. Source supports the frontier node; direct relation evidence still requires expert review.
EV00403,E00403,S029,NODE_SUPPORT_ONLY,0.56,AUTO_CURATED_NEEDS_RELATION_EVIDENCE,2026-09-27,M3 semantic curation of former MAPS_TO_TECHNOLOGY. Source supports the frontier node; direct relation evidence still requires expert review.
EV00404,E00404,S029,NODE_SUPPORT_ONLY,0.56,AUTO_CURATED_NEEDS_RELATION_EVIDENCE,2026-09-27,M3 semantic curation of former MAPS_TO_TECHNOLOGY. Source supports the frontier node; direct relation evidence still requires expert review.
EV00405,E00405,S029,NODE_SUPPORT_ONLY,0.58,AUTO_CURATED_NEEDS_RELATION_EVIDENCE,2026-09-27,M3 semantic curation of former CONTRIBUTES_TO_MEGAPROJECT. Relation is a SINERGY systems interpretation until separately evidenced.
EV00406,E00406,S029,NODE_SUPPORT_ONLY,0.58,AUTO_CURATED_NEEDS_RELATION_EVIDENCE,2026-09-27,M3 semantic curation of former CONTRIBUTES_TO_MEGAPROJECT. Relation is a SINERGY systems interpretation until separately evidenced.
EV00407,E00407,S016,PROVENANCE,0.95,VERIFIED_PROVENANCE,2026-09-27,Canonical source provenance.
EV00408,E00408,S016,ATTRIBUTION,0.78,CURATED_ATTRIBUTION,2026-09-27,Representative author attribution from Frontier Graph 1.0.
EV00409,E00409,S016,NODE_SUPPORT_ONLY,0.66,AUTO_CURATED_NEEDS_RELATION_EVIDENCE,2026-09-27,M3 semantic curation of former MAPS_TO_TECHNOLOGY. Source supports the frontier node; direct relation evidence still requires expert review.
EV00410,E00410,S016,NODE_SUPPORT_ONLY,0.66,AUTO_CURATED_NEEDS_RELATION_EVIDENCE,2026-09-27,M3 semantic curation of former MAPS_TO_TECHNOLOGY. Source supports the frontier node; direct relation evidence still requires expert review.
EV00411,E00411,S016,NODE_SUPPORT_ONLY,0.66,AUTO_CURATED_NEEDS_RELATION_EVIDENCE,2026-09-27,M3 semantic curation of former MAPS_TO_TECHNOLOGY. Source supports the frontier node; direct relation evidence still requires expert review.
EV00412,E00412,S016,NODE_SUPPORT_ONLY,0.66,AUTO_CURATED_NEEDS_RELATION_EVIDENCE,2026-09-27,M3 semantic curation of former MAPS_TO_TECHNOLOGY. Source supports the frontier node; direct relation evidence still requires expert review.
EV00413,E00413,S016,NODE_SUPPORT_ONLY,0.66,AUTO_CURATED_NEEDS_RELATION_EVIDENCE,2026-09-27,M3 semantic curation of former MAPS_TO_TECHNOLOGY. Source supports the frontier node; direct relation evidence still requires expert review.
EV00414,E00414,S016,NODE_SUPPORT_ONLY,0.66,AUTO_CURATED_NEEDS_RELATION_EVIDENCE,2026-09-27,M3 semantic curation of former MAPS_TO_TECHNOLOGY. Source supports the frontier node; direct relation evidence still requires expert review.
EV00415,E00415,S016,NODE_SUPPORT_ONLY,0.52,AUTO_CURATED_NEEDS_RELATION_EVIDENCE,2026-09-27,M3 semantic curation of former CONTRIBUTES_TO_MEGAPROJECT. Relation is a SINERGY systems interpretation until separately evidenced.
EV00416,E00416,S030,PROVENANCE,0.95,VERIFIED_PROVENANCE,2026-09-27,Canonical source provenance.
EV00417,E00417,S030,ATTRIBUTION,0.78,CURATED_ATTRIBUTION,2026-09-27,Representative author attribution from Frontier Graph 1.0.
EV00418,E00418,S030,ATTRIBUTION,0.78,CURATED_ATTRIBUTION,2026-09-27,Representative author attribution from Frontier Graph 1.0.
EV00419,E00419,S030,ATTRIBUTION,0.78,CURATED_ATTRIBUTION,2026-09-27,Representative author attribution from Frontier Graph 1.0.
EV00420,E00420,S030,ATTRIBUTION,0.78,CURATED_ATTRIBUTION,2026-09-27,Representative author attribution from Frontier Graph 1.0.
EV00421,E00421,S030,NODE_SUPPORT_ONLY,0.70,AUTO_CURATED_NEEDS_RELATION_EVIDENCE,2026-09-27,M3 semantic curation of former MAPS_TO_TECHNOLOGY. Source supports the frontier node; direct relation evidence still requires expert review.
EV00422,E00422,S030,NODE_SUPPORT_ONLY,0.56,AUTO_CURATED_NEEDS_RELATION_EVIDENCE,2026-09-27,M3 semantic curation of former MAPS_TO_TECHNOLOGY. Source supports the frontier node; direct relation evidence still requires expert review.
EV00423,E00423,S030,NODE_SUPPORT_ONLY,0.56,AUTO_CURATED_NEEDS_RELATION_EVIDENCE,2026-09-27,M3 semantic curation of former MAPS_TO_TECHNOLOGY. Source supports the frontier node; direct relation evidence still requires expert review.
EV00424,E00424,S030,NODE_SUPPORT_ONLY,0.52,AUTO_CURATED_NEEDS_RELATION_EVIDENCE,2026-09-27,M3 semantic curation of former CONTRIBUTES_TO_MEGAPROJECT. Relation is a SINERGY systems interpretation until separately evidenced.
EV00425,E00425,S031,PROVENANCE,0.95,VERIFIED_PROVENANCE,2026-09-27,Canonical source provenance.
EV00426,E00426,S031,ATTRIBUTION,0.78,CURATED_ATTRIBUTION,2026-09-27,Representative author attribution from Frontier Graph 1.0.
EV00427,E00427,S031,ATTRIBUTION,0.68,CURATED_PROGRAM_ASSOCIATION,2026-09-27,Representative institution/program association; not a funding claim.
EV00428,E00428,S031,NODE_SUPPORT_ONLY,0.74,AUTO_CURATED_NEEDS_RELATION_EVIDENCE,2026-09-27,M3 semantic curation of former MAPS_TO_TECHNOLOGY. Source supports the frontier node; direct relation evidence still requires expert review.
EV00429,E00429,S031,NODE_SUPPORT_ONLY,0.74,AUTO_CURATED_NEEDS_RELATION_EVIDENCE,2026-09-27,M3 semantic curation of former MAPS_TO_TECHNOLOGY. Source supports the frontier node; direct relation evidence still requires expert review.
EV00430,E00430,S031,NODE_SUPPORT_ONLY,0.74,AUTO_CURATED_NEEDS_RELATION_EVIDENCE,2026-09-27,M3 semantic curation of former MAPS_TO_TECHNOLOGY. Source supports the frontier node; direct relation evidence still requires expert review.
EV00431,E00431,S031,NODE_SUPPORT_ONLY,0.74,AUTO_CURATED_NEEDS_RELATION_EVIDENCE,2026-09-27,M3 semantic curation of former MAPS_TO_TECHNOLOGY. Source supports the frontier node; direct relation evidence still requires expert review.
EV00432,E00432,S031,NODE_SUPPORT_ONLY,0.58,AUTO_CURATED_NEEDS_RELATION_EVIDENCE,2026-09-27,M3 semantic curation of former CONTRIBUTES_TO_MEGAPROJECT. Relation is a SINERGY systems interpretation until separately evidenced.
EV00433,E00433,S031,NODE_SUPPORT_ONLY,0.58,AUTO_CURATED_NEEDS_RELATION_EVIDENCE,2026-09-27,M3 semantic curation of former CONTRIBUTES_TO_MEGAPROJECT. Relation is a SINERGY systems interpretation until separately evidenced.
EV00434,E00434,S031,NODE_SUPPORT_ONLY,0.58,AUTO_CURATED_NEEDS_RELATION_EVIDENCE,2026-09-27,M3 semantic curation of former CONTRIBUTES_TO_MEGAPROJECT. Relation is a SINERGY systems interpretation until separately evidenced.
EV00435,E00435,S031,NODE_SUPPORT_ONLY,0.58,AUTO_CURATED_NEEDS_RELATION_EVIDENCE,2026-09-27,M3 semantic curation of former CONTRIBUTES_TO_MEGAPROJECT. Relation is a SINERGY systems interpretation until separately evidenced.
EV00436,E00436,S032,PROVENANCE,0.95,VERIFIED_PROVENANCE,2026-09-27,Canonical source provenance.
EV00437,E00437,S032,ATTRIBUTION,0.78,CURATED_ATTRIBUTION,2026-09-27,Representative author attribution from Frontier Graph 1.0.
EV00438,E00438,S032,ATTRIBUTION,0.78,CURATED_ATTRIBUTION,2026-09-27,Representative author attribution from Frontier Graph 1.0.
EV00439,E00439,S032,ATTRIBUTION,0.78,CURATED_ATTRIBUTION,2026-09-27,Representative author attribution from Frontier Graph 1.0.
EV00440,E00440,S032,NODE_SUPPORT_ONLY,0.56,AUTO_CURATED_NEEDS_RELATION_EVIDENCE,2026-09-27,M3 semantic curation of former MAPS_TO_TECHNOLOGY. Source supports the frontier node; direct relation evidence still requires expert review.
EV00441,E00441,S032,NODE_SUPPORT_ONLY,0.56,AUTO_CURATED_NEEDS_RELATION_EVIDENCE,2026-09-27,M3 semantic curation of former MAPS_TO_TECHNOLOGY. Source supports the frontier node; direct relation evidence still requires expert review.
EV00442,E00442,S032,NODE_SUPPORT_ONLY,0.56,AUTO_CURATED_NEEDS_RELATION_EVIDENCE,2026-09-27,M3 semantic curation of former MAPS_TO_TECHNOLOGY. Source supports the frontier node; direct relation evidence still requires expert review.
EV00443,E00443,S032,NODE_SUPPORT_ONLY,0.56,AUTO_CURATED_NEEDS_RELATION_EVIDENCE,2026-09-27,M3 semantic curation of former MAPS_TO_TECHNOLOGY. Source supports the frontier node; direct relation evidence still requires expert review.
EV00444,E00444,S032,NODE_SUPPORT_ONLY,0.58,AUTO_CURATED_NEEDS_RELATION_EVIDENCE,2026-09-27,M3 semantic curation of former CONTRIBUTES_TO_MEGAPROJECT. Relation is a SINERGY systems interpretation until separately evidenced.
EV00445,E00445,S032,NODE_SUPPORT_ONLY,0.58,AUTO_CURATED_NEEDS_RELATION_EVIDENCE,2026-09-27,M3 semantic curation of former CONTRIBUTES_TO_MEGAPROJECT. Relation is a SINERGY systems interpretation until separately evidenced.
EV00446,E00446,S032,NODE_SUPPORT_ONLY,0.58,AUTO_CURATED_NEEDS_RELATION_EVIDENCE,2026-09-27,M3 semantic curation of former CONTRIBUTES_TO_MEGAPROJECT. Relation is a SINERGY systems interpretation until separately evidenced.
EV00447,E00447,S032,NODE_SUPPORT_ONLY,0.58,AUTO_CURATED_NEEDS_RELATION_EVIDENCE,2026-09-27,M3 semantic curation of former CONTRIBUTES_TO_MEGAPROJECT. Relation is a SINERGY systems interpretation until separately evidenced.
EV00448,E00448,S033,PROVENANCE,0.95,VERIFIED_PROVENANCE,2026-09-27,Canonical source provenance.
EV00449,E00449,S033,ATTRIBUTION,0.68,CURATED_PROGRAM_ASSOCIATION,2026-09-27,Representative institution/program association; not a funding claim.
EV00450,E00450,S033,NODE_SUPPORT_ONLY,0.74,AUTO_CURATED_NEEDS_RELATION_EVIDENCE,2026-09-27,M3 semantic curation of former MAPS_TO_TECHNOLOGY. Source supports the frontier node; direct relation evidence still requires expert review.
EV00451,E00451,S033,NODE_SUPPORT_ONLY,0.74,AUTO_CURATED_NEEDS_RELATION_EVIDENCE,2026-09-27,M3 semantic curation of former MAPS_TO_TECHNOLOGY. Source supports the frontier node; direct relation evidence still requires expert review.
EV00452,E00452,S033,NODE_SUPPORT_ONLY,0.74,AUTO_CURATED_NEEDS_RELATION_EVIDENCE,2026-09-27,M3 semantic curation of former MAPS_TO_TECHNOLOGY. Source supports the frontier node; direct relation evidence still requires expert review.
EV00453,E00453,S033,NODE_SUPPORT_ONLY,0.74,AUTO_CURATED_NEEDS_RELATION_EVIDENCE,2026-09-27,M3 semantic curation of former MAPS_TO_TECHNOLOGY. Source supports the frontier node; direct relation evidence still requires expert review.
EV00454,E00454,S033,NODE_SUPPORT_ONLY,0.58,AUTO_CURATED_NEEDS_RELATION_EVIDENCE,2026-09-27,M3 semantic curation of former CONTRIBUTES_TO_MEGAPROJECT. Relation is a SINERGY systems interpretation until separately evidenced.
EV00455,E00455,S033,NODE_SUPPORT_ONLY,0.58,AUTO_CURATED_NEEDS_RELATION_EVIDENCE,2026-09-27,M3 semantic curation of former CONTRIBUTES_TO_MEGAPROJECT. Relation is a SINERGY systems interpretation until separately evidenced.
EV00456,E00456,S034,PROVENANCE,0.95,VERIFIED_PROVENANCE,2026-09-27,Canonical source provenance.
EV00457,E00457,S034,ATTRIBUTION,0.78,CURATED_ATTRIBUTION,2026-09-27,Representative author attribution from Frontier Graph 1.0.
EV00458,E00458,S034,ATTRIBUTION,0.68,CURATED_PROGRAM_ASSOCIATION,2026-09-27,Representative institution/program association; not a funding claim.
EV00459,E00459,S034,NODE_SUPPORT_ONLY,0.74,AUTO_CURATED_NEEDS_RELATION_EVIDENCE,2026-09-27,M3 semantic curation of former MAPS_TO_TECHNOLOGY. Source supports the frontier node; direct relation evidence still requires expert review.
EV00460,E00460,S034,NODE_SUPPORT_ONLY,0.74,AUTO_CURATED_NEEDS_RELATION_EVIDENCE,2026-09-27,M3 semantic curation of former MAPS_TO_TECHNOLOGY. Source supports the frontier node; direct relation evidence still requires expert review.
EV00461,E00461,S034,NODE_SUPPORT_ONLY,0.74,AUTO_CURATED_NEEDS_RELATION_EVIDENCE,2026-09-27,M3 semantic curation of former MAPS_TO_TECHNOLOGY. Source supports the frontier node; direct relation evidence still requires expert review.
EV00462,E00462,S034,NODE_SUPPORT_ONLY,0.74,AUTO_CURATED_NEEDS_RELATION_EVIDENCE,2026-09-27,M3 semantic curation of former MAPS_TO_TECHNOLOGY. Source supports the frontier node; direct relation evidence still requires expert review.
EV00463,E00463,S034,NODE_SUPPORT_ONLY,0.58,AUTO_CURATED_NEEDS_RELATION_EVIDENCE,2026-09-27,M3 semantic curation of former CONTRIBUTES_TO_MEGAPROJECT. Relation is a SINERGY systems interpretation until separately evidenced.
EV00464,E00464,S034,NODE_SUPPORT_ONLY,0.58,AUTO_CURATED_NEEDS_RELATION_EVIDENCE,2026-09-27,M3 semantic curation of former CONTRIBUTES_TO_MEGAPROJECT. Relation is a SINERGY systems interpretation until separately evidenced.
EV00465,E00465,S034,NODE_SUPPORT_ONLY,0.58,AUTO_CURATED_NEEDS_RELATION_EVIDENCE,2026-09-27,M3 semantic curation of former CONTRIBUTES_TO_MEGAPROJECT. Relation is a SINERGY systems interpretation until separately evidenced.
EV00466,E00466,S034,NODE_SUPPORT_ONLY,0.58,AUTO_CURATED_NEEDS_RELATION_EVIDENCE,2026-09-27,M3 semantic curation of former CONTRIBUTES_TO_MEGAPROJECT. Relation is a SINERGY systems interpretation until separately evidenced.
EV00467,E00467,S005,PROVENANCE,0.95,VERIFIED_PROVENANCE,2026-09-27,Canonical source provenance.
EV00468,E00468,S005,ATTRIBUTION,0.68,CURATED_PROGRAM_ASSOCIATION,2026-09-27,Representative institution/program association; not a funding claim.
EV00469,E00469,S005,NODE_SUPPORT_ONLY,0.56,AUTO_CURATED_NEEDS_RELATION_EVIDENCE,2026-09-27,M3 semantic curation of former MAPS_TO_TECHNOLOGY. Source supports the frontier node; direct relation evidence still requires expert review.
EV00470,E00470,S005,NODE_SUPPORT_ONLY,0.56,AUTO_CURATED_NEEDS_RELATION_EVIDENCE,2026-09-27,M3 semantic curation of former MAPS_TO_TECHNOLOGY. Source supports the frontier node; direct relation evidence still requires expert review.
EV00471,E00471,S005,NODE_SUPPORT_ONLY,0.56,AUTO_CURATED_NEEDS_RELATION_EVIDENCE,2026-09-27,M3 semantic curation of former MAPS_TO_TECHNOLOGY. Source supports the frontier node; direct relation evidence still requires expert review.
EV00472,E00472,S005,NODE_SUPPORT_ONLY,0.56,AUTO_CURATED_NEEDS_RELATION_EVIDENCE,2026-09-27,M3 semantic curation of former MAPS_TO_TECHNOLOGY. Source supports the frontier node; direct relation evidence still requires expert review.
EV00473,E00473,S005,NODE_SUPPORT_ONLY,0.58,AUTO_CURATED_NEEDS_RELATION_EVIDENCE,2026-09-27,M3 semantic curation of former CONTRIBUTES_TO_MEGAPROJECT. Relation is a SINERGY systems interpretation until separately evidenced.
EV00474,E00474,S005,NODE_SUPPORT_ONLY,0.58,AUTO_CURATED_NEEDS_RELATION_EVIDENCE,2026-09-27,M3 semantic curation of former CONTRIBUTES_TO_MEGAPROJECT. Relation is a SINERGY systems interpretation until separately evidenced.
EV00475,E00475,S005,NODE_SUPPORT_ONLY,0.58,AUTO_CURATED_NEEDS_RELATION_EVIDENCE,2026-09-27,M3 semantic curation of former CONTRIBUTES_TO_MEGAPROJECT. Relation is a SINERGY systems interpretation until separately evidenced.
EV00476,E00476,S005,NODE_SUPPORT_ONLY,0.58,AUTO_CURATED_NEEDS_RELATION_EVIDENCE,2026-09-27,M3 semantic curation of former CONTRIBUTES_TO_MEGAPROJECT. Relation is a SINERGY systems interpretation until separately evidenced.
EV00477,E00477,S005,PROVENANCE,0.95,VERIFIED_PROVENANCE,2026-09-27,Canonical source provenance.
EV00478,E00478,S005,ATTRIBUTION,0.68,CURATED_PROGRAM_ASSOCIATION,2026-09-27,Representative institution/program association; not a funding claim.
EV00479,E00479,S005,NODE_SUPPORT_ONLY,0.74,AUTO_CURATED_NEEDS_RELATION_EVIDENCE,2026-09-27,M3 semantic curation of former MAPS_TO_TECHNOLOGY. Source supports the frontier node; direct relation evidence still requires expert review.
EV00480,E00480,S005,NODE_SUPPORT_ONLY,0.74,AUTO_CURATED_NEEDS_RELATION_EVIDENCE,2026-09-27,M3 semantic curation of former MAPS_TO_TECHNOLOGY. Source supports the frontier node; direct relation evidence still requires expert review.
EV00481,E00481,S005,NODE_SUPPORT_ONLY,0.74,AUTO_CURATED_NEEDS_RELATION_EVIDENCE,2026-09-27,M3 semantic curation of former MAPS_TO_TECHNOLOGY. Source supports the frontier node; direct relation evidence still requires expert review.
EV00482,E00482,S005,NODE_SUPPORT_ONLY,0.74,AUTO_CURATED_NEEDS_RELATION_EVIDENCE,2026-09-27,M3 semantic curation of former MAPS_TO_TECHNOLOGY. Source supports the frontier node; direct relation evidence still requires expert review.
EV00483,E00483,S005,NODE_SUPPORT_ONLY,0.58,AUTO_CURATED_NEEDS_RELATION_EVIDENCE,2026-09-27,M3 semantic curation of former CONTRIBUTES_TO_MEGAPROJECT. Relation is a SINERGY systems interpretation until separately evidenced.
EV00484,E00484,S005,NODE_SUPPORT_ONLY,0.58,AUTO_CURATED_NEEDS_RELATION_EVIDENCE,2026-09-27,M3 semantic curation of former CONTRIBUTES_TO_MEGAPROJECT. Relation is a SINERGY systems interpretation until separately evidenced.
EV00485,E00485,S035,PROVENANCE,0.95,VERIFIED_PROVENANCE,2026-09-27,Canonical source provenance.
EV00486,E00486,S035,ATTRIBUTION,0.68,CURATED_PROGRAM_ASSOCIATION,2026-09-27,Representative institution/program association; not a funding claim.
EV00487,E00487,S035,NODE_SUPPORT_ONLY,0.72,AUTO_CURATED_NEEDS_RELATION_EVIDENCE,2026-09-27,M3 semantic curation of former MAPS_TO_TECHNOLOGY. Source supports the frontier node; direct relation evidence still requires expert review.
EV00488,E00488,S035,NODE_SUPPORT_ONLY,0.72,AUTO_CURATED_NEEDS_RELATION_EVIDENCE,2026-09-27,M3 semantic curation of former MAPS_TO_TECHNOLOGY. Source supports the frontier node; direct relation evidence still requires expert review.
EV00489,E00489,S035,NODE_SUPPORT_ONLY,0.72,AUTO_CURATED_NEEDS_RELATION_EVIDENCE,2026-09-27,M3 semantic curation of former MAPS_TO_TECHNOLOGY. Source supports the frontier node; direct relation evidence still requires expert review.
EV00490,E00490,S035,NODE_SUPPORT_ONLY,0.72,AUTO_CURATED_NEEDS_RELATION_EVIDENCE,2026-09-27,M3 semantic curation of former MAPS_TO_TECHNOLOGY. Source supports the frontier node; direct relation evidence still requires expert review.
EV00491,E00491,S035,NODE_SUPPORT_ONLY,0.58,AUTO_CURATED_NEEDS_RELATION_EVIDENCE,2026-09-27,M3 semantic curation of former CONTRIBUTES_TO_MEGAPROJECT. Relation is a SINERGY systems interpretation until separately evidenced.
EV00492,E00492,S035,NODE_SUPPORT_ONLY,0.58,AUTO_CURATED_NEEDS_RELATION_EVIDENCE,2026-09-27,M3 semantic curation of former CONTRIBUTES_TO_MEGAPROJECT. Relation is a SINERGY systems interpretation until separately evidenced.
EV00493,E00493,S035,NODE_SUPPORT_ONLY,0.58,AUTO_CURATED_NEEDS_RELATION_EVIDENCE,2026-09-27,M3 semantic curation of former CONTRIBUTES_TO_MEGAPROJECT. Relation is a SINERGY systems interpretation until separately evidenced.
EV00494,E00494,S035,NODE_SUPPORT_ONLY,0.58,AUTO_CURATED_NEEDS_RELATION_EVIDENCE,2026-09-27,M3 semantic curation of former CONTRIBUTES_TO_MEGAPROJECT. Relation is a SINERGY systems interpretation until separately evidenced.
EV00495,E00495,S006,PROVENANCE,0.95,VERIFIED_PROVENANCE,2026-09-27,Canonical source provenance.
EV00496,E00496,S006,ATTRIBUTION,0.68,CURATED_PROGRAM_ASSOCIATION,2026-09-27,Representative institution/program association; not a funding claim.
EV00497,E00497,S006,NODE_SUPPORT_ONLY,0.72,AUTO_CURATED_NEEDS_RELATION_EVIDENCE,2026-09-27,M3 semantic curation of former MAPS_TO_TECHNOLOGY. Source supports the frontier node; direct relation evidence still requires expert review.
EV00498,E00498,S006,NODE_SUPPORT_ONLY,0.72,AUTO_CURATED_NEEDS_RELATION_EVIDENCE,2026-09-27,M3 semantic curation of former MAPS_TO_TECHNOLOGY. Source supports the frontier node; direct relation evidence still requires expert review.
EV00499,E00499,S006,NODE_SUPPORT_ONLY,0.72,AUTO_CURATED_NEEDS_RELATION_EVIDENCE,2026-09-27,M3 semantic curation of former MAPS_TO_TECHNOLOGY. Source supports the frontier node; direct relation evidence still requires expert review.
EV00500,E00500,S006,NODE_SUPPORT_ONLY,0.72,AUTO_CURATED_NEEDS_RELATION_EVIDENCE,2026-09-27,M3 semantic curation of former MAPS_TO_TECHNOLOGY. Source supports the frontier node; direct relation evidence still requires expert review.
EV00501,E00501,S006,NODE_SUPPORT_ONLY,0.58,AUTO_CURATED_NEEDS_RELATION_EVIDENCE,2026-09-27,M3 semantic curation of former CONTRIBUTES_TO_MEGAPROJECT. Relation is a SINERGY systems interpretation until separately evidenced.
EV00502,E00502,S006,NODE_SUPPORT_ONLY,0.58,AUTO_CURATED_NEEDS_RELATION_EVIDENCE,2026-09-27,M3 semantic curation of former CONTRIBUTES_TO_MEGAPROJECT. Relation is a SINERGY systems interpretation until separately evidenced.
EV00503,E00503,S006,NODE_SUPPORT_ONLY,0.58,AUTO_CURATED_NEEDS_RELATION_EVIDENCE,2026-09-27,M3 semantic curation of former CONTRIBUTES_TO_MEGAPROJECT. Relation is a SINERGY systems interpretation until separately evidenced.
EV00504,E00504,S006,NODE_SUPPORT_ONLY,0.58,AUTO_CURATED_NEEDS_RELATION_EVIDENCE,2026-09-27,M3 semantic curation of former CONTRIBUTES_TO_MEGAPROJECT. Relation is a SINERGY systems interpretation until separately evidenced.
EV00505,E00505,S036,PROVENANCE,0.95,VERIFIED_PROVENANCE,2026-09-27,Canonical source provenance.
EV00506,E00506,S036,ATTRIBUTION,0.68,CURATED_PROGRAM_ASSOCIATION,2026-09-27,Representative institution/program association; not a funding claim.
EV00507,E00507,S036,NODE_SUPPORT_ONLY,0.56,AUTO_CURATED_NEEDS_RELATION_EVIDENCE,2026-09-27,M3 semantic curation of former MAPS_TO_TECHNOLOGY. Source supports the frontier node; direct relation evidence still requires expert review.
EV00508,E00508,S036,NODE_SUPPORT_ONLY,0.56,AUTO_CURATED_NEEDS_RELATION_EVIDENCE,2026-09-27,M3 semantic curation of former MAPS_TO_TECHNOLOGY. Source supports the frontier node; direct relation evidence still requires expert review.
EV00509,E00509,S036,NODE_SUPPORT_ONLY,0.56,AUTO_CURATED_NEEDS_RELATION_EVIDENCE,2026-09-27,M3 semantic curation of former MAPS_TO_TECHNOLOGY. Source supports the frontier node; direct relation evidence still requires expert review.
EV00510,E00510,S036,NODE_SUPPORT_ONLY,0.56,AUTO_CURATED_NEEDS_RELATION_EVIDENCE,2026-09-27,M3 semantic curation of former MAPS_TO_TECHNOLOGY. Source supports the frontier node; direct relation evidence still requires expert review.
EV00511,E00511,S036,NODE_SUPPORT_ONLY,0.58,AUTO_CURATED_NEEDS_RELATION_EVIDENCE,2026-09-27,M3 semantic curation of former CONTRIBUTES_TO_MEGAPROJECT. Relation is a SINERGY systems interpretation until separately evidenced.
EV00512,E00512,S036,NODE_SUPPORT_ONLY,0.58,AUTO_CURATED_NEEDS_RELATION_EVIDENCE,2026-09-27,M3 semantic curation of former CONTRIBUTES_TO_MEGAPROJECT. Relation is a SINERGY systems interpretation until separately evidenced.
EV00513,E00513,S036,NODE_SUPPORT_ONLY,0.58,AUTO_CURATED_NEEDS_RELATION_EVIDENCE,2026-09-27,M3 semantic curation of former CONTRIBUTES_TO_MEGAPROJECT. Relation is a SINERGY systems interpretation until separately evidenced.
EV00514,E00514,S037,PROVENANCE,0.95,VERIFIED_PROVENANCE,2026-09-27,Canonical source provenance.
EV00515,E00515,S037,ATTRIBUTION,0.78,CURATED_ATTRIBUTION,2026-09-27,Representative author attribution from Frontier Graph 1.0.
EV00516,E00516,S037,ATTRIBUTION,0.68,CURATED_PROGRAM_ASSOCIATION,2026-09-27,Representative institution/program association; not a funding claim.
EV00517,E00517,S037,NODE_SUPPORT_ONLY,0.56,AUTO_CURATED_NEEDS_RELATION_EVIDENCE,2026-09-27,M3 semantic curation of former MAPS_TO_TECHNOLOGY. Source supports the frontier node; direct relation evidence still requires expert review.
EV00518,E00518,S037,NODE_SUPPORT_ONLY,0.56,AUTO_CURATED_NEEDS_RELATION_EVIDENCE,2026-09-27,M3 semantic curation of former MAPS_TO_TECHNOLOGY. Source supports the frontier node; direct relation evidence still requires expert review.
EV00519,E00519,S037,NODE_SUPPORT_ONLY,0.56,AUTO_CURATED_NEEDS_RELATION_EVIDENCE,2026-09-27,M3 semantic curation of former MAPS_TO_TECHNOLOGY. Source supports the frontier node; direct relation evidence still requires expert review.
EV00520,E00520,S037,NODE_SUPPORT_ONLY,0.58,AUTO_CURATED_NEEDS_RELATION_EVIDENCE,2026-09-27,M3 semantic curation of former CONTRIBUTES_TO_MEGAPROJECT. Relation is a SINERGY systems interpretation until separately evidenced.
EV00521,E00521,S037,NODE_SUPPORT_ONLY,0.58,AUTO_CURATED_NEEDS_RELATION_EVIDENCE,2026-09-27,M3 semantic curation of former CONTRIBUTES_TO_MEGAPROJECT. Relation is a SINERGY systems interpretation until separately evidenced.
EV00522,E00522,S003,PROVENANCE,0.95,VERIFIED_PROVENANCE,2026-09-27,Canonical source provenance.
EV00523,E00523,S003,ATTRIBUTION,0.78,CURATED_ATTRIBUTION,2026-09-27,Representative author attribution from Frontier Graph 1.0.
EV00524,E00524,S003,ATTRIBUTION,0.78,CURATED_ATTRIBUTION,2026-09-27,Representative author attribution from Frontier Graph 1.0.
EV00525,E00525,S003,ATTRIBUTION,0.68,CURATED_PROGRAM_ASSOCIATION,2026-09-27,Representative institution/program association; not a funding claim.
EV00526,E00526,S003,NODE_SUPPORT_ONLY,0.66,AUTO_CURATED_NEEDS_RELATION_EVIDENCE,2026-09-27,M3 semantic curation of former MAPS_TO_TECHNOLOGY. Source supports the frontier node; direct relation evidence still requires expert review.
EV00527,E00527,S003,NODE_SUPPORT_ONLY,0.66,AUTO_CURATED_NEEDS_RELATION_EVIDENCE,2026-09-27,M3 semantic curation of former MAPS_TO_TECHNOLOGY. Source supports the frontier node; direct relation evidence still requires expert review.
EV00528,E00528,S003,NODE_SUPPORT_ONLY,0.66,AUTO_CURATED_NEEDS_RELATION_EVIDENCE,2026-09-27,M3 semantic curation of former MAPS_TO_TECHNOLOGY. Source supports the frontier node; direct relation evidence still requires expert review.
EV00529,E00529,S003,NODE_SUPPORT_ONLY,0.66,AUTO_CURATED_NEEDS_RELATION_EVIDENCE,2026-09-27,M3 semantic curation of former MAPS_TO_TECHNOLOGY. Source supports the frontier node; direct relation evidence still requires expert review.
EV00530,E00530,S003,NODE_SUPPORT_ONLY,0.66,AUTO_CURATED_NEEDS_RELATION_EVIDENCE,2026-09-27,M3 semantic curation of former MAPS_TO_TECHNOLOGY. Source supports the frontier node; direct relation evidence still requires expert review.
EV00531,E00531,S003,NODE_SUPPORT_ONLY,0.66,AUTO_CURATED_NEEDS_RELATION_EVIDENCE,2026-09-27,M3 semantic curation of former MAPS_TO_TECHNOLOGY. Source supports the frontier node; direct relation evidence still requires expert review.
EV00532,E00532,S003,NODE_SUPPORT_ONLY,0.58,AUTO_CURATED_NEEDS_RELATION_EVIDENCE,2026-09-27,M3 semantic curation of former CONTRIBUTES_TO_MEGAPROJECT. Relation is a SINERGY systems interpretation until separately evidenced.
EV00533,E00533,S003,NODE_SUPPORT_ONLY,0.58,AUTO_CURATED_NEEDS_RELATION_EVIDENCE,2026-09-27,M3 semantic curation of former CONTRIBUTES_TO_MEGAPROJECT. Relation is a SINERGY systems interpretation until separately evidenced.
EV00534,E00534,S003,NODE_SUPPORT_ONLY,0.58,AUTO_CURATED_NEEDS_RELATION_EVIDENCE,2026-09-27,M3 semantic curation of former CONTRIBUTES_TO_MEGAPROJECT. Relation is a SINERGY systems interpretation until separately evidenced.
EV00535,E00535,S003,NODE_SUPPORT_ONLY,0.58,AUTO_CURATED_NEEDS_RELATION_EVIDENCE,2026-09-27,M3 semantic curation of former CONTRIBUTES_TO_MEGAPROJECT. Relation is a SINERGY systems interpretation until separately evidenced.
EV00536,E00536,S038,PROVENANCE,0.95,VERIFIED_PROVENANCE,2026-09-27,Canonical source provenance.
EV00537,E00537,S038,ATTRIBUTION,0.78,CURATED_ATTRIBUTION,2026-09-27,Representative author attribution from Frontier Graph 1.0.
EV00538,E00538,S038,ATTRIBUTION,0.78,CURATED_ATTRIBUTION,2026-09-27,Representative author attribution from Frontier Graph 1.0.
EV00539,E00539,S038,ATTRIBUTION,0.78,CURATED_ATTRIBUTION,2026-09-27,Representative author attribution from Frontier Graph 1.0.
EV00540,E00540,S038,ATTRIBUTION,0.78,CURATED_ATTRIBUTION,2026-09-27,Representative author attribution from Frontier Graph 1.0.
EV00541,E00541,S038,ATTRIBUTION,0.78,CURATED_ATTRIBUTION,2026-09-27,Representative author attribution from Frontier Graph 1.0.
EV00542,E00542,S038,ATTRIBUTION,0.78,CURATED_ATTRIBUTION,2026-09-27,Representative author attribution from Frontier Graph 1.0.
EV00543,E00543,S038,NODE_SUPPORT_ONLY,0.56,AUTO_CURATED_NEEDS_RELATION_EVIDENCE,2026-09-27,M3 semantic curation of former MAPS_TO_TECHNOLOGY. Source supports the frontier node; direct relation evidence still requires expert review.
EV00544,E00544,S038,NODE_SUPPORT_ONLY,0.56,AUTO_CURATED_NEEDS_RELATION_EVIDENCE,2026-09-27,M3 semantic curation of former MAPS_TO_TECHNOLOGY. Source supports the frontier node; direct relation evidence still requires expert review.
EV00545,E00545,S038,NODE_SUPPORT_ONLY,0.56,AUTO_CURATED_NEEDS_RELATION_EVIDENCE,2026-09-27,M3 semantic curation of former MAPS_TO_TECHNOLOGY. Source supports the frontier node; direct relation evidence still requires expert review.
EV00546,E00546,S038,NODE_SUPPORT_ONLY,0.56,AUTO_CURATED_NEEDS_RELATION_EVIDENCE,2026-09-27,M3 semantic curation of former MAPS_TO_TECHNOLOGY. Source supports the frontier node; direct relation evidence still requires expert review.
EV00547,E00547,S038,NODE_SUPPORT_ONLY,0.58,AUTO_CURATED_NEEDS_RELATION_EVIDENCE,2026-09-27,M3 semantic curation of former CONTRIBUTES_TO_MEGAPROJECT. Relation is a SINERGY systems interpretation until separately evidenced.
EV00548,E00548,S038,NODE_SUPPORT_ONLY,0.58,AUTO_CURATED_NEEDS_RELATION_EVIDENCE,2026-09-27,M3 semantic curation of former CONTRIBUTES_TO_MEGAPROJECT. Relation is a SINERGY systems interpretation until separately evidenced.
EV00549,E00549,S011,PROVENANCE,0.95,VERIFIED_PROVENANCE,2026-09-27,Canonical source provenance.
EV00550,E00550,S011,ATTRIBUTION,0.78,CURATED_ATTRIBUTION,2026-09-27,Representative author attribution from Frontier Graph 1.0.
EV00551,E00551,S011,ATTRIBUTION,0.78,CURATED_ATTRIBUTION,2026-09-27,Representative author attribution from Frontier Graph 1.0.
EV00552,E00552,S011,ATTRIBUTION,0.78,CURATED_ATTRIBUTION,2026-09-27,Representative author attribution from Frontier Graph 1.0.
EV00553,E00553,S011,NODE_SUPPORT_ONLY,0.74,AUTO_CURATED_NEEDS_RELATION_EVIDENCE,2026-09-27,M3 semantic curation of former MAPS_TO_TECHNOLOGY. Source supports the frontier node; direct relation evidence still requires expert review.
EV00554,E00554,S011,NODE_SUPPORT_ONLY,0.74,AUTO_CURATED_NEEDS_RELATION_EVIDENCE,2026-09-27,M3 semantic curation of former MAPS_TO_TECHNOLOGY. Source supports the frontier node; direct relation evidence still requires expert review.
EV00555,E00555,S011,NODE_SUPPORT_ONLY,0.74,AUTO_CURATED_NEEDS_RELATION_EVIDENCE,2026-09-27,M3 semantic curation of former MAPS_TO_TECHNOLOGY. Source supports the frontier node; direct relation evidence still requires expert review.
EV00556,E00556,S011,NODE_SUPPORT_ONLY,0.74,AUTO_CURATED_NEEDS_RELATION_EVIDENCE,2026-09-27,M3 semantic curation of former MAPS_TO_TECHNOLOGY. Source supports the frontier node; direct relation evidence still requires expert review.
EV00557,E00557,S011,NODE_SUPPORT_ONLY,0.74,AUTO_CURATED_NEEDS_RELATION_EVIDENCE,2026-09-27,M3 semantic curation of former MAPS_TO_TECHNOLOGY. Source supports the frontier node; direct relation evidence still requires expert review.
EV00558,E00558,S011,NODE_SUPPORT_ONLY,0.74,AUTO_CURATED_NEEDS_RELATION_EVIDENCE,2026-09-27,M3 semantic curation of former MAPS_TO_TECHNOLOGY. Source supports the frontier node; direct relation evidence still requires expert review.
EV00559,E00559,S011,NODE_SUPPORT_ONLY,0.58,AUTO_CURATED_NEEDS_RELATION_EVIDENCE,2026-09-27,M3 semantic curation of former CONTRIBUTES_TO_MEGAPROJECT. Relation is a SINERGY systems interpretation until separately evidenced.
EV00560,E00560,S011,NODE_SUPPORT_ONLY,0.58,AUTO_CURATED_NEEDS_RELATION_EVIDENCE,2026-09-27,M3 semantic curation of former CONTRIBUTES_TO_MEGAPROJECT. Relation is a SINERGY systems interpretation until separately evidenced.
EV00561,E00561,S011,NODE_SUPPORT_ONLY,0.58,AUTO_CURATED_NEEDS_RELATION_EVIDENCE,2026-09-27,M3 semantic curation of former CONTRIBUTES_TO_MEGAPROJECT. Relation is a SINERGY systems interpretation until separately evidenced.
EV00562,E00562,S011,NODE_SUPPORT_ONLY,0.58,AUTO_CURATED_NEEDS_RELATION_EVIDENCE,2026-09-27,M3 semantic curation of former CONTRIBUTES_TO_MEGAPROJECT. Relation is a SINERGY systems interpretation until separately evidenced.
EV00563,E00563,S023,PROVENANCE,0.95,VERIFIED_PROVENANCE,2026-09-27,Canonical source provenance.
EV00564,E00564,S023,ATTRIBUTION,0.68,CURATED_PROGRAM_ASSOCIATION,2026-09-27,Representative institution/program association; not a funding claim.
EV00565,E00565,S023,ATTRIBUTION,0.68,CURATED_PROGRAM_ASSOCIATION,2026-09-27,Representative institution/program association; not a funding claim.
EV00566,E00566,S023,NODE_SUPPORT_ONLY,0.56,AUTO_CURATED_NEEDS_RELATION_EVIDENCE,2026-09-27,M3 semantic curation of former MAPS_TO_TECHNOLOGY. Source supports the frontier node; direct relation evidence still requires expert review.
EV00567,E00567,S023,NODE_SUPPORT_ONLY,0.56,AUTO_CURATED_NEEDS_RELATION_EVIDENCE,2026-09-27,M3 semantic curation of former MAPS_TO_TECHNOLOGY. Source supports the frontier node; direct relation evidence still requires expert review.
EV00568,E00568,S023,NODE_SUPPORT_ONLY,0.56,AUTO_CURATED_NEEDS_RELATION_EVIDENCE,2026-09-27,M3 semantic curation of former MAPS_TO_TECHNOLOGY. Source supports the frontier node; direct relation evidence still requires expert review.
EV00569,E00569,S023,NODE_SUPPORT_ONLY,0.58,AUTO_CURATED_NEEDS_RELATION_EVIDENCE,2026-09-27,M3 semantic curation of former CONTRIBUTES_TO_MEGAPROJECT. Relation is a SINERGY systems interpretation until separately evidenced.
EV00570,E00570,S023,NODE_SUPPORT_ONLY,0.58,AUTO_CURATED_NEEDS_RELATION_EVIDENCE,2026-09-27,M3 semantic curation of former CONTRIBUTES_TO_MEGAPROJECT. Relation is a SINERGY systems interpretation until separately evidenced.
EV00571,E00571,S039,PROVENANCE,0.95,VERIFIED_PROVENANCE,2026-09-27,Canonical source provenance.
EV00572,E00572,S039,ATTRIBUTION,0.78,CURATED_ATTRIBUTION,2026-09-27,Representative author attribution from Frontier Graph 1.0.
EV00573,E00573,S039,ATTRIBUTION,0.68,CURATED_PROGRAM_ASSOCIATION,2026-09-27,Representative institution/program association; not a funding claim.
EV00574,E00574,S039,NODE_SUPPORT_ONLY,0.56,AUTO_CURATED_NEEDS_RELATION_EVIDENCE,2026-09-27,M3 semantic curation of former MAPS_TO_TECHNOLOGY. Source supports the frontier node; direct relation evidence still requires expert review.
EV00575,E00575,S039,NODE_SUPPORT_ONLY,0.56,AUTO_CURATED_NEEDS_RELATION_EVIDENCE,2026-09-27,M3 semantic curation of former MAPS_TO_TECHNOLOGY. Source supports the frontier node; direct relation evidence still requires expert review.
EV00576,E00576,S039,NODE_SUPPORT_ONLY,0.56,AUTO_CURATED_NEEDS_RELATION_EVIDENCE,2026-09-27,M3 semantic curation of former MAPS_TO_TECHNOLOGY. Source supports the frontier node; direct relation evidence still requires expert review.
EV00577,E00577,S039,NODE_SUPPORT_ONLY,0.56,AUTO_CURATED_NEEDS_RELATION_EVIDENCE,2026-09-27,M3 semantic curation of former MAPS_TO_TECHNOLOGY. Source supports the frontier node; direct relation evidence still requires expert review.
EV00578,E00578,S039,NODE_SUPPORT_ONLY,0.58,AUTO_CURATED_NEEDS_RELATION_EVIDENCE,2026-09-27,M3 semantic curation of former CONTRIBUTES_TO_MEGAPROJECT. Relation is a SINERGY systems interpretation until separately evidenced.
EV00579,E00579,S039,NODE_SUPPORT_ONLY,0.58,AUTO_CURATED_NEEDS_RELATION_EVIDENCE,2026-09-27,M3 semantic curation of former CONTRIBUTES_TO_MEGAPROJECT. Relation is a SINERGY systems interpretation until separately evidenced.
EV00580,E00580,S039,NODE_SUPPORT_ONLY,0.58,AUTO_CURATED_NEEDS_RELATION_EVIDENCE,2026-09-27,M3 semantic curation of former CONTRIBUTES_TO_MEGAPROJECT. Relation is a SINERGY systems interpretation until separately evidenced.
EV00581,E00581,S040,PROVENANCE,0.95,VERIFIED_PROVENANCE,2026-09-27,Canonical source provenance.
EV00582,E00582,S040,ATTRIBUTION,0.78,CURATED_ATTRIBUTION,2026-09-27,Representative author attribution from Frontier Graph 1.0.
EV00583,E00583,S040,ATTRIBUTION,0.78,CURATED_ATTRIBUTION,2026-09-27,Representative author attribution from Frontier Graph 1.0.
EV00584,E00584,S040,ATTRIBUTION,0.68,CURATED_PROGRAM_ASSOCIATION,2026-09-27,Representative institution/program association; not a funding claim.
EV00585,E00585,S040,NODE_SUPPORT_ONLY,0.56,AUTO_CURATED_NEEDS_RELATION_EVIDENCE,2026-09-27,M3 semantic curation of former MAPS_TO_TECHNOLOGY. Source supports the frontier node; direct relation evidence still requires expert review.
EV00586,E00586,S040,NODE_SUPPORT_ONLY,0.56,AUTO_CURATED_NEEDS_RELATION_EVIDENCE,2026-09-27,M3 semantic curation of former MAPS_TO_TECHNOLOGY. Source supports the frontier node; direct relation evidence still requires expert review.
EV00587,E00587,S040,NODE_SUPPORT_ONLY,0.58,AUTO_CURATED_NEEDS_RELATION_EVIDENCE,2026-09-27,M3 semantic curation of former CONTRIBUTES_TO_MEGAPROJECT. Relation is a SINERGY systems interpretation until separately evidenced.
EV00588,E00588,S040,NODE_SUPPORT_ONLY,0.58,AUTO_CURATED_NEEDS_RELATION_EVIDENCE,2026-09-27,M3 semantic curation of former CONTRIBUTES_TO_MEGAPROJECT. Relation is a SINERGY systems interpretation until separately evidenced.
EV00589,E00589,S040,NODE_SUPPORT_ONLY,0.58,AUTO_CURATED_NEEDS_RELATION_EVIDENCE,2026-09-27,M3 semantic curation of former CONTRIBUTES_TO_MEGAPROJECT. Relation is a SINERGY systems interpretation until separately evidenced.
EV00590,E00590,S041,PROVENANCE,0.95,VERIFIED_PROVENANCE,2026-09-27,Canonical source provenance.
EV00591,E00591,S041,ATTRIBUTION,0.78,CURATED_ATTRIBUTION,2026-09-27,Representative author attribution from Frontier Graph 1.0.
EV00592,E00592,S041,ATTRIBUTION,0.78,CURATED_ATTRIBUTION,2026-09-27,Representative author attribution from Frontier Graph 1.0.
EV00593,E00593,S041,ATTRIBUTION,0.78,CURATED_ATTRIBUTION,2026-09-27,Representative author attribution from Frontier Graph 1.0.
EV00594,E00594,S041,NODE_SUPPORT_ONLY,0.56,AUTO_CURATED_NEEDS_RELATION_EVIDENCE,2026-09-27,M3 semantic curation of former MAPS_TO_TECHNOLOGY. Source supports the frontier node; direct relation evidence still requires expert review.
EV00595,E00595,S041,NODE_SUPPORT_ONLY,0.56,AUTO_CURATED_NEEDS_RELATION_EVIDENCE,2026-09-27,M3 semantic curation of former MAPS_TO_TECHNOLOGY. Source supports the frontier node; direct relation evidence still requires expert review.
EV00596,E00596,S041,NODE_SUPPORT_ONLY,0.56,AUTO_CURATED_NEEDS_RELATION_EVIDENCE,2026-09-27,M3 semantic curation of former MAPS_TO_TECHNOLOGY. Source supports the frontier node; direct relation evidence still requires expert review.
EV00597,E00597,S041,NODE_SUPPORT_ONLY,0.58,AUTO_CURATED_NEEDS_RELATION_EVIDENCE,2026-09-27,M3 semantic curation of former CONTRIBUTES_TO_MEGAPROJECT. Relation is a SINERGY systems interpretation until separately evidenced.
EV00598,E00598,S041,NODE_SUPPORT_ONLY,0.58,AUTO_CURATED_NEEDS_RELATION_EVIDENCE,2026-09-27,M3 semantic curation of former CONTRIBUTES_TO_MEGAPROJECT. Relation is a SINERGY systems interpretation until separately evidenced.
EV00599,E00599,S041,NODE_SUPPORT_ONLY,0.58,AUTO_CURATED_NEEDS_RELATION_EVIDENCE,2026-09-27,M3 semantic curation of former CONTRIBUTES_TO_MEGAPROJECT. Relation is a SINERGY systems interpretation until separately evidenced.
EV00600,E00600,S017,PROVENANCE,0.95,VERIFIED_PROVENANCE,2026-09-27,Canonical source provenance.
EV00601,E00601,S017,ATTRIBUTION,0.78,CURATED_ATTRIBUTION,2026-09-27,Representative author attribution from Frontier Graph 1.0.
EV00602,E00602,S017,ATTRIBUTION,0.68,CURATED_PROGRAM_ASSOCIATION,2026-09-27,Representative institution/program association; not a funding claim.
EV00603,E00603,S017,NODE_SUPPORT_ONLY,0.74,AUTO_CURATED_NEEDS_RELATION_EVIDENCE,2026-09-27,M3 semantic curation of former MAPS_TO_TECHNOLOGY. Source supports the frontier node; direct relation evidence still requires expert review.
EV00604,E00604,S017,NODE_SUPPORT_ONLY,0.74,AUTO_CURATED_NEEDS_RELATION_EVIDENCE,2026-09-27,M3 semantic curation of former MAPS_TO_TECHNOLOGY. Source supports the frontier node; direct relation evidence still requires expert review.
EV00605,E00605,S017,NODE_SUPPORT_ONLY,0.69,AUTO_CURATED_NEEDS_RELATION_EVIDENCE,2026-09-27,M3 semantic curation of former CONTRIBUTES_TO_MEGAPROJECT. Relation is a SINERGY systems interpretation until separately evidenced.
EV00606,E00606,S017,NODE_SUPPORT_ONLY,0.69,AUTO_CURATED_NEEDS_RELATION_EVIDENCE,2026-09-27,M3 semantic curation of former CONTRIBUTES_TO_MEGAPROJECT. Relation is a SINERGY systems interpretation until separately evidenced.
EV00607,E00607,S017,NODE_SUPPORT_ONLY,0.69,AUTO_CURATED_NEEDS_RELATION_EVIDENCE,2026-09-27,M3 semantic curation of former CONTRIBUTES_TO_MEGAPROJECT. Relation is a SINERGY systems interpretation until separately evidenced.
EV00608,E00608,S042,PROVENANCE,0.95,VERIFIED_PROVENANCE,2026-09-27,Canonical source provenance.
EV00609,E00609,S042,ATTRIBUTION,0.78,CURATED_ATTRIBUTION,2026-09-27,Representative author attribution from Frontier Graph 1.0.
EV00610,E00610,S042,ATTRIBUTION,0.78,CURATED_ATTRIBUTION,2026-09-27,Representative author attribution from Frontier Graph 1.0.
EV00611,E00611,S042,ATTRIBUTION,0.78,CURATED_ATTRIBUTION,2026-09-27,Representative author attribution from Frontier Graph 1.0.
EV00612,E00612,S042,NODE_SUPPORT_ONLY,0.74,AUTO_CURATED_NEEDS_RELATION_EVIDENCE,2026-09-27,M3 semantic curation of former MAPS_TO_TECHNOLOGY. Source supports the frontier node; direct relation evidence still requires expert review.
EV00613,E00613,S042,NODE_SUPPORT_ONLY,0.69,AUTO_CURATED_NEEDS_RELATION_EVIDENCE,2026-09-27,M3 semantic curation of former CONTRIBUTES_TO_MEGAPROJECT. Relation is a SINERGY systems interpretation until separately evidenced.
EV00614,E00614,S042,NODE_SUPPORT_ONLY,0.69,AUTO_CURATED_NEEDS_RELATION_EVIDENCE,2026-09-27,M3 semantic curation of former CONTRIBUTES_TO_MEGAPROJECT. Relation is a SINERGY systems interpretation until separately evidenced.
EV00615,E00615,S043,PROVENANCE,0.95,VERIFIED_PROVENANCE,2026-09-27,Canonical source provenance.
EV00616,E00616,S043,ATTRIBUTION,0.78,CURATED_ATTRIBUTION,2026-09-27,Representative author attribution from Frontier Graph 1.0.
EV00617,E00617,S043,ATTRIBUTION,0.78,CURATED_ATTRIBUTION,2026-09-27,Representative author attribution from Frontier Graph 1.0.
EV00618,E00618,S043,ATTRIBUTION,0.78,CURATED_ATTRIBUTION,2026-09-27,Representative author attribution from Frontier Graph 1.0.
EV00619,E00619,S043,NODE_SUPPORT_ONLY,0.74,AUTO_CURATED_NEEDS_RELATION_EVIDENCE,2026-09-27,M3 semantic curation of former MAPS_TO_TECHNOLOGY. Source supports the frontier node; direct relation evidence still requires expert review.
EV00620,E00620,S043,NODE_SUPPORT_ONLY,0.69,AUTO_CURATED_NEEDS_RELATION_EVIDENCE,2026-09-27,M3 semantic curation of former CONTRIBUTES_TO_MEGAPROJECT. Relation is a SINERGY systems interpretation until separately evidenced.
EV00621,E00621,S043,NODE_SUPPORT_ONLY,0.69,AUTO_CURATED_NEEDS_RELATION_EVIDENCE,2026-09-27,M3 semantic curation of former CONTRIBUTES_TO_MEGAPROJECT. Relation is a SINERGY systems interpretation until separately evidenced.
EV00622,E00622,S044,PROVENANCE,0.95,VERIFIED_PROVENANCE,2026-09-27,Canonical source provenance.
EV00623,E00623,S044,ATTRIBUTION,0.78,CURATED_ATTRIBUTION,2026-09-27,Representative author attribution from Frontier Graph 1.0.
EV00624,E00624,S044,ATTRIBUTION,0.78,CURATED_ATTRIBUTION,2026-09-27,Representative author attribution from Frontier Graph 1.0.
EV00625,E00625,S044,ATTRIBUTION,0.78,CURATED_ATTRIBUTION,2026-09-27,Representative author attribution from Frontier Graph 1.0.
EV00626,E00626,S044,ATTRIBUTION,0.78,CURATED_ATTRIBUTION,2026-09-27,Representative author attribution from Frontier Graph 1.0.
EV00627,E00627,S044,NODE_SUPPORT_ONLY,0.56,AUTO_CURATED_NEEDS_RELATION_EVIDENCE,2026-09-27,M3 semantic curation of former MAPS_TO_TECHNOLOGY. Source supports the frontier node; direct relation evidence still requires expert review.
EV00628,E00628,S044,NODE_SUPPORT_ONLY,0.56,AUTO_CURATED_NEEDS_RELATION_EVIDENCE,2026-09-27,M3 semantic curation of former MAPS_TO_TECHNOLOGY. Source supports the frontier node; direct relation evidence still requires expert review.
EV00629,E00629,S044,NODE_SUPPORT_ONLY,0.58,AUTO_CURATED_NEEDS_RELATION_EVIDENCE,2026-09-27,M3 semantic curation of former CONTRIBUTES_TO_MEGAPROJECT. Relation is a SINERGY systems interpretation until separately evidenced.
EV00630,E00630,S044,NODE_SUPPORT_ONLY,0.58,AUTO_CURATED_NEEDS_RELATION_EVIDENCE,2026-09-27,M3 semantic curation of former CONTRIBUTES_TO_MEGAPROJECT. Relation is a SINERGY systems interpretation until separately evidenced.
EV00631,E00631,S044,NODE_SUPPORT_ONLY,0.58,AUTO_CURATED_NEEDS_RELATION_EVIDENCE,2026-09-27,M3 semantic curation of former CONTRIBUTES_TO_MEGAPROJECT. Relation is a SINERGY systems interpretation until separately evidenced.
EV00632,E00632,S045,PROVENANCE,0.95,VERIFIED_PROVENANCE,2026-09-27,Canonical source provenance.
EV00633,E00633,S045,ATTRIBUTION,0.78,CURATED_ATTRIBUTION,2026-09-27,Representative author attribution from Frontier Graph 1.0.
EV00634,E00634,S045,ATTRIBUTION,0.78,CURATED_ATTRIBUTION,2026-09-27,Representative author attribution from Frontier Graph 1.0.
EV00635,E00635,S045,ATTRIBUTION,0.78,CURATED_ATTRIBUTION,2026-09-27,Representative author attribution from Frontier Graph 1.0.
EV00636,E00636,S045,ATTRIBUTION,0.68,CURATED_PROGRAM_ASSOCIATION,2026-09-27,Representative institution/program association; not a funding claim.
EV00637,E00637,S045,NODE_SUPPORT_ONLY,0.74,AUTO_CURATED_NEEDS_RELATION_EVIDENCE,2026-09-27,M3 semantic curation of former MAPS_TO_TECHNOLOGY. Source supports the frontier node; direct relation evidence still requires expert review.
EV00638,E00638,S045,NODE_SUPPORT_ONLY,0.74,AUTO_CURATED_NEEDS_RELATION_EVIDENCE,2026-09-27,M3 semantic curation of former MAPS_TO_TECHNOLOGY. Source supports the frontier node; direct relation evidence still requires expert review.
EV00639,E00639,S045,NODE_SUPPORT_ONLY,0.69,AUTO_CURATED_NEEDS_RELATION_EVIDENCE,2026-09-27,M3 semantic curation of former CONTRIBUTES_TO_MEGAPROJECT. Relation is a SINERGY systems interpretation until separately evidenced.
EV00640,E00640,S045,NODE_SUPPORT_ONLY,0.69,AUTO_CURATED_NEEDS_RELATION_EVIDENCE,2026-09-27,M3 semantic curation of former CONTRIBUTES_TO_MEGAPROJECT. Relation is a SINERGY systems interpretation until separately evidenced.
EV00641,E00641,S045,NODE_SUPPORT_ONLY,0.69,AUTO_CURATED_NEEDS_RELATION_EVIDENCE,2026-09-27,M3 semantic curation of former CONTRIBUTES_TO_MEGAPROJECT. Relation is a SINERGY systems interpretation until separately evidenced.
EV00642,E00642,S046,PROVENANCE,0.95,VERIFIED_PROVENANCE,2026-09-27,Canonical source provenance.
EV00643,E00643,S046,ATTRIBUTION,0.78,CURATED_ATTRIBUTION,2026-09-27,Representative author attribution from Frontier Graph 1.0.
EV00644,E00644,S046,NODE_SUPPORT_ONLY,0.74,AUTO_CURATED_NEEDS_RELATION_EVIDENCE,2026-09-27,M3 semantic curation of former MAPS_TO_TECHNOLOGY. Source supports the frontier node; direct relation evidence still requires expert review.
EV00645,E00645,S046,NODE_SUPPORT_ONLY,0.74,AUTO_CURATED_NEEDS_RELATION_EVIDENCE,2026-09-27,M3 semantic curation of former MAPS_TO_TECHNOLOGY. Source supports the frontier node; direct relation evidence still requires expert review.
EV00646,E00646,S046,NODE_SUPPORT_ONLY,0.69,AUTO_CURATED_NEEDS_RELATION_EVIDENCE,2026-09-27,M3 semantic curation of former CONTRIBUTES_TO_MEGAPROJECT. Relation is a SINERGY systems interpretation until separately evidenced.
EV00647,E00647,S046,NODE_SUPPORT_ONLY,0.69,AUTO_CURATED_NEEDS_RELATION_EVIDENCE,2026-09-27,M3 semantic curation of former CONTRIBUTES_TO_MEGAPROJECT. Relation is a SINERGY systems interpretation until separately evidenced.
EV00648,E00648,S046,NODE_SUPPORT_ONLY,0.69,AUTO_CURATED_NEEDS_RELATION_EVIDENCE,2026-09-27,M3 semantic curation of former CONTRIBUTES_TO_MEGAPROJECT. Relation is a SINERGY systems interpretation until separately evidenced.
EV00649,E00649,S047,PROVENANCE,0.95,VERIFIED_PROVENANCE,2026-09-27,Canonical source provenance.
EV00650,E00650,S047,ATTRIBUTION,0.78,CURATED_ATTRIBUTION,2026-09-27,Representative author attribution from Frontier Graph 1.0.
EV00651,E00651,S047,ATTRIBUTION,0.68,CURATED_PROGRAM_ASSOCIATION,2026-09-27,Representative institution/program association; not a funding claim.
EV00652,E00652,S047,NODE_SUPPORT_ONLY,0.72,AUTO_CURATED_NEEDS_RELATION_EVIDENCE,2026-09-27,M3 semantic curation of former MAPS_TO_TECHNOLOGY. Source supports the frontier node; direct relation evidence still requires expert review.
EV00653,E00653,S047,NODE_SUPPORT_ONLY,0.72,AUTO_CURATED_NEEDS_RELATION_EVIDENCE,2026-09-27,M3 semantic curation of former MAPS_TO_TECHNOLOGY. Source supports the frontier node; direct relation evidence still requires expert review.
EV00654,E00654,S047,NODE_SUPPORT_ONLY,0.72,AUTO_CURATED_NEEDS_RELATION_EVIDENCE,2026-09-27,M3 semantic curation of former MAPS_TO_TECHNOLOGY. Source supports the frontier node; direct relation evidence still requires expert review.
EV00655,E00655,S047,NODE_SUPPORT_ONLY,0.72,AUTO_CURATED_NEEDS_RELATION_EVIDENCE,2026-09-27,M3 semantic curation of former MAPS_TO_TECHNOLOGY. Source supports the frontier node; direct relation evidence still requires expert review.
EV00656,E00656,S047,NODE_SUPPORT_ONLY,0.58,AUTO_CURATED_NEEDS_RELATION_EVIDENCE,2026-09-27,M3 semantic curation of former CONTRIBUTES_TO_MEGAPROJECT. Relation is a SINERGY systems interpretation until separately evidenced.
EV00657,E00657,S047,NODE_SUPPORT_ONLY,0.58,AUTO_CURATED_NEEDS_RELATION_EVIDENCE,2026-09-27,M3 semantic curation of former CONTRIBUTES_TO_MEGAPROJECT. Relation is a SINERGY systems interpretation until separately evidenced.
EV00658,E00658,S047,NODE_SUPPORT_ONLY,0.58,AUTO_CURATED_NEEDS_RELATION_EVIDENCE,2026-09-27,M3 semantic curation of former CONTRIBUTES_TO_MEGAPROJECT. Relation is a SINERGY systems interpretation until separately evidenced.
EV00659,E00659,S047,NODE_SUPPORT_ONLY,0.58,AUTO_CURATED_NEEDS_RELATION_EVIDENCE,2026-09-27,M3 semantic curation of former CONTRIBUTES_TO_MEGAPROJECT. Relation is a SINERGY systems interpretation until separately evidenced.
EV00660,E00660,S048,PROVENANCE,0.95,VERIFIED_PROVENANCE,2026-09-27,Canonical source provenance.
EV00661,E00661,S048,ATTRIBUTION,0.78,CURATED_ATTRIBUTION,2026-09-27,Representative author attribution from Frontier Graph 1.0.
EV00662,E00662,S048,ATTRIBUTION,0.68,CURATED_PROGRAM_ASSOCIATION,2026-09-27,Representative institution/program association; not a funding claim.
EV00663,E00663,S048,NODE_SUPPORT_ONLY,0.56,AUTO_CURATED_NEEDS_RELATION_EVIDENCE,2026-09-27,M3 semantic curation of former MAPS_TO_TECHNOLOGY. Source supports the frontier node; direct relation evidence still requires expert review.
EV00664,E00664,S048,NODE_SUPPORT_ONLY,0.56,AUTO_CURATED_NEEDS_RELATION_EVIDENCE,2026-09-27,M3 semantic curation of former MAPS_TO_TECHNOLOGY. Source supports the frontier node; direct relation evidence still requires expert review.
EV00665,E00665,S048,NODE_SUPPORT_ONLY,0.56,AUTO_CURATED_NEEDS_RELATION_EVIDENCE,2026-09-27,M3 semantic curation of former MAPS_TO_TECHNOLOGY. Source supports the frontier node; direct relation evidence still requires expert review.
EV00666,E00666,S048,NODE_SUPPORT_ONLY,0.56,AUTO_CURATED_NEEDS_RELATION_EVIDENCE,2026-09-27,M3 semantic curation of former MAPS_TO_TECHNOLOGY. Source supports the frontier node; direct relation evidence still requires expert review.
EV00667,E00667,S048,NODE_SUPPORT_ONLY,0.56,AUTO_CURATED_NEEDS_RELATION_EVIDENCE,2026-09-27,M3 semantic curation of former MAPS_TO_TECHNOLOGY. Source supports the frontier node; direct relation evidence still requires expert review.
EV00668,E00668,S048,NODE_SUPPORT_ONLY,0.56,AUTO_CURATED_NEEDS_RELATION_EVIDENCE,2026-09-27,M3 semantic curation of former MAPS_TO_TECHNOLOGY. Source supports the frontier node; direct relation evidence still requires expert review.
EV00669,E00669,S048,NODE_SUPPORT_ONLY,0.58,AUTO_CURATED_NEEDS_RELATION_EVIDENCE,2026-09-27,M3 semantic curation of former CONTRIBUTES_TO_MEGAPROJECT. Relation is a SINERGY systems interpretation until separately evidenced.
EV00670,E00670,S048,NODE_SUPPORT_ONLY,0.58,AUTO_CURATED_NEEDS_RELATION_EVIDENCE,2026-09-27,M3 semantic curation of former CONTRIBUTES_TO_MEGAPROJECT. Relation is a SINERGY systems interpretation until separately evidenced.
EV00671,E00671,S048,NODE_SUPPORT_ONLY,0.58,AUTO_CURATED_NEEDS_RELATION_EVIDENCE,2026-09-27,M3 semantic curation of former CONTRIBUTES_TO_MEGAPROJECT. Relation is a SINERGY systems interpretation until separately evidenced.
EV00672,E00672,S048,NODE_SUPPORT_ONLY,0.58,AUTO_CURATED_NEEDS_RELATION_EVIDENCE,2026-09-27,M3 semantic curation of former CONTRIBUTES_TO_MEGAPROJECT. Relation is a SINERGY systems interpretation until separately evidenced.
EV00673,E00673,S010,PROVENANCE,0.95,VERIFIED_PROVENANCE,2026-09-27,Canonical source provenance.
EV00674,E00674,S010,ATTRIBUTION,0.78,CURATED_ATTRIBUTION,2026-09-27,Representative author attribution from Frontier Graph 1.0.
EV00675,E00675,S010,ATTRIBUTION,0.78,CURATED_ATTRIBUTION,2026-09-27,Representative author attribution from Frontier Graph 1.0.
EV00676,E00676,S010,ATTRIBUTION,0.68,CURATED_PROGRAM_ASSOCIATION,2026-09-27,Representative institution/program association; not a funding claim.
EV00677,E00677,S010,NODE_SUPPORT_ONLY,0.72,AUTO_CURATED_NEEDS_RELATION_EVIDENCE,2026-09-27,M3 semantic curation of former MAPS_TO_TECHNOLOGY. Source supports the frontier node; direct relation evidence still requires expert review.
EV00678,E00678,S010,NODE_SUPPORT_ONLY,0.72,AUTO_CURATED_NEEDS_RELATION_EVIDENCE,2026-09-27,M3 semantic curation of former MAPS_TO_TECHNOLOGY. Source supports the frontier node; direct relation evidence still requires expert review.
EV00679,E00679,S010,NODE_SUPPORT_ONLY,0.72,AUTO_CURATED_NEEDS_RELATION_EVIDENCE,2026-09-27,M3 semantic curation of former MAPS_TO_TECHNOLOGY. Source supports the frontier node; direct relation evidence still requires expert review.
EV00680,E00680,S010,NODE_SUPPORT_ONLY,0.72,AUTO_CURATED_NEEDS_RELATION_EVIDENCE,2026-09-27,M3 semantic curation of former MAPS_TO_TECHNOLOGY. Source supports the frontier node; direct relation evidence still requires expert review.
EV00681,E00681,S010,NODE_SUPPORT_ONLY,0.58,AUTO_CURATED_NEEDS_RELATION_EVIDENCE,2026-09-27,M3 semantic curation of former CONTRIBUTES_TO_MEGAPROJECT. Relation is a SINERGY systems interpretation until separately evidenced.
EV00682,E00682,S010,NODE_SUPPORT_ONLY,0.58,AUTO_CURATED_NEEDS_RELATION_EVIDENCE,2026-09-27,M3 semantic curation of former CONTRIBUTES_TO_MEGAPROJECT. Relation is a SINERGY systems interpretation until separately evidenced.
EV00683,E00683,S049,PROVENANCE,0.95,VERIFIED_PROVENANCE,2026-09-27,Canonical source provenance.
EV00684,E00684,S049,ATTRIBUTION,0.78,CURATED_ATTRIBUTION,2026-09-27,Representative author attribution from Frontier Graph 1.0.
EV00685,E00685,S049,NODE_SUPPORT_ONLY,0.72,AUTO_CURATED_NEEDS_RELATION_EVIDENCE,2026-09-27,M3 semantic curation of former MAPS_TO_TECHNOLOGY. Source supports the frontier node; direct relation evidence still requires expert review.
EV00686,E00686,S049,NODE_SUPPORT_ONLY,0.72,AUTO_CURATED_NEEDS_RELATION_EVIDENCE,2026-09-27,M3 semantic curation of former MAPS_TO_TECHNOLOGY. Source supports the frontier node; direct relation evidence still requires expert review.
EV00687,E00687,S049,NODE_SUPPORT_ONLY,0.72,AUTO_CURATED_NEEDS_RELATION_EVIDENCE,2026-09-27,M3 semantic curation of former MAPS_TO_TECHNOLOGY. Source supports the frontier node; direct relation evidence still requires expert review.
EV00688,E00688,S049,NODE_SUPPORT_ONLY,0.72,AUTO_CURATED_NEEDS_RELATION_EVIDENCE,2026-09-27,M3 semantic curation of former MAPS_TO_TECHNOLOGY. Source supports the frontier node; direct relation evidence still requires expert review.
EV00689,E00689,S049,NODE_SUPPORT_ONLY,0.58,AUTO_CURATED_NEEDS_RELATION_EVIDENCE,2026-09-27,M3 semantic curation of former CONTRIBUTES_TO_MEGAPROJECT. Relation is a SINERGY systems interpretation until separately evidenced.
EV00690,E00690,S049,NODE_SUPPORT_ONLY,0.58,AUTO_CURATED_NEEDS_RELATION_EVIDENCE,2026-09-27,M3 semantic curation of former CONTRIBUTES_TO_MEGAPROJECT. Relation is a SINERGY systems interpretation until separately evidenced.
EV00691,E00691,S050,PROVENANCE,0.95,VERIFIED_PROVENANCE,2026-09-27,Canonical source provenance.
EV00692,E00692,S050,ATTRIBUTION,0.78,CURATED_ATTRIBUTION,2026-09-27,Representative author attribution from Frontier Graph 1.0.
EV00693,E00693,S050,ATTRIBUTION,0.78,CURATED_ATTRIBUTION,2026-09-27,Representative author attribution from Frontier Graph 1.0.
EV00694,E00694,S050,ATTRIBUTION,0.78,CURATED_ATTRIBUTION,2026-09-27,Representative author attribution from Frontier Graph 1.0.
EV00695,E00695,S050,ATTRIBUTION,0.68,CURATED_PROGRAM_ASSOCIATION,2026-09-27,Representative institution/program association; not a funding claim.
EV00696,E00696,S050,NODE_SUPPORT_ONLY,0.56,AUTO_CURATED_NEEDS_RELATION_EVIDENCE,2026-09-27,M3 semantic curation of former MAPS_TO_TECHNOLOGY. Source supports the frontier node; direct relation evidence still requires expert review.
EV00697,E00697,S050,NODE_SUPPORT_ONLY,0.56,AUTO_CURATED_NEEDS_RELATION_EVIDENCE,2026-09-27,M3 semantic curation of former MAPS_TO_TECHNOLOGY. Source supports the frontier node; direct relation evidence still requires expert review.
EV00698,E00698,S050,NODE_SUPPORT_ONLY,0.56,AUTO_CURATED_NEEDS_RELATION_EVIDENCE,2026-09-27,M3 semantic curation of former MAPS_TO_TECHNOLOGY. Source supports the frontier node; direct relation evidence still requires expert review.
EV00699,E00699,S050,NODE_SUPPORT_ONLY,0.56,AUTO_CURATED_NEEDS_RELATION_EVIDENCE,2026-09-27,M3 semantic curation of former MAPS_TO_TECHNOLOGY. Source supports the frontier node; direct relation evidence still requires expert review.
EV00700,E00700,S050,NODE_SUPPORT_ONLY,0.56,AUTO_CURATED_NEEDS_RELATION_EVIDENCE,2026-09-27,M3 semantic curation of former MAPS_TO_TECHNOLOGY. Source supports the frontier node; direct relation evidence still requires expert review.
EV00701,E00701,S050,NODE_SUPPORT_ONLY,0.56,AUTO_CURATED_NEEDS_RELATION_EVIDENCE,2026-09-27,M3 semantic curation of former MAPS_TO_TECHNOLOGY. Source supports the frontier node; direct relation evidence still requires expert review.
EV00702,E00702,S050,NODE_SUPPORT_ONLY,0.66,AUTO_CURATED_NEEDS_RELATION_EVIDENCE,2026-09-27,M3 semantic curation of former CONTRIBUTES_TO_MEGAPROJECT. Relation is a SINERGY systems interpretation until separately evidenced.
EV00703,E00703,S050,NODE_SUPPORT_ONLY,0.66,AUTO_CURATED_NEEDS_RELATION_EVIDENCE,2026-09-27,M3 semantic curation of former CONTRIBUTES_TO_MEGAPROJECT. Relation is a SINERGY systems interpretation until separately evidenced.
EV00704,E00704,S050,NODE_SUPPORT_ONLY,0.66,AUTO_CURATED_NEEDS_RELATION_EVIDENCE,2026-09-27,M3 semantic curation of former CONTRIBUTES_TO_MEGAPROJECT. Relation is a SINERGY systems interpretation until separately evidenced.
EV00705,E00705,S050,NODE_SUPPORT_ONLY,0.66,AUTO_CURATED_NEEDS_RELATION_EVIDENCE,2026-09-27,M3 semantic curation of former CONTRIBUTES_TO_MEGAPROJECT. Relation is a SINERGY systems interpretation until separately evidenced.
EV00706,E00706,S051,PROVENANCE,0.95,VERIFIED_PROVENANCE,2026-09-27,Canonical source provenance.
EV00707,E00707,S051,ATTRIBUTION,0.78,CURATED_ATTRIBUTION,2026-09-27,Representative author attribution from Frontier Graph 1.0.
EV00708,E00708,S051,ATTRIBUTION,0.78,CURATED_ATTRIBUTION,2026-09-27,Representative author attribution from Frontier Graph 1.0.
EV00709,E00709,S051,ATTRIBUTION,0.78,CURATED_ATTRIBUTION,2026-09-27,Representative author attribution from Frontier Graph 1.0.
EV00710,E00710,S051,ATTRIBUTION,0.78,CURATED_ATTRIBUTION,2026-09-27,Representative author attribution from Frontier Graph 1.0.
EV00711,E00711,S051,NODE_SUPPORT_ONLY,0.74,AUTO_CURATED_NEEDS_RELATION_EVIDENCE,2026-09-27,M3 semantic curation of former MAPS_TO_TECHNOLOGY. Source supports the frontier node; direct relation evidence still requires expert review.
EV00712,E00712,S051,NODE_SUPPORT_ONLY,0.74,AUTO_CURATED_NEEDS_RELATION_EVIDENCE,2026-09-27,M3 semantic curation of former MAPS_TO_TECHNOLOGY. Source supports the frontier node; direct relation evidence still requires expert review.
EV00713,E00713,S051,NODE_SUPPORT_ONLY,0.74,AUTO_CURATED_NEEDS_RELATION_EVIDENCE,2026-09-27,M3 semantic curation of former MAPS_TO_TECHNOLOGY. Source supports the frontier node; direct relation evidence still requires expert review.
EV00714,E00714,S051,NODE_SUPPORT_ONLY,0.74,AUTO_CURATED_NEEDS_RELATION_EVIDENCE,2026-09-27,M3 semantic curation of former MAPS_TO_TECHNOLOGY. Source supports the frontier node; direct relation evidence still requires expert review.
EV00715,E00715,S051,NODE_SUPPORT_ONLY,0.58,AUTO_CURATED_NEEDS_RELATION_EVIDENCE,2026-09-27,M3 semantic curation of former CONTRIBUTES_TO_MEGAPROJECT. Relation is a SINERGY systems interpretation until separately evidenced.
EV00716,E00716,S051,NODE_SUPPORT_ONLY,0.58,AUTO_CURATED_NEEDS_RELATION_EVIDENCE,2026-09-27,M3 semantic curation of former CONTRIBUTES_TO_MEGAPROJECT. Relation is a SINERGY systems interpretation until separately evidenced.
EV00717,E00717,S052,PROVENANCE,0.95,VERIFIED_PROVENANCE,2026-09-27,Canonical source provenance.
EV00718,E00718,S052,ATTRIBUTION,0.78,CURATED_ATTRIBUTION,2026-09-27,Representative author attribution from Frontier Graph 1.0.
EV00719,E00719,S052,ATTRIBUTION,0.78,CURATED_ATTRIBUTION,2026-09-27,Representative author attribution from Frontier Graph 1.0.
EV00720,E00720,S052,ATTRIBUTION,0.78,CURATED_ATTRIBUTION,2026-09-27,Representative author attribution from Frontier Graph 1.0.
EV00721,E00721,S052,ATTRIBUTION,0.78,CURATED_ATTRIBUTION,2026-09-27,Representative author attribution from Frontier Graph 1.0.
EV00722,E00722,S052,ATTRIBUTION,0.78,CURATED_ATTRIBUTION,2026-09-27,Representative author attribution from Frontier Graph 1.0.
EV00723,E00723,S052,NODE_SUPPORT_ONLY,0.74,AUTO_CURATED_NEEDS_RELATION_EVIDENCE,2026-09-27,M3 semantic curation of former MAPS_TO_TECHNOLOGY. Source supports the frontier node; direct relation evidence still requires expert review.
EV00724,E00724,S052,NODE_SUPPORT_ONLY,0.74,AUTO_CURATED_NEEDS_RELATION_EVIDENCE,2026-09-27,M3 semantic curation of former MAPS_TO_TECHNOLOGY. Source supports the frontier node; direct relation evidence still requires expert review.
EV00725,E00725,S052,NODE_SUPPORT_ONLY,0.74,AUTO_CURATED_NEEDS_RELATION_EVIDENCE,2026-09-27,M3 semantic curation of former MAPS_TO_TECHNOLOGY. Source supports the frontier node; direct relation evidence still requires expert review.
EV00726,E00726,S052,NODE_SUPPORT_ONLY,0.74,AUTO_CURATED_NEEDS_RELATION_EVIDENCE,2026-09-27,M3 semantic curation of former MAPS_TO_TECHNOLOGY. Source supports the frontier node; direct relation evidence still requires expert review.
EV00727,E00727,S052,NODE_SUPPORT_ONLY,0.58,AUTO_CURATED_NEEDS_RELATION_EVIDENCE,2026-09-27,M3 semantic curation of former CONTRIBUTES_TO_MEGAPROJECT. Relation is a SINERGY systems interpretation until separately evidenced.
EV00728,E00728,S052,NODE_SUPPORT_ONLY,0.58,AUTO_CURATED_NEEDS_RELATION_EVIDENCE,2026-09-27,M3 semantic curation of former CONTRIBUTES_TO_MEGAPROJECT. Relation is a SINERGY systems interpretation until separately evidenced.
EV00729,E00729,S053,PROVENANCE,0.95,VERIFIED_PROVENANCE,2026-09-27,Canonical source provenance.
EV00730,E00730,S053,ATTRIBUTION,0.78,CURATED_ATTRIBUTION,2026-09-27,Representative author attribution from Frontier Graph 1.0.
EV00731,E00731,S053,ATTRIBUTION,0.78,CURATED_ATTRIBUTION,2026-09-27,Representative author attribution from Frontier Graph 1.0.
EV00732,E00732,S053,ATTRIBUTION,0.78,CURATED_ATTRIBUTION,2026-09-27,Representative author attribution from Frontier Graph 1.0.
EV00733,E00733,S053,ATTRIBUTION,0.78,CURATED_ATTRIBUTION,2026-09-27,Representative author attribution from Frontier Graph 1.0.
EV00734,E00734,S053,NODE_SUPPORT_ONLY,0.74,AUTO_CURATED_NEEDS_RELATION_EVIDENCE,2026-09-27,M3 semantic curation of former MAPS_TO_TECHNOLOGY. Source supports the frontier node; direct relation evidence still requires expert review.
EV00735,E00735,S053,NODE_SUPPORT_ONLY,0.74,AUTO_CURATED_NEEDS_RELATION_EVIDENCE,2026-09-27,M3 semantic curation of former MAPS_TO_TECHNOLOGY. Source supports the frontier node; direct relation evidence still requires expert review.
EV00736,E00736,S053,NODE_SUPPORT_ONLY,0.74,AUTO_CURATED_NEEDS_RELATION_EVIDENCE,2026-09-27,M3 semantic curation of former MAPS_TO_TECHNOLOGY. Source supports the frontier node; direct relation evidence still requires expert review.
EV00737,E00737,S053,NODE_SUPPORT_ONLY,0.74,AUTO_CURATED_NEEDS_RELATION_EVIDENCE,2026-09-27,M3 semantic curation of former MAPS_TO_TECHNOLOGY. Source supports the frontier node; direct relation evidence still requires expert review.
EV00738,E00738,S053,NODE_SUPPORT_ONLY,0.58,AUTO_CURATED_NEEDS_RELATION_EVIDENCE,2026-09-27,M3 semantic curation of former CONTRIBUTES_TO_MEGAPROJECT. Relation is a SINERGY systems interpretation until separately evidenced.
EV00739,E00739,S053,NODE_SUPPORT_ONLY,0.58,AUTO_CURATED_NEEDS_RELATION_EVIDENCE,2026-09-27,M3 semantic curation of former CONTRIBUTES_TO_MEGAPROJECT. Relation is a SINERGY systems interpretation until separately evidenced.
EV00740,E00740,S054,PROVENANCE,0.95,VERIFIED_PROVENANCE,2026-09-27,Canonical source provenance.
EV00741,E00741,S054,ATTRIBUTION,0.78,CURATED_ATTRIBUTION,2026-09-27,Representative author attribution from Frontier Graph 1.0.
EV00742,E00742,S054,ATTRIBUTION,0.68,CURATED_PROGRAM_ASSOCIATION,2026-09-27,Representative institution/program association; not a funding claim.
EV00743,E00743,S054,NODE_SUPPORT_ONLY,0.56,AUTO_CURATED_NEEDS_RELATION_EVIDENCE,2026-09-27,M3 semantic curation of former MAPS_TO_TECHNOLOGY. Source supports the frontier node; direct relation evidence still requires expert review.
EV00744,E00744,S054,NODE_SUPPORT_ONLY,0.56,AUTO_CURATED_NEEDS_RELATION_EVIDENCE,2026-09-27,M3 semantic curation of former MAPS_TO_TECHNOLOGY. Source supports the frontier node; direct relation evidence still requires expert review.
EV00745,E00745,S054,NODE_SUPPORT_ONLY,0.56,AUTO_CURATED_NEEDS_RELATION_EVIDENCE,2026-09-27,M3 semantic curation of former MAPS_TO_TECHNOLOGY. Source supports the frontier node; direct relation evidence still requires expert review.
EV00746,E00746,S054,NODE_SUPPORT_ONLY,0.56,AUTO_CURATED_NEEDS_RELATION_EVIDENCE,2026-09-27,M3 semantic curation of former MAPS_TO_TECHNOLOGY. Source supports the frontier node; direct relation evidence still requires expert review.
EV00747,E00747,S054,NODE_SUPPORT_ONLY,0.58,AUTO_CURATED_NEEDS_RELATION_EVIDENCE,2026-09-27,M3 semantic curation of former CONTRIBUTES_TO_MEGAPROJECT. Relation is a SINERGY systems interpretation until separately evidenced.
EV00748,E00748,S054,NODE_SUPPORT_ONLY,0.58,AUTO_CURATED_NEEDS_RELATION_EVIDENCE,2026-09-27,M3 semantic curation of former CONTRIBUTES_TO_MEGAPROJECT. Relation is a SINERGY systems interpretation until separately evidenced.
EV00749,E00749,S055,PROVENANCE,0.95,VERIFIED_PROVENANCE,2026-09-27,Canonical source provenance.
EV00750,E00750,S055,ATTRIBUTION,0.78,CURATED_ATTRIBUTION,2026-09-27,Representative author attribution from Frontier Graph 1.0.
EV00751,E00751,S055,ATTRIBUTION,0.78,CURATED_ATTRIBUTION,2026-09-27,Representative author attribution from Frontier Graph 1.0.
EV00752,E00752,S055,ATTRIBUTION,0.78,CURATED_ATTRIBUTION,2026-09-27,Representative author attribution from Frontier Graph 1.0.
EV00753,E00753,S055,ATTRIBUTION,0.78,CURATED_ATTRIBUTION,2026-09-27,Representative author attribution from Frontier Graph 1.0.
EV00754,E00754,S055,NODE_SUPPORT_ONLY,0.74,AUTO_CURATED_NEEDS_RELATION_EVIDENCE,2026-09-27,M3 semantic curation of former MAPS_TO_TECHNOLOGY. Source supports the frontier node; direct relation evidence still requires expert review.
EV00755,E00755,S055,NODE_SUPPORT_ONLY,0.74,AUTO_CURATED_NEEDS_RELATION_EVIDENCE,2026-09-27,M3 semantic curation of former MAPS_TO_TECHNOLOGY. Source supports the frontier node; direct relation evidence still requires expert review.
EV00756,E00756,S055,NODE_SUPPORT_ONLY,0.74,AUTO_CURATED_NEEDS_RELATION_EVIDENCE,2026-09-27,M3 semantic curation of former MAPS_TO_TECHNOLOGY. Source supports the frontier node; direct relation evidence still requires expert review.
EV00757,E00757,S055,NODE_SUPPORT_ONLY,0.74,AUTO_CURATED_NEEDS_RELATION_EVIDENCE,2026-09-27,M3 semantic curation of former MAPS_TO_TECHNOLOGY. Source supports the frontier node; direct relation evidence still requires expert review.
EV00758,E00758,S055,NODE_SUPPORT_ONLY,0.58,AUTO_CURATED_NEEDS_RELATION_EVIDENCE,2026-09-27,M3 semantic curation of former CONTRIBUTES_TO_MEGAPROJECT. Relation is a SINERGY systems interpretation until separately evidenced.
EV00759,E00759,S055,NODE_SUPPORT_ONLY,0.58,AUTO_CURATED_NEEDS_RELATION_EVIDENCE,2026-09-27,M3 semantic curation of former CONTRIBUTES_TO_MEGAPROJECT. Relation is a SINERGY systems interpretation until separately evidenced.
EV00760,E00760,S055,NODE_SUPPORT_ONLY,0.58,AUTO_CURATED_NEEDS_RELATION_EVIDENCE,2026-09-27,M3 semantic curation of former CONTRIBUTES_TO_MEGAPROJECT. Relation is a SINERGY systems interpretation until separately evidenced.
EV00761,E00761,S055,NODE_SUPPORT_ONLY,0.58,AUTO_CURATED_NEEDS_RELATION_EVIDENCE,2026-09-27,M3 semantic curation of former CONTRIBUTES_TO_MEGAPROJECT. Relation is a SINERGY systems interpretation until separately evidenced.
EV00762,E00762,S056,PROVENANCE,0.95,VERIFIED_PROVENANCE,2026-09-27,Canonical source provenance.
EV00763,E00763,S056,ATTRIBUTION,0.78,CURATED_ATTRIBUTION,2026-09-27,Representative author attribution from Frontier Graph 1.0.
EV00764,E00764,S056,ATTRIBUTION,0.78,CURATED_ATTRIBUTION,2026-09-27,Representative author attribution from Frontier Graph 1.0.
EV00765,E00765,S056,ATTRIBUTION,0.78,CURATED_ATTRIBUTION,2026-09-27,Representative author attribution from Frontier Graph 1.0.
EV00766,E00766,S056,ATTRIBUTION,0.78,CURATED_ATTRIBUTION,2026-09-27,Representative author attribution from Frontier Graph 1.0.
EV00767,E00767,S056,ATTRIBUTION,0.78,CURATED_ATTRIBUTION,2026-09-27,Representative author attribution from Frontier Graph 1.0.
EV00768,E00768,S056,ATTRIBUTION,0.78,CURATED_ATTRIBUTION,2026-09-27,Representative author attribution from Frontier Graph 1.0.
EV00769,E00769,S056,NODE_SUPPORT_ONLY,0.56,AUTO_CURATED_NEEDS_RELATION_EVIDENCE,2026-09-27,M3 semantic curation of former MAPS_TO_TECHNOLOGY. Source supports the frontier node; direct relation evidence still requires expert review.
EV00770,E00770,S056,NODE_SUPPORT_ONLY,0.56,AUTO_CURATED_NEEDS_RELATION_EVIDENCE,2026-09-27,M3 semantic curation of former MAPS_TO_TECHNOLOGY. Source supports the frontier node; direct relation evidence still requires expert review.
EV00771,E00771,S056,NODE_SUPPORT_ONLY,0.56,AUTO_CURATED_NEEDS_RELATION_EVIDENCE,2026-09-27,M3 semantic curation of former MAPS_TO_TECHNOLOGY. Source supports the frontier node; direct relation evidence still requires expert review.
EV00772,E00772,S056,NODE_SUPPORT_ONLY,0.58,AUTO_CURATED_NEEDS_RELATION_EVIDENCE,2026-09-27,M3 semantic curation of former CONTRIBUTES_TO_MEGAPROJECT. Relation is a SINERGY systems interpretation until separately evidenced.
EV00773,E00773,S056,NODE_SUPPORT_ONLY,0.58,AUTO_CURATED_NEEDS_RELATION_EVIDENCE,2026-09-27,M3 semantic curation of former CONTRIBUTES_TO_MEGAPROJECT. Relation is a SINERGY systems interpretation until separately evidenced.
EV00774,E00774,S056,NODE_SUPPORT_ONLY,0.58,AUTO_CURATED_NEEDS_RELATION_EVIDENCE,2026-09-27,M3 semantic curation of former CONTRIBUTES_TO_MEGAPROJECT. Relation is a SINERGY systems interpretation until separately evidenced.
EV00775,E00775,S056,NODE_SUPPORT_ONLY,0.58,AUTO_CURATED_NEEDS_RELATION_EVIDENCE,2026-09-27,M3 semantic curation of former CONTRIBUTES_TO_MEGAPROJECT. Relation is a SINERGY systems interpretation until separately evidenced.
EV00776,E00776,S056,NODE_SUPPORT_ONLY,0.58,AUTO_CURATED_NEEDS_RELATION_EVIDENCE,2026-09-27,M3 semantic curation of former CONTRIBUTES_TO_MEGAPROJECT. Relation is a SINERGY systems interpretation until separately evidenced.
EV00777,E00777,S056,NODE_SUPPORT_ONLY,0.58,AUTO_CURATED_NEEDS_RELATION_EVIDENCE,2026-09-27,M3 semantic curation of former CONTRIBUTES_TO_MEGAPROJECT. Relation is a SINERGY systems interpretation until separately evidenced.
EV00778,E00778,S057,PROVENANCE,0.95,VERIFIED_PROVENANCE,2026-09-27,Canonical source provenance.
EV00779,E00779,S057,ATTRIBUTION,0.78,CURATED_ATTRIBUTION,2026-09-27,Representative author attribution from Frontier Graph 1.0.
EV00780,E00780,S057,ATTRIBUTION,0.68,CURATED_PROGRAM_ASSOCIATION,2026-09-27,Representative institution/program association; not a funding claim.
EV00781,E00781,S057,NODE_SUPPORT_ONLY,0.56,AUTO_CURATED_NEEDS_RELATION_EVIDENCE,2026-09-27,M3 semantic curation of former MAPS_TO_TECHNOLOGY. Source supports the frontier node; direct relation evidence still requires expert review.
EV00782,E00782,S057,NODE_SUPPORT_ONLY,0.56,AUTO_CURATED_NEEDS_RELATION_EVIDENCE,2026-09-27,M3 semantic curation of former MAPS_TO_TECHNOLOGY. Source supports the frontier node; direct relation evidence still requires expert review.
EV00783,E00783,S057,NODE_SUPPORT_ONLY,0.58,AUTO_CURATED_NEEDS_RELATION_EVIDENCE,2026-09-27,M3 semantic curation of former CONTRIBUTES_TO_MEGAPROJECT. Relation is a SINERGY systems interpretation until separately evidenced.
EV00784,E00784,S057,NODE_SUPPORT_ONLY,0.58,AUTO_CURATED_NEEDS_RELATION_EVIDENCE,2026-09-27,M3 semantic curation of former CONTRIBUTES_TO_MEGAPROJECT. Relation is a SINERGY systems interpretation until separately evidenced.
EV00785,E00785,S057,NODE_SUPPORT_ONLY,0.58,AUTO_CURATED_NEEDS_RELATION_EVIDENCE,2026-09-27,M3 semantic curation of former CONTRIBUTES_TO_MEGAPROJECT. Relation is a SINERGY systems interpretation until separately evidenced.
EV00786,E00786,S057,NODE_SUPPORT_ONLY,0.58,AUTO_CURATED_NEEDS_RELATION_EVIDENCE,2026-09-27,M3 semantic curation of former CONTRIBUTES_TO_MEGAPROJECT. Relation is a SINERGY systems interpretation until separately evidenced.
EV00787,E00787,S058,PROVENANCE,0.95,VERIFIED_PROVENANCE,2026-09-27,Canonical source provenance.
EV00788,E00788,S058,ATTRIBUTION,0.78,CURATED_ATTRIBUTION,2026-09-27,Representative author attribution from Frontier Graph 1.0.
EV00789,E00789,S058,ATTRIBUTION,0.68,CURATED_PROGRAM_ASSOCIATION,2026-09-27,Representative institution/program association; not a funding claim.
EV00790,E00790,S058,NODE_SUPPORT_ONLY,0.74,AUTO_CURATED_NEEDS_RELATION_EVIDENCE,2026-09-27,M3 semantic curation of former MAPS_TO_TECHNOLOGY. Source supports the frontier node; direct relation evidence still requires expert review.
EV00791,E00791,S058,NODE_SUPPORT_ONLY,0.74,AUTO_CURATED_NEEDS_RELATION_EVIDENCE,2026-09-27,M3 semantic curation of former MAPS_TO_TECHNOLOGY. Source supports the frontier node; direct relation evidence still requires expert review.
EV00792,E00792,S058,NODE_SUPPORT_ONLY,0.74,AUTO_CURATED_NEEDS_RELATION_EVIDENCE,2026-09-27,M3 semantic curation of former MAPS_TO_TECHNOLOGY. Source supports the frontier node; direct relation evidence still requires expert review.
EV00793,E00793,S058,NODE_SUPPORT_ONLY,0.58,AUTO_CURATED_NEEDS_RELATION_EVIDENCE,2026-09-27,M3 semantic curation of former CONTRIBUTES_TO_MEGAPROJECT. Relation is a SINERGY systems interpretation until separately evidenced.
EV00794,E00794,S058,NODE_SUPPORT_ONLY,0.58,AUTO_CURATED_NEEDS_RELATION_EVIDENCE,2026-09-27,M3 semantic curation of former CONTRIBUTES_TO_MEGAPROJECT. Relation is a SINERGY systems interpretation until separately evidenced.
EV00795,E00795,S015,PROVENANCE,0.95,VERIFIED_PROVENANCE,2026-09-27,Canonical source provenance.
EV00796,E00796,S015,ATTRIBUTION,0.78,CURATED_ATTRIBUTION,2026-09-27,Representative author attribution from Frontier Graph 1.0.
EV00797,E00797,S015,ATTRIBUTION,0.68,CURATED_PROGRAM_ASSOCIATION,2026-09-27,Representative institution/program association; not a funding claim.
EV00798,E00798,S015,NODE_SUPPORT_ONLY,0.56,AUTO_CURATED_NEEDS_RELATION_EVIDENCE,2026-09-27,M3 semantic curation of former MAPS_TO_TECHNOLOGY. Source supports the frontier node; direct relation evidence still requires expert review.
EV00799,E00799,S015,NODE_SUPPORT_ONLY,0.56,AUTO_CURATED_NEEDS_RELATION_EVIDENCE,2026-09-27,M3 semantic curation of former MAPS_TO_TECHNOLOGY. Source supports the frontier node; direct relation evidence still requires expert review.
EV00800,E00800,S015,NODE_SUPPORT_ONLY,0.56,AUTO_CURATED_NEEDS_RELATION_EVIDENCE,2026-09-27,M3 semantic curation of former MAPS_TO_TECHNOLOGY. Source supports the frontier node; direct relation evidence still requires expert review.
EV00801,E00801,S015,NODE_SUPPORT_ONLY,0.58,AUTO_CURATED_NEEDS_RELATION_EVIDENCE,2026-09-27,M3 semantic curation of former CONTRIBUTES_TO_MEGAPROJECT. Relation is a SINERGY systems interpretation until separately evidenced.
EV00802,E00802,S015,NODE_SUPPORT_ONLY,0.58,AUTO_CURATED_NEEDS_RELATION_EVIDENCE,2026-09-27,M3 semantic curation of former CONTRIBUTES_TO_MEGAPROJECT. Relation is a SINERGY systems interpretation until separately evidenced.
EV00803,E00803,S015,NODE_SUPPORT_ONLY,0.58,AUTO_CURATED_NEEDS_RELATION_EVIDENCE,2026-09-27,M3 semantic curation of former CONTRIBUTES_TO_MEGAPROJECT. Relation is a SINERGY systems interpretation until separately evidenced.
EV00804,E00804,S059,PROVENANCE,0.95,VERIFIED_PROVENANCE,2026-09-27,Canonical source provenance.
EV00805,E00805,S059,ATTRIBUTION,0.78,CURATED_ATTRIBUTION,2026-09-27,Representative author attribution from Frontier Graph 1.0.
EV00806,E00806,S059,ATTRIBUTION,0.78,CURATED_ATTRIBUTION,2026-09-27,Representative author attribution from Frontier Graph 1.0.
EV00807,E00807,S059,ATTRIBUTION,0.78,CURATED_ATTRIBUTION,2026-09-27,Representative author attribution from Frontier Graph 1.0.
EV00808,E00808,S059,NODE_SUPPORT_ONLY,0.56,AUTO_CURATED_NEEDS_RELATION_EVIDENCE,2026-09-27,M3 semantic curation of former MAPS_TO_TECHNOLOGY. Source supports the frontier node; direct relation evidence still requires expert review.
EV00809,E00809,S059,NODE_SUPPORT_ONLY,0.56,AUTO_CURATED_NEEDS_RELATION_EVIDENCE,2026-09-27,M3 semantic curation of former MAPS_TO_TECHNOLOGY. Source supports the frontier node; direct relation evidence still requires expert review.
EV00810,E00810,S059,NODE_SUPPORT_ONLY,0.56,AUTO_CURATED_NEEDS_RELATION_EVIDENCE,2026-09-27,M3 semantic curation of former MAPS_TO_TECHNOLOGY. Source supports the frontier node; direct relation evidence still requires expert review.
EV00811,E00811,S059,NODE_SUPPORT_ONLY,0.52,AUTO_CURATED_NEEDS_RELATION_EVIDENCE,2026-09-27,M3 semantic curation of former CONTRIBUTES_TO_MEGAPROJECT. Relation is a SINERGY systems interpretation until separately evidenced.
EV00812,E00812,S059,NODE_SUPPORT_ONLY,0.52,AUTO_CURATED_NEEDS_RELATION_EVIDENCE,2026-09-27,M3 semantic curation of former CONTRIBUTES_TO_MEGAPROJECT. Relation is a SINERGY systems interpretation until separately evidenced.
EV00813,E00813,S060,PROVENANCE,0.95,VERIFIED_PROVENANCE,2026-09-27,Canonical source provenance.
EV00814,E00814,S060,ATTRIBUTION,0.78,CURATED_ATTRIBUTION,2026-09-27,Representative author attribution from Frontier Graph 1.0.
EV00815,E00815,S060,ATTRIBUTION,0.78,CURATED_ATTRIBUTION,2026-09-27,Representative author attribution from Frontier Graph 1.0.
EV00816,E00816,S060,ATTRIBUTION,0.78,CURATED_ATTRIBUTION,2026-09-27,Representative author attribution from Frontier Graph 1.0.
EV00817,E00817,S060,ATTRIBUTION,0.68,CURATED_PROGRAM_ASSOCIATION,2026-09-27,Representative institution/program association; not a funding claim.
EV00818,E00818,S060,NODE_SUPPORT_ONLY,0.74,AUTO_CURATED_NEEDS_RELATION_EVIDENCE,2026-09-27,M3 semantic curation of former MAPS_TO_TECHNOLOGY. Source supports the frontier node; direct relation evidence still requires expert review.
EV00819,E00819,S060,NODE_SUPPORT_ONLY,0.58,AUTO_CURATED_NEEDS_RELATION_EVIDENCE,2026-09-27,M3 semantic curation of former CONTRIBUTES_TO_MEGAPROJECT. Relation is a SINERGY systems interpretation until separately evidenced.
EV00820,E00820,S060,NODE_SUPPORT_ONLY,0.58,AUTO_CURATED_NEEDS_RELATION_EVIDENCE,2026-09-27,M3 semantic curation of former CONTRIBUTES_TO_MEGAPROJECT. Relation is a SINERGY systems interpretation until separately evidenced.
EV00821,E00821,S061,PROVENANCE,0.95,VERIFIED_PROVENANCE,2026-09-27,Canonical source provenance.
EV00822,E00822,S061,ATTRIBUTION,0.78,CURATED_ATTRIBUTION,2026-09-27,Representative author attribution from Frontier Graph 1.0.
EV00823,E00823,S061,ATTRIBUTION,0.78,CURATED_ATTRIBUTION,2026-09-27,Representative author attribution from Frontier Graph 1.0.
EV00824,E00824,S061,ATTRIBUTION,0.68,CURATED_PROGRAM_ASSOCIATION,2026-09-27,Representative institution/program association; not a funding claim.
EV00825,E00825,S061,NODE_SUPPORT_ONLY,0.56,AUTO_CURATED_NEEDS_RELATION_EVIDENCE,2026-09-27,M3 semantic curation of former MAPS_TO_TECHNOLOGY. Source supports the frontier node; direct relation evidence still requires expert review.
EV00826,E00826,S061,NODE_SUPPORT_ONLY,0.56,AUTO_CURATED_NEEDS_RELATION_EVIDENCE,2026-09-27,M3 semantic curation of former MAPS_TO_TECHNOLOGY. Source supports the frontier node; direct relation evidence still requires expert review.
EV00827,E00827,S061,NODE_SUPPORT_ONLY,0.56,AUTO_CURATED_NEEDS_RELATION_EVIDENCE,2026-09-27,M3 semantic curation of former MAPS_TO_TECHNOLOGY. Source supports the frontier node; direct relation evidence still requires expert review.
EV00828,E00828,S061,NODE_SUPPORT_ONLY,0.56,AUTO_CURATED_NEEDS_RELATION_EVIDENCE,2026-09-27,M3 semantic curation of former MAPS_TO_TECHNOLOGY. Source supports the frontier node; direct relation evidence still requires expert review.
EV00829,E00829,S061,NODE_SUPPORT_ONLY,0.56,AUTO_CURATED_NEEDS_RELATION_EVIDENCE,2026-09-27,M3 semantic curation of former MAPS_TO_TECHNOLOGY. Source supports the frontier node; direct relation evidence still requires expert review.
EV00830,E00830,S061,NODE_SUPPORT_ONLY,0.56,AUTO_CURATED_NEEDS_RELATION_EVIDENCE,2026-09-27,M3 semantic curation of former MAPS_TO_TECHNOLOGY. Source supports the frontier node; direct relation evidence still requires expert review.
EV00831,E00831,S061,NODE_SUPPORT_ONLY,0.58,AUTO_CURATED_NEEDS_RELATION_EVIDENCE,2026-09-27,M3 semantic curation of former CONTRIBUTES_TO_MEGAPROJECT. Relation is a SINERGY systems interpretation until separately evidenced.
EV00832,E00832,S061,NODE_SUPPORT_ONLY,0.58,AUTO_CURATED_NEEDS_RELATION_EVIDENCE,2026-09-27,M3 semantic curation of former CONTRIBUTES_TO_MEGAPROJECT. Relation is a SINERGY systems interpretation until separately evidenced.
EV00833,E00833,S062,PROVENANCE,0.95,VERIFIED_PROVENANCE,2026-09-27,Canonical source provenance.
EV00834,E00834,S062,ATTRIBUTION,0.78,CURATED_ATTRIBUTION,2026-09-27,Representative author attribution from Frontier Graph 1.0.
EV00835,E00835,S062,ATTRIBUTION,0.78,CURATED_ATTRIBUTION,2026-09-27,Representative author attribution from Frontier Graph 1.0.
EV00836,E00836,S062,ATTRIBUTION,0.78,CURATED_ATTRIBUTION,2026-09-27,Representative author attribution from Frontier Graph 1.0.
EV00837,E00837,S062,ATTRIBUTION,0.68,CURATED_PROGRAM_ASSOCIATION,2026-09-27,Representative institution/program association; not a funding claim.
EV00838,E00838,S062,NODE_SUPPORT_ONLY,0.72,AUTO_CURATED_NEEDS_RELATION_EVIDENCE,2026-09-27,M3 semantic curation of former MAPS_TO_TECHNOLOGY. Source supports the frontier node; direct relation evidence still requires expert review.
EV00839,E00839,S062,NODE_SUPPORT_ONLY,0.72,AUTO_CURATED_NEEDS_RELATION_EVIDENCE,2026-09-27,M3 semantic curation of former MAPS_TO_TECHNOLOGY. Source supports the frontier node; direct relation evidence still requires expert review.
EV00840,E00840,S062,NODE_SUPPORT_ONLY,0.72,AUTO_CURATED_NEEDS_RELATION_EVIDENCE,2026-09-27,M3 semantic curation of former MAPS_TO_TECHNOLOGY. Source supports the frontier node; direct relation evidence still requires expert review.
EV00841,E00841,S062,NODE_SUPPORT_ONLY,0.72,AUTO_CURATED_NEEDS_RELATION_EVIDENCE,2026-09-27,M3 semantic curation of former MAPS_TO_TECHNOLOGY. Source supports the frontier node; direct relation evidence still requires expert review.
EV00842,E00842,S062,NODE_SUPPORT_ONLY,0.72,AUTO_CURATED_NEEDS_RELATION_EVIDENCE,2026-09-27,M3 semantic curation of former MAPS_TO_TECHNOLOGY. Source supports the frontier node; direct relation evidence still requires expert review.
EV00843,E00843,S062,NODE_SUPPORT_ONLY,0.58,AUTO_CURATED_NEEDS_RELATION_EVIDENCE,2026-09-27,M3 semantic curation of former CONTRIBUTES_TO_MEGAPROJECT. Relation is a SINERGY systems interpretation until separately evidenced.
EV00844,E00844,S062,NODE_SUPPORT_ONLY,0.58,AUTO_CURATED_NEEDS_RELATION_EVIDENCE,2026-09-27,M3 semantic curation of former CONTRIBUTES_TO_MEGAPROJECT. Relation is a SINERGY systems interpretation until separately evidenced.
EV00845,E00845,S062,NODE_SUPPORT_ONLY,0.58,AUTO_CURATED_NEEDS_RELATION_EVIDENCE,2026-09-27,M3 semantic curation of former CONTRIBUTES_TO_MEGAPROJECT. Relation is a SINERGY systems interpretation until separately evidenced.
EV00846,E00846,S062,NODE_SUPPORT_ONLY,0.58,AUTO_CURATED_NEEDS_RELATION_EVIDENCE,2026-09-27,M3 semantic curation of former CONTRIBUTES_TO_MEGAPROJECT. Relation is a SINERGY systems interpretation until separately evidenced.
EV00847,E00847,S063,PROVENANCE,0.95,VERIFIED_PROVENANCE,2026-09-27,Canonical source provenance.
EV00848,E00848,S063,ATTRIBUTION,0.78,CURATED_ATTRIBUTION,2026-09-27,Representative author attribution from Frontier Graph 1.0.
EV00849,E00849,S063,ATTRIBUTION,0.78,CURATED_ATTRIBUTION,2026-09-27,Representative author attribution from Frontier Graph 1.0.
EV00850,E00850,S063,ATTRIBUTION,0.78,CURATED_ATTRIBUTION,2026-09-27,Representative author attribution from Frontier Graph 1.0.
EV00851,E00851,S063,ATTRIBUTION,0.68,CURATED_PROGRAM_ASSOCIATION,2026-09-27,Representative institution/program association; not a funding claim.
EV00852,E00852,S063,NODE_SUPPORT_ONLY,0.66,AUTO_CURATED_NEEDS_RELATION_EVIDENCE,2026-09-27,M3 semantic curation of former MAPS_TO_TECHNOLOGY. Source supports the frontier node; direct relation evidence still requires expert review.
EV00853,E00853,S063,NODE_SUPPORT_ONLY,0.66,AUTO_CURATED_NEEDS_RELATION_EVIDENCE,2026-09-27,M3 semantic curation of former MAPS_TO_TECHNOLOGY. Source supports the frontier node; direct relation evidence still requires expert review.
EV00854,E00854,S063,NODE_SUPPORT_ONLY,0.66,AUTO_CURATED_NEEDS_RELATION_EVIDENCE,2026-09-27,M3 semantic curation of former MAPS_TO_TECHNOLOGY. Source supports the frontier node; direct relation evidence still requires expert review.
EV00855,E00855,S063,NODE_SUPPORT_ONLY,0.66,AUTO_CURATED_NEEDS_RELATION_EVIDENCE,2026-09-27,M3 semantic curation of former MAPS_TO_TECHNOLOGY. Source supports the frontier node; direct relation evidence still requires expert review.
EV00856,E00856,S063,NODE_SUPPORT_ONLY,0.66,AUTO_CURATED_NEEDS_RELATION_EVIDENCE,2026-09-27,M3 semantic curation of former MAPS_TO_TECHNOLOGY. Source supports the frontier node; direct relation evidence still requires expert review.
EV00857,E00857,S063,NODE_SUPPORT_ONLY,0.66,AUTO_CURATED_NEEDS_RELATION_EVIDENCE,2026-09-27,M3 semantic curation of former MAPS_TO_TECHNOLOGY. Source supports the frontier node; direct relation evidence still requires expert review.
EV00858,E00858,S063,NODE_SUPPORT_ONLY,0.58,AUTO_CURATED_NEEDS_RELATION_EVIDENCE,2026-09-27,M3 semantic curation of former CONTRIBUTES_TO_MEGAPROJECT. Relation is a SINERGY systems interpretation until separately evidenced.
EV00859,E00859,S063,NODE_SUPPORT_ONLY,0.58,AUTO_CURATED_NEEDS_RELATION_EVIDENCE,2026-09-27,M3 semantic curation of former CONTRIBUTES_TO_MEGAPROJECT. Relation is a SINERGY systems interpretation until separately evidenced.
EV00860,E00860,S064,PROVENANCE,0.95,VERIFIED_PROVENANCE,2026-09-27,Canonical source provenance.
EV00861,E00861,S064,ATTRIBUTION,0.78,CURATED_ATTRIBUTION,2026-09-27,Representative author attribution from Frontier Graph 1.0.
EV00862,E00862,S064,ATTRIBUTION,0.78,CURATED_ATTRIBUTION,2026-09-27,Representative author attribution from Frontier Graph 1.0.
EV00863,E00863,S064,ATTRIBUTION,0.78,CURATED_ATTRIBUTION,2026-09-27,Representative author attribution from Frontier Graph 1.0.
EV00864,E00864,S064,NODE_SUPPORT_ONLY,0.74,AUTO_CURATED_NEEDS_RELATION_EVIDENCE,2026-09-27,M3 semantic curation of former MAPS_TO_TECHNOLOGY. Source supports the frontier node; direct relation evidence still requires expert review.
EV00865,E00865,S064,NODE_SUPPORT_ONLY,0.74,AUTO_CURATED_NEEDS_RELATION_EVIDENCE,2026-09-27,M3 semantic curation of former MAPS_TO_TECHNOLOGY. Source supports the frontier node; direct relation evidence still requires expert review.
EV00866,E00866,S064,NODE_SUPPORT_ONLY,0.74,AUTO_CURATED_NEEDS_RELATION_EVIDENCE,2026-09-27,M3 semantic curation of former MAPS_TO_TECHNOLOGY. Source supports the frontier node; direct relation evidence still requires expert review.
EV00867,E00867,S064,NODE_SUPPORT_ONLY,0.74,AUTO_CURATED_NEEDS_RELATION_EVIDENCE,2026-09-27,M3 semantic curation of former MAPS_TO_TECHNOLOGY. Source supports the frontier node; direct relation evidence still requires expert review.
EV00868,E00868,S064,NODE_SUPPORT_ONLY,0.74,AUTO_CURATED_NEEDS_RELATION_EVIDENCE,2026-09-27,M3 semantic curation of former MAPS_TO_TECHNOLOGY. Source supports the frontier node; direct relation evidence still requires expert review.
EV00869,E00869,S064,NODE_SUPPORT_ONLY,0.58,AUTO_CURATED_NEEDS_RELATION_EVIDENCE,2026-09-27,M3 semantic curation of former CONTRIBUTES_TO_MEGAPROJECT. Relation is a SINERGY systems interpretation until separately evidenced.
EV00870,E00870,S012,PROVENANCE,0.95,VERIFIED_PROVENANCE,2026-09-27,Canonical source provenance.
EV00871,E00871,S012,ATTRIBUTION,0.78,CURATED_ATTRIBUTION,2026-09-27,Representative author attribution from Frontier Graph 1.0.
EV00872,E00872,S012,NODE_SUPPORT_ONLY,0.74,AUTO_CURATED_NEEDS_RELATION_EVIDENCE,2026-09-27,M3 semantic curation of former MAPS_TO_TECHNOLOGY. Source supports the frontier node; direct relation evidence still requires expert review.
EV00873,E00873,S012,NODE_SUPPORT_ONLY,0.74,AUTO_CURATED_NEEDS_RELATION_EVIDENCE,2026-09-27,M3 semantic curation of former MAPS_TO_TECHNOLOGY. Source supports the frontier node; direct relation evidence still requires expert review.
EV00874,E00874,S012,NODE_SUPPORT_ONLY,0.74,AUTO_CURATED_NEEDS_RELATION_EVIDENCE,2026-09-27,M3 semantic curation of former MAPS_TO_TECHNOLOGY. Source supports the frontier node; direct relation evidence still requires expert review.
EV00875,E00875,S012,NODE_SUPPORT_ONLY,0.74,AUTO_CURATED_NEEDS_RELATION_EVIDENCE,2026-09-27,M3 semantic curation of former MAPS_TO_TECHNOLOGY. Source supports the frontier node; direct relation evidence still requires expert review.
EV00876,E00876,S012,NODE_SUPPORT_ONLY,0.74,AUTO_CURATED_NEEDS_RELATION_EVIDENCE,2026-09-27,M3 semantic curation of former MAPS_TO_TECHNOLOGY. Source supports the frontier node; direct relation evidence still requires expert review.
EV00877,E00877,S012,NODE_SUPPORT_ONLY,0.74,AUTO_CURATED_NEEDS_RELATION_EVIDENCE,2026-09-27,M3 semantic curation of former MAPS_TO_TECHNOLOGY. Source supports the frontier node; direct relation evidence still requires expert review.
EV00878,E00878,S012,NODE_SUPPORT_ONLY,0.58,AUTO_CURATED_NEEDS_RELATION_EVIDENCE,2026-09-27,M3 semantic curation of former CONTRIBUTES_TO_MEGAPROJECT. Relation is a SINERGY systems interpretation until separately evidenced.
EV00879,E00879,S012,NODE_SUPPORT_ONLY,0.58,AUTO_CURATED_NEEDS_RELATION_EVIDENCE,2026-09-27,M3 semantic curation of former CONTRIBUTES_TO_MEGAPROJECT. Relation is a SINERGY systems interpretation until separately evidenced.
EV00880,E00880,S012,NODE_SUPPORT_ONLY,0.58,AUTO_CURATED_NEEDS_RELATION_EVIDENCE,2026-09-27,M3 semantic curation of former CONTRIBUTES_TO_MEGAPROJECT. Relation is a SINERGY systems interpretation until separately evidenced.
EV00881,E00881,S065,PROVENANCE,0.95,VERIFIED_PROVENANCE,2026-09-27,Canonical source provenance.
EV00882,E00882,S065,ATTRIBUTION,0.78,CURATED_ATTRIBUTION,2026-09-27,Representative author attribution from Frontier Graph 1.0.
EV00883,E00883,S065,ATTRIBUTION,0.78,CURATED_ATTRIBUTION,2026-09-27,Representative author attribution from Frontier Graph 1.0.
EV00884,E00884,S065,ATTRIBUTION,0.78,CURATED_ATTRIBUTION,2026-09-27,Representative author attribution from Frontier Graph 1.0.
EV00885,E00885,S065,ATTRIBUTION,0.78,CURATED_ATTRIBUTION,2026-09-27,Representative author attribution from Frontier Graph 1.0.
EV00886,E00886,S065,NODE_SUPPORT_ONLY,0.74,AUTO_CURATED_NEEDS_RELATION_EVIDENCE,2026-09-27,M3 semantic curation of former MAPS_TO_TECHNOLOGY. Source supports the frontier node; direct relation evidence still requires expert review.
EV00887,E00887,S065,NODE_SUPPORT_ONLY,0.74,AUTO_CURATED_NEEDS_RELATION_EVIDENCE,2026-09-27,M3 semantic curation of former MAPS_TO_TECHNOLOGY. Source supports the frontier node; direct relation evidence still requires expert review.
EV00888,E00888,S065,NODE_SUPPORT_ONLY,0.74,AUTO_CURATED_NEEDS_RELATION_EVIDENCE,2026-09-27,M3 semantic curation of former MAPS_TO_TECHNOLOGY. Source supports the frontier node; direct relation evidence still requires expert review.
EV00889,E00889,S065,NODE_SUPPORT_ONLY,0.52,AUTO_CURATED_NEEDS_RELATION_EVIDENCE,2026-09-27,M3 semantic curation of former CONTRIBUTES_TO_MEGAPROJECT. Relation is a SINERGY systems interpretation until separately evidenced.
EV00890,E00890,S066,PROVENANCE,0.95,VERIFIED_PROVENANCE,2026-09-27,Canonical source provenance.
EV00891,E00891,S066,ATTRIBUTION,0.78,CURATED_ATTRIBUTION,2026-09-27,Representative author attribution from Frontier Graph 1.0.
EV00892,E00892,S066,ATTRIBUTION,0.68,CURATED_PROGRAM_ASSOCIATION,2026-09-27,Representative institution/program association; not a funding claim.
EV00893,E00893,S066,NODE_SUPPORT_ONLY,0.72,AUTO_CURATED_NEEDS_RELATION_EVIDENCE,2026-09-27,M3 semantic curation of former MAPS_TO_TECHNOLOGY. Source supports the frontier node; direct relation evidence still requires expert review.
EV00894,E00894,S066,NODE_SUPPORT_ONLY,0.72,AUTO_CURATED_NEEDS_RELATION_EVIDENCE,2026-09-27,M3 semantic curation of former MAPS_TO_TECHNOLOGY. Source supports the frontier node; direct relation evidence still requires expert review.
EV00895,E00895,S066,NODE_SUPPORT_ONLY,0.72,AUTO_CURATED_NEEDS_RELATION_EVIDENCE,2026-09-27,M3 semantic curation of former MAPS_TO_TECHNOLOGY. Source supports the frontier node; direct relation evidence still requires expert review.
EV00896,E00896,S066,NODE_SUPPORT_ONLY,0.72,AUTO_CURATED_NEEDS_RELATION_EVIDENCE,2026-09-27,M3 semantic curation of former MAPS_TO_TECHNOLOGY. Source supports the frontier node; direct relation evidence still requires expert review.
EV00897,E00897,S066,NODE_SUPPORT_ONLY,0.66,AUTO_CURATED_NEEDS_RELATION_EVIDENCE,2026-09-27,M3 semantic curation of former CONTRIBUTES_TO_MEGAPROJECT. Relation is a SINERGY systems interpretation until separately evidenced.
EV00898,E00898,S066,NODE_SUPPORT_ONLY,0.66,AUTO_CURATED_NEEDS_RELATION_EVIDENCE,2026-09-27,M3 semantic curation of former CONTRIBUTES_TO_MEGAPROJECT. Relation is a SINERGY systems interpretation until separately evidenced.
EV00899,E00899,S066,NODE_SUPPORT_ONLY,0.66,AUTO_CURATED_NEEDS_RELATION_EVIDENCE,2026-09-27,M3 semantic curation of former CONTRIBUTES_TO_MEGAPROJECT. Relation is a SINERGY systems interpretation until separately evidenced.
EV00900,E00900,S066,NODE_SUPPORT_ONLY,0.66,AUTO_CURATED_NEEDS_RELATION_EVIDENCE,2026-09-27,M3 semantic curation of former CONTRIBUTES_TO_MEGAPROJECT. Relation is a SINERGY systems interpretation until separately evidenced.
EV00901,E00901,S067,PROVENANCE,0.95,VERIFIED_PROVENANCE,2026-09-27,Canonical source provenance.
EV00902,E00902,S067,ATTRIBUTION,0.68,CURATED_PROGRAM_ASSOCIATION,2026-09-27,Representative institution/program association; not a funding claim.
EV00903,E00903,S067,NODE_SUPPORT_ONLY,0.74,AUTO_CURATED_NEEDS_RELATION_EVIDENCE,2026-09-27,M3 semantic curation of former MAPS_TO_TECHNOLOGY. Source supports the frontier node; direct relation evidence still requires expert review.
EV00904,E00904,S067,NODE_SUPPORT_ONLY,0.66,AUTO_CURATED_NEEDS_RELATION_EVIDENCE,2026-09-27,M3 semantic curation of former CONTRIBUTES_TO_MEGAPROJECT. Relation is a SINERGY systems interpretation until separately evidenced.
EV00905,E00905,S067,NODE_SUPPORT_ONLY,0.66,AUTO_CURATED_NEEDS_RELATION_EVIDENCE,2026-09-27,M3 semantic curation of former CONTRIBUTES_TO_MEGAPROJECT. Relation is a SINERGY systems interpretation until separately evidenced.
EV00906,E00906,S067,NODE_SUPPORT_ONLY,0.66,AUTO_CURATED_NEEDS_RELATION_EVIDENCE,2026-09-27,M3 semantic curation of former CONTRIBUTES_TO_MEGAPROJECT. Relation is a SINERGY systems interpretation until separately evidenced.
EV00907,E00907,S067,NODE_SUPPORT_ONLY,0.66,AUTO_CURATED_NEEDS_RELATION_EVIDENCE,2026-09-27,M3 semantic curation of former CONTRIBUTES_TO_MEGAPROJECT. Relation is a SINERGY systems interpretation until separately evidenced.
EV00908,E00908,S068,PROVENANCE,0.95,VERIFIED_PROVENANCE,2026-09-27,Canonical source provenance.
EV00909,E00909,S068,ATTRIBUTION,0.68,CURATED_PROGRAM_ASSOCIATION,2026-09-27,Representative institution/program association; not a funding claim.
EV00910,E00910,S068,NODE_SUPPORT_ONLY,0.74,AUTO_CURATED_NEEDS_RELATION_EVIDENCE,2026-09-27,M3 semantic curation of former MAPS_TO_TECHNOLOGY. Source supports the frontier node; direct relation evidence still requires expert review.
EV00911,E00911,S068,NODE_SUPPORT_ONLY,0.74,AUTO_CURATED_NEEDS_RELATION_EVIDENCE,2026-09-27,M3 semantic curation of former MAPS_TO_TECHNOLOGY. Source supports the frontier node; direct relation evidence still requires expert review.
EV00912,E00912,S068,NODE_SUPPORT_ONLY,0.74,AUTO_CURATED_NEEDS_RELATION_EVIDENCE,2026-09-27,M3 semantic curation of former MAPS_TO_TECHNOLOGY. Source supports the frontier node; direct relation evidence still requires expert review.
EV00913,E00913,S068,NODE_SUPPORT_ONLY,0.74,AUTO_CURATED_NEEDS_RELATION_EVIDENCE,2026-09-27,M3 semantic curation of former MAPS_TO_TECHNOLOGY. Source supports the frontier node; direct relation evidence still requires expert review.
EV00914,E00914,S068,NODE_SUPPORT_ONLY,0.66,AUTO_CURATED_NEEDS_RELATION_EVIDENCE,2026-09-27,M3 semantic curation of former CONTRIBUTES_TO_MEGAPROJECT. Relation is a SINERGY systems interpretation until separately evidenced.
EV00915,E00915,S068,NODE_SUPPORT_ONLY,0.66,AUTO_CURATED_NEEDS_RELATION_EVIDENCE,2026-09-27,M3 semantic curation of former CONTRIBUTES_TO_MEGAPROJECT. Relation is a SINERGY systems interpretation until separately evidenced.
EV00916,E00916,S068,NODE_SUPPORT_ONLY,0.66,AUTO_CURATED_NEEDS_RELATION_EVIDENCE,2026-09-27,M3 semantic curation of former CONTRIBUTES_TO_MEGAPROJECT. Relation is a SINERGY systems interpretation until separately evidenced.
EV00917,E00917,S069,PROVENANCE,0.95,VERIFIED_PROVENANCE,2026-09-27,Canonical source provenance.
EV00918,E00918,S069,ATTRIBUTION,0.78,CURATED_ATTRIBUTION,2026-09-27,Representative author attribution from Frontier Graph 1.0.
EV00919,E00919,S069,ATTRIBUTION,0.78,CURATED_ATTRIBUTION,2026-09-27,Representative author attribution from Frontier Graph 1.0.
EV00920,E00920,S069,ATTRIBUTION,0.68,CURATED_PROGRAM_ASSOCIATION,2026-09-27,Representative institution/program association; not a funding claim.
EV00921,E00921,S069,ATTRIBUTION,0.68,CURATED_PROGRAM_ASSOCIATION,2026-09-27,Representative institution/program association; not a funding claim.
EV00922,E00922,S069,NODE_SUPPORT_ONLY,0.74,AUTO_CURATED_NEEDS_RELATION_EVIDENCE,2026-09-27,M3 semantic curation of former MAPS_TO_TECHNOLOGY. Source supports the frontier node; direct relation evidence still requires expert review.
EV00923,E00923,S069,NODE_SUPPORT_ONLY,0.74,AUTO_CURATED_NEEDS_RELATION_EVIDENCE,2026-09-27,M3 semantic curation of former MAPS_TO_TECHNOLOGY. Source supports the frontier node; direct relation evidence still requires expert review.
EV00924,E00924,S069,NODE_SUPPORT_ONLY,0.74,AUTO_CURATED_NEEDS_RELATION_EVIDENCE,2026-09-27,M3 semantic curation of former MAPS_TO_TECHNOLOGY. Source supports the frontier node; direct relation evidence still requires expert review.
EV00925,E00925,S069,NODE_SUPPORT_ONLY,0.74,AUTO_CURATED_NEEDS_RELATION_EVIDENCE,2026-09-27,M3 semantic curation of former MAPS_TO_TECHNOLOGY. Source supports the frontier node; direct relation evidence still requires expert review.
EV00926,E00926,S069,NODE_SUPPORT_ONLY,0.74,AUTO_CURATED_NEEDS_RELATION_EVIDENCE,2026-09-27,M3 semantic curation of former MAPS_TO_TECHNOLOGY. Source supports the frontier node; direct relation evidence still requires expert review.
EV00927,E00927,S069,NODE_SUPPORT_ONLY,0.74,AUTO_CURATED_NEEDS_RELATION_EVIDENCE,2026-09-27,M3 semantic curation of former MAPS_TO_TECHNOLOGY. Source supports the frontier node; direct relation evidence still requires expert review.
EV00928,E00928,S069,NODE_SUPPORT_ONLY,0.66,AUTO_CURATED_NEEDS_RELATION_EVIDENCE,2026-09-27,M3 semantic curation of former CONTRIBUTES_TO_MEGAPROJECT. Relation is a SINERGY systems interpretation until separately evidenced.
EV00929,E00929,S069,NODE_SUPPORT_ONLY,0.66,AUTO_CURATED_NEEDS_RELATION_EVIDENCE,2026-09-27,M3 semantic curation of former CONTRIBUTES_TO_MEGAPROJECT. Relation is a SINERGY systems interpretation until separately evidenced.
EV00930,E00930,S069,NODE_SUPPORT_ONLY,0.68,AUTO_CURATED_NEEDS_RELATION_EVIDENCE,2026-09-27,M3 semantic curation of former CONTRIBUTES_TO_MEGAPROJECT. Relation is a SINERGY systems interpretation until separately evidenced.
EV00931,E00931,S069,NODE_SUPPORT_ONLY,0.68,AUTO_CURATED_NEEDS_RELATION_EVIDENCE,2026-09-27,M3 semantic curation of former CONTRIBUTES_TO_MEGAPROJECT. Relation is a SINERGY systems interpretation until separately evidenced.
EV00932,E00932,S070,PROVENANCE,0.95,VERIFIED_PROVENANCE,2026-09-27,Canonical source provenance.
EV00933,E00933,S070,ATTRIBUTION,0.68,CURATED_PROGRAM_ASSOCIATION,2026-09-27,Representative institution/program association; not a funding claim.
EV00934,E00934,S070,NODE_SUPPORT_ONLY,0.82,AUTO_CURATED_NEEDS_RELATION_EVIDENCE,2026-09-27,M3 semantic curation of former MAPS_TO_TECHNOLOGY. Source supports the frontier node; direct relation evidence still requires expert review.
EV00935,E00935,S070,NODE_SUPPORT_ONLY,0.82,AUTO_CURATED_NEEDS_RELATION_EVIDENCE,2026-09-27,M3 semantic curation of former MAPS_TO_TECHNOLOGY. Source supports the frontier node; direct relation evidence still requires expert review.
EV00936,E00936,S070,NODE_SUPPORT_ONLY,0.82,AUTO_CURATED_NEEDS_RELATION_EVIDENCE,2026-09-27,M3 semantic curation of former MAPS_TO_TECHNOLOGY. Source supports the frontier node; direct relation evidence still requires expert review.
EV00937,E00937,S070,NODE_SUPPORT_ONLY,0.82,AUTO_CURATED_NEEDS_RELATION_EVIDENCE,2026-09-27,M3 semantic curation of former MAPS_TO_TECHNOLOGY. Source supports the frontier node; direct relation evidence still requires expert review.
EV00938,E00938,S070,NODE_SUPPORT_ONLY,0.58,AUTO_CURATED_NEEDS_RELATION_EVIDENCE,2026-09-27,M3 semantic curation of former CONTRIBUTES_TO_MEGAPROJECT. Relation is a SINERGY systems interpretation until separately evidenced.
EV00939,E00939,S070,NODE_SUPPORT_ONLY,0.58,AUTO_CURATED_NEEDS_RELATION_EVIDENCE,2026-09-27,M3 semantic curation of former CONTRIBUTES_TO_MEGAPROJECT. Relation is a SINERGY systems interpretation until separately evidenced.
EV00940,E00940,S071,PROVENANCE,0.95,VERIFIED_PROVENANCE,2026-09-27,Canonical source provenance.
EV00941,E00941,S071,ATTRIBUTION,0.78,CURATED_ATTRIBUTION,2026-09-27,Representative author attribution from Frontier Graph 1.0.
EV00942,E00942,S071,ATTRIBUTION,0.68,CURATED_PROGRAM_ASSOCIATION,2026-09-27,Representative institution/program association; not a funding claim.
EV00943,E00943,S071,NODE_SUPPORT_ONLY,0.70,AUTO_CURATED_NEEDS_RELATION_EVIDENCE,2026-09-27,M3 semantic curation of former MAPS_TO_TECHNOLOGY. Source supports the frontier node; direct relation evidence still requires expert review.
EV00944,E00944,S071,NODE_SUPPORT_ONLY,0.56,AUTO_CURATED_NEEDS_RELATION_EVIDENCE,2026-09-27,M3 semantic curation of former MAPS_TO_TECHNOLOGY. Source supports the frontier node; direct relation evidence still requires expert review.
EV00945,E00945,S071,NODE_SUPPORT_ONLY,0.56,AUTO_CURATED_NEEDS_RELATION_EVIDENCE,2026-09-27,M3 semantic curation of former MAPS_TO_TECHNOLOGY. Source supports the frontier node; direct relation evidence still requires expert review.
EV00946,E00946,S071,NODE_SUPPORT_ONLY,0.56,AUTO_CURATED_NEEDS_RELATION_EVIDENCE,2026-09-27,M3 semantic curation of former MAPS_TO_TECHNOLOGY. Source supports the frontier node; direct relation evidence still requires expert review.
EV00947,E00947,S071,NODE_SUPPORT_ONLY,0.58,AUTO_CURATED_NEEDS_RELATION_EVIDENCE,2026-09-27,M3 semantic curation of former CONTRIBUTES_TO_MEGAPROJECT. Relation is a SINERGY systems interpretation until separately evidenced.
EV00948,E00948,S071,NODE_SUPPORT_ONLY,0.58,AUTO_CURATED_NEEDS_RELATION_EVIDENCE,2026-09-27,M3 semantic curation of former CONTRIBUTES_TO_MEGAPROJECT. Relation is a SINERGY systems interpretation until separately evidenced.
EV00949,E00949,S072,PROVENANCE,0.95,VERIFIED_PROVENANCE,2026-09-27,Canonical source provenance.
EV00950,E00950,S072,ATTRIBUTION,0.68,CURATED_PROGRAM_ASSOCIATION,2026-09-27,Representative institution/program association; not a funding claim.
EV00951,E00951,S072,ATTRIBUTION,0.68,CURATED_PROGRAM_ASSOCIATION,2026-09-27,Representative institution/program association; not a funding claim.
EV00952,E00952,S072,NODE_SUPPORT_ONLY,0.56,AUTO_CURATED_NEEDS_RELATION_EVIDENCE,2026-09-27,M3 semantic curation of former MAPS_TO_TECHNOLOGY. Source supports the frontier node; direct relation evidence still requires expert review.
EV00953,E00953,S072,NODE_SUPPORT_ONLY,0.56,AUTO_CURATED_NEEDS_RELATION_EVIDENCE,2026-09-27,M3 semantic curation of former MAPS_TO_TECHNOLOGY. Source supports the frontier node; direct relation evidence still requires expert review.
EV00954,E00954,S072,NODE_SUPPORT_ONLY,0.56,AUTO_CURATED_NEEDS_RELATION_EVIDENCE,2026-09-27,M3 semantic curation of former MAPS_TO_TECHNOLOGY. Source supports the frontier node; direct relation evidence still requires expert review.
EV00955,E00955,S072,NODE_SUPPORT_ONLY,0.56,AUTO_CURATED_NEEDS_RELATION_EVIDENCE,2026-09-27,M3 semantic curation of former MAPS_TO_TECHNOLOGY. Source supports the frontier node; direct relation evidence still requires expert review.
EV00956,E00956,S072,NODE_SUPPORT_ONLY,0.58,AUTO_CURATED_NEEDS_RELATION_EVIDENCE,2026-09-27,M3 semantic curation of former CONTRIBUTES_TO_MEGAPROJECT. Relation is a SINERGY systems interpretation until separately evidenced.
EV00957,E00957,S073,PROVENANCE,0.95,VERIFIED_PROVENANCE,2026-09-27,Canonical source provenance.
EV00958,E00958,S073,ATTRIBUTION,0.78,CURATED_ATTRIBUTION,2026-09-27,Representative author attribution from Frontier Graph 1.0.
EV00959,E00959,S073,ATTRIBUTION,0.78,CURATED_ATTRIBUTION,2026-09-27,Representative author attribution from Frontier Graph 1.0.
EV00960,E00960,S073,ATTRIBUTION,0.78,CURATED_ATTRIBUTION,2026-09-27,Representative author attribution from Frontier Graph 1.0.
EV00961,E00961,S073,NODE_SUPPORT_ONLY,0.74,AUTO_CURATED_NEEDS_RELATION_EVIDENCE,2026-09-27,M3 semantic curation of former MAPS_TO_TECHNOLOGY. Source supports the frontier node; direct relation evidence still requires expert review.
EV00962,E00962,S073,NODE_SUPPORT_ONLY,0.74,AUTO_CURATED_NEEDS_RELATION_EVIDENCE,2026-09-27,M3 semantic curation of former MAPS_TO_TECHNOLOGY. Source supports the frontier node; direct relation evidence still requires expert review.
EV00963,E00963,S073,NODE_SUPPORT_ONLY,0.74,AUTO_CURATED_NEEDS_RELATION_EVIDENCE,2026-09-27,M3 semantic curation of former MAPS_TO_TECHNOLOGY. Source supports the frontier node; direct relation evidence still requires expert review.
EV00964,E00964,S073,NODE_SUPPORT_ONLY,0.74,AUTO_CURATED_NEEDS_RELATION_EVIDENCE,2026-09-27,M3 semantic curation of former MAPS_TO_TECHNOLOGY. Source supports the frontier node; direct relation evidence still requires expert review.
EV00965,E00965,S073,NODE_SUPPORT_ONLY,0.74,AUTO_CURATED_NEEDS_RELATION_EVIDENCE,2026-09-27,M3 semantic curation of former MAPS_TO_TECHNOLOGY. Source supports the frontier node; direct relation evidence still requires expert review.
EV00966,E00966,S073,NODE_SUPPORT_ONLY,0.58,AUTO_CURATED_NEEDS_RELATION_EVIDENCE,2026-09-27,M3 semantic curation of former CONTRIBUTES_TO_MEGAPROJECT. Relation is a SINERGY systems interpretation until separately evidenced.
EV00967,E00967,S073,NODE_SUPPORT_ONLY,0.58,AUTO_CURATED_NEEDS_RELATION_EVIDENCE,2026-09-27,M3 semantic curation of former CONTRIBUTES_TO_MEGAPROJECT. Relation is a SINERGY systems interpretation until separately evidenced.
EV00968,E00968,S073,NODE_SUPPORT_ONLY,0.58,AUTO_CURATED_NEEDS_RELATION_EVIDENCE,2026-09-27,M3 semantic curation of former CONTRIBUTES_TO_MEGAPROJECT. Relation is a SINERGY systems interpretation until separately evidenced.
EV00969,E00969,S074,PROVENANCE,0.95,VERIFIED_PROVENANCE,2026-09-27,Canonical source provenance.
EV00970,E00970,S074,ATTRIBUTION,0.78,CURATED_ATTRIBUTION,2026-09-27,Representative author attribution from Frontier Graph 1.0.
EV00971,E00971,S074,ATTRIBUTION,0.78,CURATED_ATTRIBUTION,2026-09-27,Representative author attribution from Frontier Graph 1.0.
EV00972,E00972,S074,ATTRIBUTION,0.68,CURATED_PROGRAM_ASSOCIATION,2026-09-27,Representative institution/program association; not a funding claim.
EV00973,E00973,S074,NODE_SUPPORT_ONLY,0.74,AUTO_CURATED_NEEDS_RELATION_EVIDENCE,2026-09-27,M3 semantic curation of former MAPS_TO_TECHNOLOGY. Source supports the frontier node; direct relation evidence still requires expert review.
EV00974,E00974,S074,NODE_SUPPORT_ONLY,0.74,AUTO_CURATED_NEEDS_RELATION_EVIDENCE,2026-09-27,M3 semantic curation of former MAPS_TO_TECHNOLOGY. Source supports the frontier node; direct relation evidence still requires expert review.
EV00975,E00975,S074,NODE_SUPPORT_ONLY,0.74,AUTO_CURATED_NEEDS_RELATION_EVIDENCE,2026-09-27,M3 semantic curation of former MAPS_TO_TECHNOLOGY. Source supports the frontier node; direct relation evidence still requires expert review.
EV00976,E00976,S074,NODE_SUPPORT_ONLY,0.74,AUTO_CURATED_NEEDS_RELATION_EVIDENCE,2026-09-27,M3 semantic curation of former MAPS_TO_TECHNOLOGY. Source supports the frontier node; direct relation evidence still requires expert review.
EV00977,E00977,S074,NODE_SUPPORT_ONLY,0.74,AUTO_CURATED_NEEDS_RELATION_EVIDENCE,2026-09-27,M3 semantic curation of former MAPS_TO_TECHNOLOGY. Source supports the frontier node; direct relation evidence still requires expert review.
EV00978,E00978,S074,NODE_SUPPORT_ONLY,0.74,AUTO_CURATED_NEEDS_RELATION_EVIDENCE,2026-09-27,M3 semantic curation of former MAPS_TO_TECHNOLOGY. Source supports the frontier node; direct relation evidence still requires expert review.
EV00979,E00979,S074,NODE_SUPPORT_ONLY,0.58,AUTO_CURATED_NEEDS_RELATION_EVIDENCE,2026-09-27,M3 semantic curation of former CONTRIBUTES_TO_MEGAPROJECT. Relation is a SINERGY systems interpretation until separately evidenced.
EV00980,E00980,S074,NODE_SUPPORT_ONLY,0.58,AUTO_CURATED_NEEDS_RELATION_EVIDENCE,2026-09-27,M3 semantic curation of former CONTRIBUTES_TO_MEGAPROJECT. Relation is a SINERGY systems interpretation until separately evidenced.
EV00981,E00981,S074,NODE_SUPPORT_ONLY,0.68,AUTO_CURATED_NEEDS_RELATION_EVIDENCE,2026-09-27,M3 semantic curation of former CONTRIBUTES_TO_MEGAPROJECT. Relation is a SINERGY systems interpretation until separately evidenced.
EV00982,E00982,S074,NODE_SUPPORT_ONLY,0.68,AUTO_CURATED_NEEDS_RELATION_EVIDENCE,2026-09-27,M3 semantic curation of former CONTRIBUTES_TO_MEGAPROJECT. Relation is a SINERGY systems interpretation until separately evidenced.
EV00983,E00983,S075,PROVENANCE,0.95,VERIFIED_PROVENANCE,2026-09-27,Canonical source provenance.
EV00984,E00984,S075,ATTRIBUTION,0.68,CURATED_PROGRAM_ASSOCIATION,2026-09-27,Representative institution/program association; not a funding claim.
EV00985,E00985,S075,ATTRIBUTION,0.68,CURATED_PROGRAM_ASSOCIATION,2026-09-27,Representative institution/program association; not a funding claim.
EV00986,E00986,S075,NODE_SUPPORT_ONLY,0.74,AUTO_CURATED_NEEDS_RELATION_EVIDENCE,2026-09-27,M3 semantic curation of former MAPS_TO_TECHNOLOGY. Source supports the frontier node; direct relation evidence still requires expert review.
EV00987,E00987,S075,NODE_SUPPORT_ONLY,0.74,AUTO_CURATED_NEEDS_RELATION_EVIDENCE,2026-09-27,M3 semantic curation of former MAPS_TO_TECHNOLOGY. Source supports the frontier node; direct relation evidence still requires expert review.
EV00988,E00988,S075,NODE_SUPPORT_ONLY,0.74,AUTO_CURATED_NEEDS_RELATION_EVIDENCE,2026-09-27,M3 semantic curation of former MAPS_TO_TECHNOLOGY. Source supports the frontier node; direct relation evidence still requires expert review.
EV00989,E00989,S075,NODE_SUPPORT_ONLY,0.74,AUTO_CURATED_NEEDS_RELATION_EVIDENCE,2026-09-27,M3 semantic curation of former MAPS_TO_TECHNOLOGY. Source supports the frontier node; direct relation evidence still requires expert review.
EV00990,E00990,S075,NODE_SUPPORT_ONLY,0.58,AUTO_CURATED_NEEDS_RELATION_EVIDENCE,2026-09-27,M3 semantic curation of former CONTRIBUTES_TO_MEGAPROJECT. Relation is a SINERGY systems interpretation until separately evidenced.
EV00991,E00991,S075,NODE_SUPPORT_ONLY,0.58,AUTO_CURATED_NEEDS_RELATION_EVIDENCE,2026-09-27,M3 semantic curation of former CONTRIBUTES_TO_MEGAPROJECT. Relation is a SINERGY systems interpretation until separately evidenced.
EV00992,E00992,S075,NODE_SUPPORT_ONLY,0.58,AUTO_CURATED_NEEDS_RELATION_EVIDENCE,2026-09-27,M3 semantic curation of former CONTRIBUTES_TO_MEGAPROJECT. Relation is a SINERGY systems interpretation until separately evidenced.
EV00993,E00993,S075,NODE_SUPPORT_ONLY,0.58,AUTO_CURATED_NEEDS_RELATION_EVIDENCE,2026-09-27,M3 semantic curation of former CONTRIBUTES_TO_MEGAPROJECT. Relation is a SINERGY systems interpretation until separately evidenced.
EV00994,E00994,S075,NODE_SUPPORT_ONLY,0.58,AUTO_CURATED_NEEDS_RELATION_EVIDENCE,2026-09-27,M3 semantic curation of former CONTRIBUTES_TO_MEGAPROJECT. Relation is a SINERGY systems interpretation until separately evidenced.
EV00995,E00995,S007,PROVENANCE,0.95,VERIFIED_PROVENANCE,2026-09-27,Canonical source provenance.
EV00996,E00996,S007,ATTRIBUTION,0.78,CURATED_ATTRIBUTION,2026-09-27,Representative author attribution from Frontier Graph 1.0.
EV00997,E00997,S007,ATTRIBUTION,0.78,CURATED_ATTRIBUTION,2026-09-27,Representative author attribution from Frontier Graph 1.0.
EV00998,E00998,S007,ATTRIBUTION,0.68,CURATED_PROGRAM_ASSOCIATION,2026-09-27,Representative institution/program association; not a funding claim.
EV00999,E00999,S007,NODE_SUPPORT_ONLY,0.66,AUTO_CURATED_NEEDS_RELATION_EVIDENCE,2026-09-27,M3 semantic curation of former MAPS_TO_TECHNOLOGY. Source supports the frontier node; direct relation evidence still requires expert review.
EV01000,E01000,S007,NODE_SUPPORT_ONLY,0.66,AUTO_CURATED_NEEDS_RELATION_EVIDENCE,2026-09-27,M3 semantic curation of former MAPS_TO_TECHNOLOGY. Source supports the frontier node; direct relation evidence still requires expert review.
EV01001,E01001,S007,NODE_SUPPORT_ONLY,0.66,AUTO_CURATED_NEEDS_RELATION_EVIDENCE,2026-09-27,M3 semantic curation of former MAPS_TO_TECHNOLOGY. Source supports the frontier node; direct relation evidence still requires expert review.
EV01002,E01002,S007,NODE_SUPPORT_ONLY,0.66,AUTO_CURATED_NEEDS_RELATION_EVIDENCE,2026-09-27,M3 semantic curation of former MAPS_TO_TECHNOLOGY. Source supports the frontier node; direct relation evidence still requires expert review.
EV01003,E01003,S007,NODE_SUPPORT_ONLY,0.66,AUTO_CURATED_NEEDS_RELATION_EVIDENCE,2026-09-27,M3 semantic curation of former MAPS_TO_TECHNOLOGY. Source supports the frontier node; direct relation evidence still requires expert review.
EV01004,E01004,S007,NODE_SUPPORT_ONLY,0.66,AUTO_CURATED_NEEDS_RELATION_EVIDENCE,2026-09-27,M3 semantic curation of former MAPS_TO_TECHNOLOGY. Source supports the frontier node; direct relation evidence still requires expert review.
EV01005,E01005,S007,NODE_SUPPORT_ONLY,0.58,AUTO_CURATED_NEEDS_RELATION_EVIDENCE,2026-09-27,M3 semantic curation of former CONTRIBUTES_TO_MEGAPROJECT. Relation is a SINERGY systems interpretation until separately evidenced.
EV01006,E01006,S007,NODE_SUPPORT_ONLY,0.58,AUTO_CURATED_NEEDS_RELATION_EVIDENCE,2026-09-27,M3 semantic curation of former CONTRIBUTES_TO_MEGAPROJECT. Relation is a SINERGY systems interpretation until separately evidenced.
EV01007,E01007,S007,NODE_SUPPORT_ONLY,0.58,AUTO_CURATED_NEEDS_RELATION_EVIDENCE,2026-09-27,M3 semantic curation of former CONTRIBUTES_TO_MEGAPROJECT. Relation is a SINERGY systems interpretation until separately evidenced.
EV01008,E01008,S007,NODE_SUPPORT_ONLY,0.58,AUTO_CURATED_NEEDS_RELATION_EVIDENCE,2026-09-27,M3 semantic curation of former CONTRIBUTES_TO_MEGAPROJECT. Relation is a SINERGY systems interpretation until separately evidenced.
EV01009,E01009,S007,NODE_SUPPORT_ONLY,0.68,AUTO_CURATED_NEEDS_RELATION_EVIDENCE,2026-09-27,M3 semantic curation of former CONTRIBUTES_TO_MEGAPROJECT. Relation is a SINERGY systems interpretation until separately evidenced.
EV01010,E01010,S007,NODE_SUPPORT_ONLY,0.68,AUTO_CURATED_NEEDS_RELATION_EVIDENCE,2026-09-27,M3 semantic curation of former CONTRIBUTES_TO_MEGAPROJECT. Relation is a SINERGY systems interpretation until separately evidenced.
EV01011,E01011,S076,PROVENANCE,0.95,VERIFIED_PROVENANCE,2026-09-27,Canonical source provenance.
EV01012,E01012,S076,ATTRIBUTION,0.68,CURATED_PROGRAM_ASSOCIATION,2026-09-27,Representative institution/program association; not a funding claim.
EV01013,E01013,S076,NODE_SUPPORT_ONLY,0.56,AUTO_CURATED_NEEDS_RELATION_EVIDENCE,2026-09-27,M3 semantic curation of former MAPS_TO_TECHNOLOGY. Source supports the frontier node; direct relation evidence still requires expert review.
EV01014,E01014,S076,NODE_SUPPORT_ONLY,0.56,AUTO_CURATED_NEEDS_RELATION_EVIDENCE,2026-09-27,M3 semantic curation of former MAPS_TO_TECHNOLOGY. Source supports the frontier node; direct relation evidence still requires expert review.
EV01015,E01015,S076,NODE_SUPPORT_ONLY,0.56,AUTO_CURATED_NEEDS_RELATION_EVIDENCE,2026-09-27,M3 semantic curation of former MAPS_TO_TECHNOLOGY. Source supports the frontier node; direct relation evidence still requires expert review.
EV01016,E01016,S076,NODE_SUPPORT_ONLY,0.56,AUTO_CURATED_NEEDS_RELATION_EVIDENCE,2026-09-27,M3 semantic curation of former MAPS_TO_TECHNOLOGY. Source supports the frontier node; direct relation evidence still requires expert review.
EV01017,E01017,S076,NODE_SUPPORT_ONLY,0.56,AUTO_CURATED_NEEDS_RELATION_EVIDENCE,2026-09-27,M3 semantic curation of former MAPS_TO_TECHNOLOGY. Source supports the frontier node; direct relation evidence still requires expert review.
EV01018,E01018,S076,NODE_SUPPORT_ONLY,0.56,AUTO_CURATED_NEEDS_RELATION_EVIDENCE,2026-09-27,M3 semantic curation of former MAPS_TO_TECHNOLOGY. Source supports the frontier node; direct relation evidence still requires expert review.
EV01019,E01019,S076,NODE_SUPPORT_ONLY,0.52,AUTO_CURATED_NEEDS_RELATION_EVIDENCE,2026-09-27,M3 semantic curation of former CONTRIBUTES_TO_MEGAPROJECT. Relation is a SINERGY systems interpretation until separately evidenced.
EV01020,E01020,S076,NODE_SUPPORT_ONLY,0.52,AUTO_CURATED_NEEDS_RELATION_EVIDENCE,2026-09-27,M3 semantic curation of former CONTRIBUTES_TO_MEGAPROJECT. Relation is a SINERGY systems interpretation until separately evidenced.
EV01021,E01021,S076,NODE_SUPPORT_ONLY,0.68,AUTO_CURATED_NEEDS_RELATION_EVIDENCE,2026-09-27,M3 semantic curation of former CONTRIBUTES_TO_MEGAPROJECT. Relation is a SINERGY systems interpretation until separately evidenced.
EV01022,E01022,S076,NODE_SUPPORT_ONLY,0.68,AUTO_CURATED_NEEDS_RELATION_EVIDENCE,2026-09-27,M3 semantic curation of former CONTRIBUTES_TO_MEGAPROJECT. Relation is a SINERGY systems interpretation until separately evidenced.
EV01023,E01023,S021,PROVENANCE,0.95,VERIFIED_PROVENANCE,2026-09-27,Canonical source provenance.
EV01024,E01024,S021,ATTRIBUTION,0.78,CURATED_ATTRIBUTION,2026-09-27,Representative author attribution from Frontier Graph 1.0.
EV01025,E01025,S021,ATTRIBUTION,0.78,CURATED_ATTRIBUTION,2026-09-27,Representative author attribution from Frontier Graph 1.0.
EV01026,E01026,S021,ATTRIBUTION,0.78,CURATED_ATTRIBUTION,2026-09-27,Representative author attribution from Frontier Graph 1.0.
EV01027,E01027,S021,ATTRIBUTION,0.68,CURATED_PROGRAM_ASSOCIATION,2026-09-27,Representative institution/program association; not a funding claim.
EV01028,E01028,S021,NODE_SUPPORT_ONLY,0.66,AUTO_CURATED_NEEDS_RELATION_EVIDENCE,2026-09-27,M3 semantic curation of former MAPS_TO_TECHNOLOGY. Source supports the frontier node; direct relation evidence still requires expert review.
EV01029,E01029,S021,NODE_SUPPORT_ONLY,0.58,AUTO_CURATED_NEEDS_RELATION_EVIDENCE,2026-09-27,M3 semantic curation of former CONTRIBUTES_TO_MEGAPROJECT. Relation is a SINERGY systems interpretation until separately evidenced.
EV01030,E01030,S021,NODE_SUPPORT_ONLY,0.58,AUTO_CURATED_NEEDS_RELATION_EVIDENCE,2026-09-27,M3 semantic curation of former CONTRIBUTES_TO_MEGAPROJECT. Relation is a SINERGY systems interpretation until separately evidenced.
EV01031,E01031,S021,NODE_SUPPORT_ONLY,0.58,AUTO_CURATED_NEEDS_RELATION_EVIDENCE,2026-09-27,M3 semantic curation of former CONTRIBUTES_TO_MEGAPROJECT. Relation is a SINERGY systems interpretation until separately evidenced.
EV01032,E01032,S021,NODE_SUPPORT_ONLY,0.58,AUTO_CURATED_NEEDS_RELATION_EVIDENCE,2026-09-27,M3 semantic curation of former CONTRIBUTES_TO_MEGAPROJECT. Relation is a SINERGY systems interpretation until separately evidenced.
EV01033,E01033,S021,NODE_SUPPORT_ONLY,0.58,AUTO_CURATED_NEEDS_RELATION_EVIDENCE,2026-09-27,M3 semantic curation of former CONTRIBUTES_TO_MEGAPROJECT. Relation is a SINERGY systems interpretation until separately evidenced.
EV01034,E01034,S021,NODE_SUPPORT_ONLY,0.68,AUTO_CURATED_NEEDS_RELATION_EVIDENCE,2026-09-27,M3 semantic curation of former CONTRIBUTES_TO_MEGAPROJECT. Relation is a SINERGY systems interpretation until separately evidenced.
EV01035,E01035,S013,PROVENANCE,0.95,VERIFIED_PROVENANCE,2026-09-27,Canonical source provenance.
EV01036,E01036,S013,ATTRIBUTION,0.68,CURATED_PROGRAM_ASSOCIATION,2026-09-27,Representative institution/program association; not a funding claim.
EV01037,E01037,S013,ATTRIBUTION,0.68,CURATED_PROGRAM_ASSOCIATION,2026-09-27,Representative institution/program association; not a funding claim.
EV01038,E01038,S013,NODE_SUPPORT_ONLY,0.72,AUTO_CURATED_NEEDS_RELATION_EVIDENCE,2026-09-27,M3 semantic curation of former MAPS_TO_TECHNOLOGY. Source supports the frontier node; direct relation evidence still requires expert review.
EV01039,E01039,S013,NODE_SUPPORT_ONLY,0.72,AUTO_CURATED_NEEDS_RELATION_EVIDENCE,2026-09-27,M3 semantic curation of former MAPS_TO_TECHNOLOGY. Source supports the frontier node; direct relation evidence still requires expert review.
EV01040,E01040,S013,NODE_SUPPORT_ONLY,0.58,AUTO_CURATED_NEEDS_RELATION_EVIDENCE,2026-09-27,M3 semantic curation of former CONTRIBUTES_TO_MEGAPROJECT. Relation is a SINERGY systems interpretation until separately evidenced.
EV01041,E01041,S013,NODE_SUPPORT_ONLY,0.58,AUTO_CURATED_NEEDS_RELATION_EVIDENCE,2026-09-27,M3 semantic curation of former CONTRIBUTES_TO_MEGAPROJECT. Relation is a SINERGY systems interpretation until separately evidenced.
EV01042,E01042,S013,NODE_SUPPORT_ONLY,0.58,AUTO_CURATED_NEEDS_RELATION_EVIDENCE,2026-09-27,M3 semantic curation of former CONTRIBUTES_TO_MEGAPROJECT. Relation is a SINERGY systems interpretation until separately evidenced.
EV01043,E01043,S013,NODE_SUPPORT_ONLY,0.58,AUTO_CURATED_NEEDS_RELATION_EVIDENCE,2026-09-27,M3 semantic curation of former CONTRIBUTES_TO_MEGAPROJECT. Relation is a SINERGY systems interpretation until separately evidenced.
EV01044,E01044,S014,PROVENANCE,0.95,VERIFIED_PROVENANCE,2026-09-27,Canonical source provenance.
EV01045,E01045,S014,ATTRIBUTION,0.68,CURATED_PROGRAM_ASSOCIATION,2026-09-27,Representative institution/program association; not a funding claim.
EV01046,E01046,S014,NODE_SUPPORT_ONLY,0.66,AUTO_CURATED_NEEDS_RELATION_EVIDENCE,2026-09-27,M3 semantic curation of former MAPS_TO_TECHNOLOGY. Source supports the frontier node; direct relation evidence still requires expert review.
EV01047,E01047,S014,NODE_SUPPORT_ONLY,0.66,AUTO_CURATED_NEEDS_RELATION_EVIDENCE,2026-09-27,M3 semantic curation of former MAPS_TO_TECHNOLOGY. Source supports the frontier node; direct relation evidence still requires expert review.
EV01048,E01048,S014,NODE_SUPPORT_ONLY,0.66,AUTO_CURATED_NEEDS_RELATION_EVIDENCE,2026-09-27,M3 semantic curation of former MAPS_TO_TECHNOLOGY. Source supports the frontier node; direct relation evidence still requires expert review.
EV01049,E01049,S014,NODE_SUPPORT_ONLY,0.58,AUTO_CURATED_NEEDS_RELATION_EVIDENCE,2026-09-27,M3 semantic curation of former CONTRIBUTES_TO_MEGAPROJECT. Relation is a SINERGY systems interpretation until separately evidenced.
EV01050,E01050,S014,NODE_SUPPORT_ONLY,0.58,AUTO_CURATED_NEEDS_RELATION_EVIDENCE,2026-09-27,M3 semantic curation of former CONTRIBUTES_TO_MEGAPROJECT. Relation is a SINERGY systems interpretation until separately evidenced.
EV01051,E01051,S077,PROVENANCE,0.95,VERIFIED_PROVENANCE,2026-09-27,Canonical source provenance.
EV01052,E01052,S077,ATTRIBUTION,0.78,CURATED_ATTRIBUTION,2026-09-27,Representative author attribution from Frontier Graph 1.0.
EV01053,E01053,S077,ATTRIBUTION,0.78,CURATED_ATTRIBUTION,2026-09-27,Representative author attribution from Frontier Graph 1.0.
EV01054,E01054,S077,ATTRIBUTION,0.78,CURATED_ATTRIBUTION,2026-09-27,Representative author attribution from Frontier Graph 1.0.
EV01055,E01055,S077,ATTRIBUTION,0.68,CURATED_PROGRAM_ASSOCIATION,2026-09-27,Representative institution/program association; not a funding claim.
EV01056,E01056,S077,NODE_SUPPORT_ONLY,0.66,AUTO_CURATED_NEEDS_RELATION_EVIDENCE,2026-09-27,M3 semantic curation of former MAPS_TO_TECHNOLOGY. Source supports the frontier node; direct relation evidence still requires expert review.
EV01057,E01057,S077,NODE_SUPPORT_ONLY,0.66,AUTO_CURATED_NEEDS_RELATION_EVIDENCE,2026-09-27,M3 semantic curation of former MAPS_TO_TECHNOLOGY. Source supports the frontier node; direct relation evidence still requires expert review.
EV01058,E01058,S077,NODE_SUPPORT_ONLY,0.66,AUTO_CURATED_NEEDS_RELATION_EVIDENCE,2026-09-27,M3 semantic curation of former MAPS_TO_TECHNOLOGY. Source supports the frontier node; direct relation evidence still requires expert review.
EV01059,E01059,S077,NODE_SUPPORT_ONLY,0.66,AUTO_CURATED_NEEDS_RELATION_EVIDENCE,2026-09-27,M3 semantic curation of former MAPS_TO_TECHNOLOGY. Source supports the frontier node; direct relation evidence still requires expert review.
EV01060,E01060,S077,NODE_SUPPORT_ONLY,0.64,AUTO_CURATED_NEEDS_RELATION_EVIDENCE,2026-09-27,M3 semantic curation of former CONTRIBUTES_TO_MEGAPROJECT. Relation is a SINERGY systems interpretation until separately evidenced.
EV01061,E01061,S077,NODE_SUPPORT_ONLY,0.64,AUTO_CURATED_NEEDS_RELATION_EVIDENCE,2026-09-27,M3 semantic curation of former CONTRIBUTES_TO_MEGAPROJECT. Relation is a SINERGY systems interpretation until separately evidenced.
EV01062,E01062,S078,PROVENANCE,0.95,VERIFIED_PROVENANCE,2026-09-27,Canonical source provenance.
EV01063,E01063,S079,PROVENANCE,0.95,VERIFIED_PROVENANCE,2026-09-27,Canonical source provenance.
EV01064,E01064,S080,PROVENANCE,0.95,VERIFIED_PROVENANCE,2026-09-27,Canonical source provenance.
EV01065,E01065,S078;S079;S080,ATTRIBUTION,0.68,CURATED_PROGRAM_ASSOCIATION,2026-09-27,Representative institution/program association; not a funding claim.
EV01066,E01066,S078;S079;S080,ATTRIBUTION,0.68,CURATED_PROGRAM_ASSOCIATION,2026-09-27,Representative institution/program association; not a funding claim.
EV01067,E01067,S078;S079;S080,NODE_SUPPORT_ONLY,0.66,AUTO_CURATED_NEEDS_RELATION_EVIDENCE,2026-09-27,M3 semantic curation of former MAPS_TO_TECHNOLOGY. Source supports the frontier node; direct relation evidence still requires expert review.
EV01068,E01068,S078;S079;S080,NODE_SUPPORT_ONLY,0.66,AUTO_CURATED_NEEDS_RELATION_EVIDENCE,2026-09-27,M3 semantic curation of former MAPS_TO_TECHNOLOGY. Source supports the frontier node; direct relation evidence still requires expert review.
EV01069,E01069,S078;S079;S080,NODE_SUPPORT_ONLY,0.66,AUTO_CURATED_NEEDS_RELATION_EVIDENCE,2026-09-27,M3 semantic curation of former MAPS_TO_TECHNOLOGY. Source supports the frontier node; direct relation evidence still requires expert review.
EV01070,E01070,S078;S079;S080,NODE_SUPPORT_ONLY,0.66,AUTO_CURATED_NEEDS_RELATION_EVIDENCE,2026-09-27,M3 semantic curation of former MAPS_TO_TECHNOLOGY. Source supports the frontier node; direct relation evidence still requires expert review.
EV01071,E01071,S078;S079;S080,NODE_SUPPORT_ONLY,0.64,AUTO_CURATED_NEEDS_RELATION_EVIDENCE,2026-09-27,M3 semantic curation of former CONTRIBUTES_TO_MEGAPROJECT. Relation is a SINERGY systems interpretation until separately evidenced.
EV01072,E01072,S003;S011,CANONICAL_SYNTHESIS,0.76,CURATED_CANONICAL,2026-09-27,Co-enabling canonical combination. Direction retained for stable representation; conceptual relation is bidirectional.
EV01073,E01073,S023;S066,CANONICAL_SYNTHESIS,0.76,CURATED_CANONICAL,2026-09-27,Co-enabling canonical combination. Direction retained for stable representation; conceptual relation is bidirectional.
EV01074,E01074,S061;S011,CANONICAL_SYNTHESIS,0.82,CURATED_CANONICAL,2026-09-27,computational material proposal to robotic synthesis
EV01075,E01075,S062;S063,CANONICAL_SYNTHESIS,0.76,CURATED_CANONICAL,2026-09-27,Co-enabling canonical combination. Direction retained for stable representation; conceptual relation is bidirectional.
EV01076,E01076,S063;S011,CANONICAL_SYNTHESIS,0.76,CURATED_CANONICAL,2026-09-27,Co-enabling canonical combination. Direction retained for stable representation; conceptual relation is bidirectional.
EV01077,E01077,S010;S051,CANONICAL_SYNTHESIS,0.76,CURATED_CANONICAL,2026-09-27,Co-enabling canonical combination. Direction retained for stable representation; conceptual relation is bidirectional.
EV01078,E01078,S010;S052,CANONICAL_SYNTHESIS,0.76,CURATED_CANONICAL,2026-09-27,Co-enabling canonical combination. Direction retained for stable representation; conceptual relation is bidirectional.
EV01079,E01079,S010;S053,CANONICAL_SYNTHESIS,0.76,CURATED_CANONICAL,2026-09-27,Co-enabling canonical combination. Direction retained for stable representation; conceptual relation is bidirectional.
EV01080,E01080,S005;S006,CANONICAL_SYNTHESIS,0.76,CURATED_CANONICAL,2026-09-27,Co-enabling canonical combination. Direction retained for stable representation; conceptual relation is bidirectional.
EV01081,E01081,S006;S033,CANONICAL_SYNTHESIS,0.76,CURATED_CANONICAL,2026-09-27,Co-enabling canonical combination. Direction retained for stable representation; conceptual relation is bidirectional.
EV01082,E01082,S074;S075,CANONICAL_SYNTHESIS,0.76,CURATED_CANONICAL,2026-09-27,Co-enabling canonical combination. Direction retained for stable representation; conceptual relation is bidirectional.
EV01083,E01083,S075;S076,CANONICAL_SYNTHESIS,0.82,CURATED_CANONICAL,2026-09-27,space manufacturing enabled by durable surface power
EV01084,E01084,S077;S078;S079;S080,CANONICAL_SYNTHESIS,0.76,CURATED_CANONICAL,2026-09-27,Co-enabling canonical combination. Direction retained for stable representation; conceptual relation is bidirectional.
EV01085,E01085,S078;S079;S080;S016,CANONICAL_SYNTHESIS,0.82,CURATED_CANONICAL,2026-09-27,economic interaction for persistent agents
EV01086,E01086,S013;S014,CANONICAL_SYNTHESIS,0.82,CURATED_CANONICAL,2026-09-27,planetary representation feeding Earth digital twins
EV01087,E01087,S014,CANONICAL_SYNTHESIS,0.82,CURATED_CANONICAL,2026-09-27,digital twin feeding Earth OS synthesis
EV01088,E01088,S023,CANONICAL_SYNTHESIS,0.80,CURATED_CANONICAL,2026-09-27,algorithm evolution as Technology Breeder precursor
EV01089,E01089,S039,CANONICAL_SYNTHESIS,0.80,CURATED_CANONICAL,2026-09-27,LLM-guided discovery as Technology Breeder precursor
EV01090,E01090,S004,CANONICAL_SYNTHESIS,0.80,CURATED_CANONICAL,2026-09-27,autonomous science as Technology Breeder precursor
EV01091,E01091,S072,RELATION_DIRECT,0.88,CURATED_RELATION,2026-09-27,DARPA QBI explicitly evaluates whether utility-scale quantum computing can deliver value exceeding cost.
EV01092,E01092,S070,RELATION_DIRECT,0.88,CURATED_RELATION,2026-09-27,Below-threshold quantum error correction is a direct enabling step toward fault-tolerant quantum computing.
EV01093,E01093,S066,RELATION_DIRECT,0.86,CURATED_RELATION,2026-09-27,Deep-RL plasma control increases control capability relevant to fusion systems.
EV01094,E01094,S061,RELATION_DIRECT,0.82,CURATED_RELATION,2026-09-27,GNoME produces computational candidates for new stable materials.
EV01095,E01095,S011,RELATION_DIRECT,0.84,CURATED_RELATION,2026-09-27,A-Lab autonomously synthesizes and tests inorganic material candidates.
EV01096,E01096,S040,RELATION_DIRECT,0.80,CURATED_RELATION,2026-09-27,"AlphaDev targets more efficient low-level algorithms, reducing compute work for affected operations."
EV01097,E01097,S023,RELATION_DIRECT,0.80,CURATED_RELATION,2026-09-27,AlphaEvolve searches for improved algorithms and infrastructure optimizations.
EV01098,E01098,S077;S016,CANONICAL_SYNTHESIS,0.78,CURATED_CANONICAL,2026-09-27,Machine-native payments enable economic interaction among autonomous agents.
EV01099,E01099,S078;S079;S080;S016,CANONICAL_SYNTHESIS,0.78,CURATED_CANONICAL,2026-09-27,Delegated payment/commerce protocols constrain and audit agent economic actions.
EV01100,E01100,S076,CANONICAL_SYNTHESIS,0.80,CURATED_CANONICAL,2026-09-27,Durable lunar surface power is an enabling dependency for a persistent lunar industrial node.
EV01101,E01101,S074,CANONICAL_SYNTHESIS,0.78,CURATED_CANONICAL,2026-09-27,"In-space servicing, assembly and manufacturing are enabling capabilities for a lunar/orbital industrial stack."
EV01102,E01102,S013;S014,CANONICAL_SYNTHESIS,0.82,CURATED_CANONICAL,2026-09-27,Planet-scale geospatial representation can feed operational Earth-system digital twins.
EV01103,E01103,S017;S016,CANONICAL_SYNTHESIS,0.78,CURATED_CANONICAL,2026-09-27,Constitutional constraints are a governance mechanism for persistent agent systems.
EV01104,E01104,S046;S016,CANONICAL_SYNTHESIS,0.76,CURATED_CANONICAL,2026-09-27,Scalable oversight is a governance dependency for large autonomous-agent systems.
EV01105,E01105,S003;S011,CANONICAL_SYNTHESIS,0.80,CURATED_CANONICAL,2026-09-27,AI hypothesis generation plus robotic synthesis closes a theory-to-experiment loop.
