id,original_edge_id,source,target,relation_type,evidence_source,evidence_scope,confidence,review_status,semantic_class,strong_edge,review_date,note
E00001,E00001,S001,F001,VALIDATES,S001,PROVENANCE,0.95,VERIFIED_PROVENANCE,EVIDENTIAL,TRUE,2026-09-27,Каноническое происхождение подтверждено источником.
E00002,E00002,F001,P001,PROPOSED_BY,S001,ATTRIBUTION,0.78,CURATED_ATTRIBUTION,PROVENANCE,FALSE,2026-09-27,Репрезентативная атрибуция автора из Frontier Graph 1.0.
E00003,E00003,F001,P002,PROPOSED_BY,S001,ATTRIBUTION,0.78,CURATED_ATTRIBUTION,PROVENANCE,FALSE,2026-09-27,Репрезентативная атрибуция автора из Frontier Graph 1.0.
E00004,E00004,F001,P003,PROPOSED_BY,S001,ATTRIBUTION,0.78,CURATED_ATTRIBUTION,PROVENANCE,FALSE,2026-09-27,Репрезентативная атрибуция автора из Frontier Graph 1.0.
E00005,E00005,F001,I001,PROPOSED_BY,S001,ATTRIBUTION,0.68,CURATED_PROGRAM_ASSOCIATION,PROVENANCE,FALSE,2026-09-27,Репрезентативная связь с институтом или программой; это не утверждение о финансировании.
E00006,E00006,F001,T011,DEPENDS_ON,S001,NODE_SUPPORT_ONLY,0.56,AUTO_CURATED_NEEDS_RELATION_EVIDENCE,THEMATIC,FALSE,2026-09-27,Семантическая курация M3 бывшей связи MAPS_TO_TECHNOLOGY. Источник подтверждает фронтирный узел; прямое доказательство самой связи всё ещё требует экспертной проверки.
E00007,E00007,F001,T012,DEPENDS_ON,S001,NODE_SUPPORT_ONLY,0.56,AUTO_CURATED_NEEDS_RELATION_EVIDENCE,THEMATIC,FALSE,2026-09-27,Семантическая курация M3 бывшей связи MAPS_TO_TECHNOLOGY. Источник подтверждает фронтирный узел; прямое доказательство самой связи всё ещё требует экспертной проверки.
E00008,E00008,F001,T013,DEPENDS_ON,S001,NODE_SUPPORT_ONLY,0.56,AUTO_CURATED_NEEDS_RELATION_EVIDENCE,THEMATIC,FALSE,2026-09-27,Семантическая курация M3 бывшей связи MAPS_TO_TECHNOLOGY. Источник подтверждает фронтирный узел; прямое доказательство самой связи всё ещё требует экспертной проверки.
E00009,E00009,F001,T014,DEPENDS_ON,S001,NODE_SUPPORT_ONLY,0.56,AUTO_CURATED_NEEDS_RELATION_EVIDENCE,THEMATIC,FALSE,2026-09-27,Семантическая курация M3 бывшей связи MAPS_TO_TECHNOLOGY. Источник подтверждает фронтирный узел; прямое доказательство самой связи всё ещё требует экспертной проверки.
E00010,E00010,F001,M133,INCREASES_CAPACITY_OF,S001,NODE_SUPPORT_ONLY,0.58,AUTO_CURATED_NEEDS_RELATION_EVIDENCE,THEMATIC,FALSE,2026-09-27,Семантическая курация M3 бывшей связи CONTRIBUTES_TO_MEGAPROJECT. До отдельного подтверждения это системная интерпретация SINERGY.
E00011,E00011,F001,M150,INCREASES_CAPACITY_OF,S001,NODE_SUPPORT_ONLY,0.58,AUTO_CURATED_NEEDS_RELATION_EVIDENCE,THEMATIC,FALSE,2026-09-27,Семантическая курация M3 бывшей связи CONTRIBUTES_TO_MEGAPROJECT. До отдельного подтверждения это системная интерпретация SINERGY.
E00012,E00012,F001,M135,INCREASES_CAPACITY_OF,S001,NODE_SUPPORT_ONLY,0.58,AUTO_CURATED_NEEDS_RELATION_EVIDENCE,THEMATIC,FALSE,2026-09-27,Семантическая курация M3 бывшей связи CONTRIBUTES_TO_MEGAPROJECT. До отдельного подтверждения это системная интерпретация SINERGY.
E00013,E00013,F001,M128,INCREASES_CAPACITY_OF,S001,NODE_SUPPORT_ONLY,0.58,AUTO_CURATED_NEEDS_RELATION_EVIDENCE,THEMATIC,FALSE,2026-09-27,Семантическая курация M3 бывшей связи CONTRIBUTES_TO_MEGAPROJECT. До отдельного подтверждения это системная интерпретация SINERGY.
E00014,E00014,F001,M141,INCREASES_CAPACITY_OF,S001,NODE_SUPPORT_ONLY,0.58,AUTO_CURATED_NEEDS_RELATION_EVIDENCE,THEMATIC,FALSE,2026-09-27,Семантическая курация M3 бывшей связи CONTRIBUTES_TO_MEGAPROJECT. До отдельного подтверждения это системная интерпретация SINERGY.
E00015,E00015,F001,M126,INCREASES_CAPACITY_OF,S001,NODE_SUPPORT_ONLY,0.58,AUTO_CURATED_NEEDS_RELATION_EVIDENCE,THEMATIC,FALSE,2026-09-27,Семантическая курация M3 бывшей связи CONTRIBUTES_TO_MEGAPROJECT. До отдельного подтверждения это системная интерпретация SINERGY.
E00016,E00016,S002,F002,VALIDATES,S002,PROVENANCE,0.95,VERIFIED_PROVENANCE,EVIDENTIAL,TRUE,2026-09-27,"Источник подтверждает обеспечивающий компонент, но не обязательно весь синтез SINERGY."
E00017,E00017,F002,P004,PROPOSED_BY,S002,ATTRIBUTION,0.78,CURATED_ATTRIBUTION,PROVENANCE,FALSE,2026-09-27,Репрезентативная атрибуция автора из Frontier Graph 1.0.
E00018,E00018,F002,P005,PROPOSED_BY,S002,ATTRIBUTION,0.78,CURATED_ATTRIBUTION,PROVENANCE,FALSE,2026-09-27,Репрезентативная атрибуция автора из Frontier Graph 1.0.
E00019,E00019,F002,T001,USES,S002,NODE_SUPPORT_ONLY,0.66,AUTO_CURATED_NEEDS_RELATION_EVIDENCE,ENABLING,FALSE,2026-09-27,Семантическая курация M3 бывшей связи MAPS_TO_TECHNOLOGY. Источник подтверждает фронтирный узел; прямое доказательство самой связи всё ещё требует экспертной проверки.
E00020,E00020,F002,T010,USES,S002,NODE_SUPPORT_ONLY,0.66,AUTO_CURATED_NEEDS_RELATION_EVIDENCE,ENABLING,FALSE,2026-09-27,Семантическая курация M3 бывшей связи MAPS_TO_TECHNOLOGY. Источник подтверждает фронтирный узел; прямое доказательство самой связи всё ещё требует экспертной проверки.
E00021,E00021,F002,T020,USES,S002,NODE_SUPPORT_ONLY,0.66,AUTO_CURATED_NEEDS_RELATION_EVIDENCE,ENABLING,FALSE,2026-09-27,Семантическая курация M3 бывшей связи MAPS_TO_TECHNOLOGY. Источник подтверждает фронтирный узел; прямое доказательство самой связи всё ещё требует экспертной проверки.
E00022,E00022,F002,M133,INCREASES_CAPACITY_OF,S002,NODE_SUPPORT_ONLY,0.58,AUTO_CURATED_NEEDS_RELATION_EVIDENCE,THEMATIC,FALSE,2026-09-27,Семантическая курация M3 бывшей связи CONTRIBUTES_TO_MEGAPROJECT. До отдельного подтверждения это системная интерпретация SINERGY.
E00023,E00023,F002,M150,INCREASES_CAPACITY_OF,S002,NODE_SUPPORT_ONLY,0.58,AUTO_CURATED_NEEDS_RELATION_EVIDENCE,THEMATIC,FALSE,2026-09-27,Семантическая курация M3 бывшей связи CONTRIBUTES_TO_MEGAPROJECT. До отдельного подтверждения это системная интерпретация SINERGY.
E00024,E00024,F002,M039,INCREASES_CAPACITY_OF,S002,NODE_SUPPORT_ONLY,0.58,AUTO_CURATED_NEEDS_RELATION_EVIDENCE,THEMATIC,FALSE,2026-09-27,Семантическая курация M3 бывшей связи CONTRIBUTES_TO_MEGAPROJECT. До отдельного подтверждения это системная интерпретация SINERGY.
E00025,E00025,F002,M136,INCREASES_CAPACITY_OF,S002,NODE_SUPPORT_ONLY,0.58,AUTO_CURATED_NEEDS_RELATION_EVIDENCE,THEMATIC,FALSE,2026-09-27,Семантическая курация M3 бывшей связи CONTRIBUTES_TO_MEGAPROJECT. До отдельного подтверждения это системная интерпретация SINERGY.
E00026,E00026,S003,F003,VALIDATES,S003,PROVENANCE,0.95,VERIFIED_PROVENANCE,EVIDENTIAL,TRUE,2026-09-27,Каноническое происхождение подтверждено источником.
E00027,E00027,F003,P006,PROPOSED_BY,S003,ATTRIBUTION,0.78,CURATED_ATTRIBUTION,PROVENANCE,FALSE,2026-09-27,Репрезентативная атрибуция автора из Frontier Graph 1.0.
E00028,E00028,F003,P007,PROPOSED_BY,S003,ATTRIBUTION,0.78,CURATED_ATTRIBUTION,PROVENANCE,FALSE,2026-09-27,Репрезентативная атрибуция автора из Frontier Graph 1.0.
E00029,E00029,F003,I002,PROPOSED_BY,S003,ATTRIBUTION,0.68,CURATED_PROGRAM_ASSOCIATION,PROVENANCE,FALSE,2026-09-27,Репрезентативная связь с институтом или программой; это не утверждение о финансировании.
E00030,E00030,F003,T002,USES,S003,NODE_SUPPORT_ONLY,0.66,AUTO_CURATED_NEEDS_RELATION_EVIDENCE,ENABLING,FALSE,2026-09-27,Семантическая курация M3 бывшей связи MAPS_TO_TECHNOLOGY. Источник подтверждает фронтирный узел; прямое доказательство самой связи всё ещё требует экспертной проверки.
E00031,E00031,F003,T003,USES,S003,NODE_SUPPORT_ONLY,0.66,AUTO_CURATED_NEEDS_RELATION_EVIDENCE,ENABLING,FALSE,2026-09-27,Семантическая курация M3 бывшей связи MAPS_TO_TECHNOLOGY. Источник подтверждает фронтирный узел; прямое доказательство самой связи всё ещё требует экспертной проверки.
E00032,E00032,F003,T019,USES,S003,NODE_SUPPORT_ONLY,0.66,AUTO_CURATED_NEEDS_RELATION_EVIDENCE,ENABLING,FALSE,2026-09-27,Семантическая курация M3 бывшей связи MAPS_TO_TECHNOLOGY. Источник подтверждает фронтирный узел; прямое доказательство самой связи всё ещё требует экспертной проверки.
E00033,E00033,F003,M133,INCREASES_CAPACITY_OF,S003,NODE_SUPPORT_ONLY,0.58,AUTO_CURATED_NEEDS_RELATION_EVIDENCE,THEMATIC,FALSE,2026-09-27,Семантическая курация M3 бывшей связи CONTRIBUTES_TO_MEGAPROJECT. До отдельного подтверждения это системная интерпретация SINERGY.
E00034,E00034,F003,M150,INCREASES_CAPACITY_OF,S003,NODE_SUPPORT_ONLY,0.58,AUTO_CURATED_NEEDS_RELATION_EVIDENCE,THEMATIC,FALSE,2026-09-27,Семантическая курация M3 бывшей связи CONTRIBUTES_TO_MEGAPROJECT. До отдельного подтверждения это системная интерпретация SINERGY.
E00035,E00035,F003,M034,INCREASES_CAPACITY_OF,S003,NODE_SUPPORT_ONLY,0.58,AUTO_CURATED_NEEDS_RELATION_EVIDENCE,THEMATIC,FALSE,2026-09-27,Семантическая курация M3 бывшей связи CONTRIBUTES_TO_MEGAPROJECT. До отдельного подтверждения это системная интерпретация SINERGY.
E00036,E00036,F003,M136,INCREASES_CAPACITY_OF,S003,NODE_SUPPORT_ONLY,0.58,AUTO_CURATED_NEEDS_RELATION_EVIDENCE,THEMATIC,FALSE,2026-09-27,Семантическая курация M3 бывшей связи CONTRIBUTES_TO_MEGAPROJECT. До отдельного подтверждения это системная интерпретация SINERGY.
E00037,E00037,S004,F004,VALIDATES,S004,PROVENANCE,0.95,VERIFIED_PROVENANCE,EVIDENTIAL,TRUE,2026-09-27,Каноническое происхождение подтверждено источником.
E00038,E00038,F004,P008,PROPOSED_BY,S004,ATTRIBUTION,0.78,CURATED_ATTRIBUTION,PROVENANCE,FALSE,2026-09-27,Репрезентативная атрибуция автора из Frontier Graph 1.0.
E00039,E00039,F004,P009,PROPOSED_BY,S004,ATTRIBUTION,0.78,CURATED_ATTRIBUTION,PROVENANCE,FALSE,2026-09-27,Репрезентативная атрибуция автора из Frontier Graph 1.0.
E00040,E00040,F004,P010,PROPOSED_BY,S004,ATTRIBUTION,0.78,CURATED_ATTRIBUTION,PROVENANCE,FALSE,2026-09-27,Репрезентативная атрибуция автора из Frontier Graph 1.0.
E00041,E00041,F004,P011,PROPOSED_BY,S004,ATTRIBUTION,0.78,CURATED_ATTRIBUTION,PROVENANCE,FALSE,2026-09-27,Репрезентативная атрибуция автора из Frontier Graph 1.0.
E00042,E00042,F004,P012,PROPOSED_BY,S004,ATTRIBUTION,0.78,CURATED_ATTRIBUTION,PROVENANCE,FALSE,2026-09-27,Репрезентативная атрибуция автора из Frontier Graph 1.0.
E00043,E00043,F004,P004,PROPOSED_BY,S004,ATTRIBUTION,0.78,CURATED_ATTRIBUTION,PROVENANCE,FALSE,2026-09-27,Репрезентативная атрибуция автора из Frontier Graph 1.0.
E00044,E00044,F004,T002,USES,S004,NODE_SUPPORT_ONLY,0.66,AUTO_CURATED_NEEDS_RELATION_EVIDENCE,ENABLING,FALSE,2026-09-27,Семантическая курация M3 бывшей связи MAPS_TO_TECHNOLOGY. Источник подтверждает фронтирный узел; прямое доказательство самой связи всё ещё требует экспертной проверки.
E00045,E00045,F004,T003,USES,S004,NODE_SUPPORT_ONLY,0.66,AUTO_CURATED_NEEDS_RELATION_EVIDENCE,ENABLING,FALSE,2026-09-27,Семантическая курация M3 бывшей связи MAPS_TO_TECHNOLOGY. Источник подтверждает фронтирный узел; прямое доказательство самой связи всё ещё требует экспертной проверки.
E00046,E00046,F004,T019,USES,S004,NODE_SUPPORT_ONLY,0.66,AUTO_CURATED_NEEDS_RELATION_EVIDENCE,ENABLING,FALSE,2026-09-27,Семантическая курация M3 бывшей связи MAPS_TO_TECHNOLOGY. Источник подтверждает фронтирный узел; прямое доказательство самой связи всё ещё требует экспертной проверки.
E00047,E00047,F004,M133,INCREASES_CAPACITY_OF,S004,NODE_SUPPORT_ONLY,0.58,AUTO_CURATED_NEEDS_RELATION_EVIDENCE,THEMATIC,FALSE,2026-09-27,Семантическая курация M3 бывшей связи CONTRIBUTES_TO_MEGAPROJECT. До отдельного подтверждения это системная интерпретация SINERGY.
E00048,E00048,F004,M150,INCREASES_CAPACITY_OF,S004,NODE_SUPPORT_ONLY,0.58,AUTO_CURATED_NEEDS_RELATION_EVIDENCE,THEMATIC,FALSE,2026-09-27,Семантическая курация M3 бывшей связи CONTRIBUTES_TO_MEGAPROJECT. До отдельного подтверждения это системная интерпретация SINERGY.
E00049,E00049,S004,F005,VALIDATES,S004,PROVENANCE,0.95,VERIFIED_PROVENANCE,EVIDENTIAL,TRUE,2026-09-27,"Источник подтверждает обеспечивающий компонент, но не обязательно весь синтез SINERGY."
E00050,E00050,F005,I003,PROPOSED_BY,S004,ATTRIBUTION,0.68,CURATED_PROGRAM_ASSOCIATION,PROVENANCE,FALSE,2026-09-27,Репрезентативная связь с институтом или программой; это не утверждение о финансировании.
E00051,E00051,F005,T002,DEPENDS_ON,S004,NODE_SUPPORT_ONLY,0.56,AUTO_CURATED_NEEDS_RELATION_EVIDENCE,THEMATIC,FALSE,2026-09-27,Семантическая курация M3 бывшей связи MAPS_TO_TECHNOLOGY. Источник подтверждает фронтирный узел; прямое доказательство самой связи всё ещё требует экспертной проверки.
E00052,E00052,F005,T003,DEPENDS_ON,S004,NODE_SUPPORT_ONLY,0.56,AUTO_CURATED_NEEDS_RELATION_EVIDENCE,THEMATIC,FALSE,2026-09-27,Семантическая курация M3 бывшей связи MAPS_TO_TECHNOLOGY. Источник подтверждает фронтирный узел; прямое доказательство самой связи всё ещё требует экспертной проверки.
E00053,E00053,F005,T019,DEPENDS_ON,S004,NODE_SUPPORT_ONLY,0.56,AUTO_CURATED_NEEDS_RELATION_EVIDENCE,THEMATIC,FALSE,2026-09-27,Семантическая курация M3 бывшей связи MAPS_TO_TECHNOLOGY. Источник подтверждает фронтирный узел; прямое доказательство самой связи всё ещё требует экспертной проверки.
E00054,E00054,F005,M150,ENABLES,S004,NODE_SUPPORT_ONLY,0.52,AUTO_CURATED_NEEDS_RELATION_EVIDENCE,THEMATIC,FALSE,2026-09-27,Семантическая курация M3 бывшей связи CONTRIBUTES_TO_MEGAPROJECT. До отдельного подтверждения это системная интерпретация SINERGY.
E00055,E00055,S005,F006,VALIDATES,S005,PROVENANCE,0.95,VERIFIED_PROVENANCE,EVIDENTIAL,TRUE,2026-09-27,Каноническое происхождение подтверждено источником.
E00056,E00056,F006,I004,PROPOSED_BY,S005,ATTRIBUTION,0.68,CURATED_PROGRAM_ASSOCIATION,PROVENANCE,FALSE,2026-09-27,Репрезентативная связь с институтом или программой; это не утверждение о финансировании.
E00057,E00057,F006,T011,ENABLES,S005,NODE_SUPPORT_ONLY,0.74,AUTO_CURATED_NEEDS_RELATION_EVIDENCE,ENABLING,FALSE,2026-09-27,Семантическая курация M3 бывшей связи MAPS_TO_TECHNOLOGY. Источник подтверждает фронтирный узел; прямое доказательство самой связи всё ещё требует экспертной проверки.
E00058,E00058,F006,T012,ENABLES,S005,NODE_SUPPORT_ONLY,0.74,AUTO_CURATED_NEEDS_RELATION_EVIDENCE,ENABLING,FALSE,2026-09-27,Семантическая курация M3 бывшей связи MAPS_TO_TECHNOLOGY. Источник подтверждает фронтирный узел; прямое доказательство самой связи всё ещё требует экспертной проверки.
E00059,E00059,F006,T013,ENABLES,S005,NODE_SUPPORT_ONLY,0.74,AUTO_CURATED_NEEDS_RELATION_EVIDENCE,ENABLING,FALSE,2026-09-27,Семантическая курация M3 бывшей связи MAPS_TO_TECHNOLOGY. Источник подтверждает фронтирный узел; прямое доказательство самой связи всё ещё требует экспертной проверки.
E00060,E00060,F006,T014,ENABLES,S005,NODE_SUPPORT_ONLY,0.74,AUTO_CURATED_NEEDS_RELATION_EVIDENCE,ENABLING,FALSE,2026-09-27,Семантическая курация M3 бывшей связи MAPS_TO_TECHNOLOGY. Источник подтверждает фронтирный узел; прямое доказательство самой связи всё ещё требует экспертной проверки.
E00061,E00061,F006,T021,ENABLES,S005,NODE_SUPPORT_ONLY,0.74,AUTO_CURATED_NEEDS_RELATION_EVIDENCE,ENABLING,FALSE,2026-09-27,Семантическая курация M3 бывшей связи MAPS_TO_TECHNOLOGY. Источник подтверждает фронтирный узел; прямое доказательство самой связи всё ещё требует экспертной проверки.
E00062,E00062,F006,T022,ENABLES,S005,NODE_SUPPORT_ONLY,0.74,AUTO_CURATED_NEEDS_RELATION_EVIDENCE,ENABLING,FALSE,2026-09-27,Семантическая курация M3 бывшей связи MAPS_TO_TECHNOLOGY. Источник подтверждает фронтирный узел; прямое доказательство самой связи всё ещё требует экспертной проверки.
E00063,E00063,F006,M133,INCREASES_CAPACITY_OF,S005,NODE_SUPPORT_ONLY,0.58,AUTO_CURATED_NEEDS_RELATION_EVIDENCE,THEMATIC,FALSE,2026-09-27,Семантическая курация M3 бывшей связи CONTRIBUTES_TO_MEGAPROJECT. До отдельного подтверждения это системная интерпретация SINERGY.
E00064,E00064,F006,M150,INCREASES_CAPACITY_OF,S005,NODE_SUPPORT_ONLY,0.58,AUTO_CURATED_NEEDS_RELATION_EVIDENCE,THEMATIC,FALSE,2026-09-27,Семантическая курация M3 бывшей связи CONTRIBUTES_TO_MEGAPROJECT. До отдельного подтверждения это системная интерпретация SINERGY.
E00065,E00065,F006,M134,INCREASES_CAPACITY_OF,S005,NODE_SUPPORT_ONLY,0.58,AUTO_CURATED_NEEDS_RELATION_EVIDENCE,THEMATIC,FALSE,2026-09-27,Семантическая курация M3 бывшей связи CONTRIBUTES_TO_MEGAPROJECT. До отдельного подтверждения это системная интерпретация SINERGY.
E00066,E00066,F006,M144,INCREASES_CAPACITY_OF,S005,NODE_SUPPORT_ONLY,0.58,AUTO_CURATED_NEEDS_RELATION_EVIDENCE,THEMATIC,FALSE,2026-09-27,Семантическая курация M3 бывшей связи CONTRIBUTES_TO_MEGAPROJECT. До отдельного подтверждения это системная интерпретация SINERGY.
E00067,E00067,F006,M075,INCREASES_CAPACITY_OF,S005,NODE_SUPPORT_ONLY,0.58,AUTO_CURATED_NEEDS_RELATION_EVIDENCE,THEMATIC,FALSE,2026-09-27,Семантическая курация M3 бывшей связи CONTRIBUTES_TO_MEGAPROJECT. До отдельного подтверждения это системная интерпретация SINERGY.
E00068,E00068,S006,F007,VALIDATES,S006,PROVENANCE,0.95,VERIFIED_PROVENANCE,EVIDENTIAL,TRUE,2026-09-27,Каноническое происхождение подтверждено источником.
E00069,E00069,F007,I005,PROPOSED_BY,S006,ATTRIBUTION,0.68,CURATED_PROGRAM_ASSOCIATION,PROVENANCE,FALSE,2026-09-27,Репрезентативная связь с институтом или программой; это не утверждение о финансировании.
E00070,E00070,F007,T021,INCREASES_CAPACITY_OF,S006,NODE_SUPPORT_ONLY,0.72,AUTO_CURATED_NEEDS_RELATION_EVIDENCE,ENABLING,FALSE,2026-09-27,Семантическая курация M3 бывшей связи MAPS_TO_TECHNOLOGY. Источник подтверждает фронтирный узел; прямое доказательство самой связи всё ещё требует экспертной проверки.
E00071,E00071,F007,T022,INCREASES_CAPACITY_OF,S006,NODE_SUPPORT_ONLY,0.72,AUTO_CURATED_NEEDS_RELATION_EVIDENCE,ENABLING,FALSE,2026-09-27,Семантическая курация M3 бывшей связи MAPS_TO_TECHNOLOGY. Источник подтверждает фронтирный узел; прямое доказательство самой связи всё ещё требует экспертной проверки.
E00072,E00072,F007,T023,INCREASES_CAPACITY_OF,S006,NODE_SUPPORT_ONLY,0.72,AUTO_CURATED_NEEDS_RELATION_EVIDENCE,ENABLING,FALSE,2026-09-27,Семантическая курация M3 бывшей связи MAPS_TO_TECHNOLOGY. Источник подтверждает фронтирный узел; прямое доказательство самой связи всё ещё требует экспертной проверки.
E00073,E00073,F007,T024,INCREASES_CAPACITY_OF,S006,NODE_SUPPORT_ONLY,0.72,AUTO_CURATED_NEEDS_RELATION_EVIDENCE,ENABLING,FALSE,2026-09-27,Семантическая курация M3 бывшей связи MAPS_TO_TECHNOLOGY. Источник подтверждает фронтирный узел; прямое доказательство самой связи всё ещё требует экспертной проверки.
E00074,E00074,F007,M133,INCREASES_CAPACITY_OF,S006,NODE_SUPPORT_ONLY,0.58,AUTO_CURATED_NEEDS_RELATION_EVIDENCE,THEMATIC,FALSE,2026-09-27,Семантическая курация M3 бывшей связи CONTRIBUTES_TO_MEGAPROJECT. До отдельного подтверждения это системная интерпретация SINERGY.
E00075,E00075,F007,M150,INCREASES_CAPACITY_OF,S006,NODE_SUPPORT_ONLY,0.58,AUTO_CURATED_NEEDS_RELATION_EVIDENCE,THEMATIC,FALSE,2026-09-27,Семантическая курация M3 бывшей связи CONTRIBUTES_TO_MEGAPROJECT. До отдельного подтверждения это системная интерпретация SINERGY.
E00076,E00076,F007,M134,INCREASES_CAPACITY_OF,S006,NODE_SUPPORT_ONLY,0.58,AUTO_CURATED_NEEDS_RELATION_EVIDENCE,THEMATIC,FALSE,2026-09-27,Семантическая курация M3 бывшей связи CONTRIBUTES_TO_MEGAPROJECT. До отдельного подтверждения это системная интерпретация SINERGY.
E00077,E00077,F007,M144,INCREASES_CAPACITY_OF,S006,NODE_SUPPORT_ONLY,0.58,AUTO_CURATED_NEEDS_RELATION_EVIDENCE,THEMATIC,FALSE,2026-09-27,Семантическая курация M3 бывшей связи CONTRIBUTES_TO_MEGAPROJECT. До отдельного подтверждения это системная интерпретация SINERGY.
E00078,E00078,F007,M135,INCREASES_CAPACITY_OF,S006,NODE_SUPPORT_ONLY,0.58,AUTO_CURATED_NEEDS_RELATION_EVIDENCE,THEMATIC,FALSE,2026-09-27,Семантическая курация M3 бывшей связи CONTRIBUTES_TO_MEGAPROJECT. До отдельного подтверждения это системная интерпретация SINERGY.
E00079,E00079,S007,F008,VALIDATES,S007,PROVENANCE,0.95,VERIFIED_PROVENANCE,EVIDENTIAL,TRUE,2026-09-27,Каноническое происхождение подтверждено источником.
E00080,E00080,F008,P013,PROPOSED_BY,S007,ATTRIBUTION,0.78,CURATED_ATTRIBUTION,PROVENANCE,FALSE,2026-09-27,Репрезентативная атрибуция автора из Frontier Graph 1.0.
E00081,E00081,F008,P014,PROPOSED_BY,S007,ATTRIBUTION,0.78,CURATED_ATTRIBUTION,PROVENANCE,FALSE,2026-09-27,Репрезентативная атрибуция автора из Frontier Graph 1.0.
E00082,E00082,F008,I006,PROPOSED_BY,S007,ATTRIBUTION,0.68,CURATED_PROGRAM_ASSOCIATION,PROVENANCE,FALSE,2026-09-27,Репрезентативная связь с институтом или программой; это не утверждение о финансировании.
E00083,E00083,F008,T021,ENABLES,S007,NODE_SUPPORT_ONLY,0.74,AUTO_CURATED_NEEDS_RELATION_EVIDENCE,ENABLING,FALSE,2026-09-27,Семантическая курация M3 бывшей связи MAPS_TO_TECHNOLOGY. Источник подтверждает фронтирный узел; прямое доказательство самой связи всё ещё требует экспертной проверки.
E00084,E00084,F008,T022,ENABLES,S007,NODE_SUPPORT_ONLY,0.74,AUTO_CURATED_NEEDS_RELATION_EVIDENCE,ENABLING,FALSE,2026-09-27,Семантическая курация M3 бывшей связи MAPS_TO_TECHNOLOGY. Источник подтверждает фронтирный узел; прямое доказательство самой связи всё ещё требует экспертной проверки.
E00085,E00085,F008,T023,ENABLES,S007,NODE_SUPPORT_ONLY,0.74,AUTO_CURATED_NEEDS_RELATION_EVIDENCE,ENABLING,FALSE,2026-09-27,Семантическая курация M3 бывшей связи MAPS_TO_TECHNOLOGY. Источник подтверждает фронтирный узел; прямое доказательство самой связи всё ещё требует экспертной проверки.
E00086,E00086,F008,T024,ENABLES,S007,NODE_SUPPORT_ONLY,0.74,AUTO_CURATED_NEEDS_RELATION_EVIDENCE,ENABLING,FALSE,2026-09-27,Семантическая курация M3 бывшей связи MAPS_TO_TECHNOLOGY. Источник подтверждает фронтирный узел; прямое доказательство самой связи всё ещё требует экспертной проверки.
E00087,E00087,F008,M134,ENABLES,S007,NODE_SUPPORT_ONLY,0.64,AUTO_CURATED_NEEDS_RELATION_EVIDENCE,ENABLING,FALSE,2026-09-27,Семантическая курация M3 бывшей связи CONTRIBUTES_TO_MEGAPROJECT. До отдельного подтверждения это системная интерпретация SINERGY.
E00088,E00088,F008,M144,ENABLES,S007,NODE_SUPPORT_ONLY,0.64,AUTO_CURATED_NEEDS_RELATION_EVIDENCE,ENABLING,FALSE,2026-09-27,Семантическая курация M3 бывшей связи CONTRIBUTES_TO_MEGAPROJECT. До отдельного подтверждения это системная интерпретация SINERGY.
E00089,E00089,F008,M075,ENABLES,S007,NODE_SUPPORT_ONLY,0.64,AUTO_CURATED_NEEDS_RELATION_EVIDENCE,ENABLING,FALSE,2026-09-27,Семантическая курация M3 бывшей связи CONTRIBUTES_TO_MEGAPROJECT. До отдельного подтверждения это системная интерпретация SINERGY.
E00090,E00090,F008,M150,ENABLES,S007,NODE_SUPPORT_ONLY,0.64,AUTO_CURATED_NEEDS_RELATION_EVIDENCE,ENABLING,FALSE,2026-09-27,Семантическая курация M3 бывшей связи CONTRIBUTES_TO_MEGAPROJECT. До отдельного подтверждения это системная интерпретация SINERGY.
E00091,E00091,F008,M105,ENABLES,S007,NODE_SUPPORT_ONLY,0.64,AUTO_CURATED_NEEDS_RELATION_EVIDENCE,ENABLING,FALSE,2026-09-27,Семантическая курация M3 бывшей связи CONTRIBUTES_TO_MEGAPROJECT. До отдельного подтверждения это системная интерпретация SINERGY.
E00092,E00092,F008,M147,ENABLES,S007,NODE_SUPPORT_ONLY,0.64,AUTO_CURATED_NEEDS_RELATION_EVIDENCE,ENABLING,FALSE,2026-09-27,Семантическая курация M3 бывшей связи CONTRIBUTES_TO_MEGAPROJECT. До отдельного подтверждения это системная интерпретация SINERGY.
E00093,E00093,S008,F009,VALIDATES,S008,PROVENANCE,0.95,VERIFIED_PROVENANCE,EVIDENTIAL,TRUE,2026-09-27,"Источник подтверждает обеспечивающий компонент, но не обязательно весь синтез SINERGY."
E00094,E00094,F009,T011,USES,S008,NODE_SUPPORT_ONLY,0.66,AUTO_CURATED_NEEDS_RELATION_EVIDENCE,ENABLING,FALSE,2026-09-27,Семантическая курация M3 бывшей связи MAPS_TO_TECHNOLOGY. Источник подтверждает фронтирный узел; прямое доказательство самой связи всё ещё требует экспертной проверки.
E00095,E00095,F009,T012,USES,S008,NODE_SUPPORT_ONLY,0.66,AUTO_CURATED_NEEDS_RELATION_EVIDENCE,ENABLING,FALSE,2026-09-27,Семантическая курация M3 бывшей связи MAPS_TO_TECHNOLOGY. Источник подтверждает фронтирный узел; прямое доказательство самой связи всё ещё требует экспертной проверки.
E00096,E00096,F009,T013,USES,S008,NODE_SUPPORT_ONLY,0.66,AUTO_CURATED_NEEDS_RELATION_EVIDENCE,ENABLING,FALSE,2026-09-27,Семантическая курация M3 бывшей связи MAPS_TO_TECHNOLOGY. Источник подтверждает фронтирный узел; прямое доказательство самой связи всё ещё требует экспертной проверки.
E00097,E00097,F009,T014,USES,S008,NODE_SUPPORT_ONLY,0.66,AUTO_CURATED_NEEDS_RELATION_EVIDENCE,ENABLING,FALSE,2026-09-27,Семантическая курация M3 бывшей связи MAPS_TO_TECHNOLOGY. Источник подтверждает фронтирный узел; прямое доказательство самой связи всё ещё требует экспертной проверки.
E00098,E00098,F009,M088,ENABLES,S008,NODE_SUPPORT_ONLY,0.64,AUTO_CURATED_NEEDS_RELATION_EVIDENCE,ENABLING,FALSE,2026-09-27,Семантическая курация M3 бывшей связи CONTRIBUTES_TO_MEGAPROJECT. До отдельного подтверждения это системная интерпретация SINERGY.
E00099,E00099,F009,M137,ENABLES,S008,NODE_SUPPORT_ONLY,0.64,AUTO_CURATED_NEEDS_RELATION_EVIDENCE,ENABLING,FALSE,2026-09-27,Семантическая курация M3 бывшей связи CONTRIBUTES_TO_MEGAPROJECT. До отдельного подтверждения это системная интерпретация SINERGY.
E00100,E00100,F009,M143,ENABLES,S008,NODE_SUPPORT_ONLY,0.64,AUTO_CURATED_NEEDS_RELATION_EVIDENCE,ENABLING,FALSE,2026-09-27,Семантическая курация M3 бывшей связи CONTRIBUTES_TO_MEGAPROJECT. До отдельного подтверждения это системная интерпретация SINERGY.
E00101,E00101,F009,M150,ENABLES,S008,NODE_SUPPORT_ONLY,0.64,AUTO_CURATED_NEEDS_RELATION_EVIDENCE,ENABLING,FALSE,2026-09-27,Семантическая курация M3 бывшей связи CONTRIBUTES_TO_MEGAPROJECT. До отдельного подтверждения это системная интерпретация SINERGY.
E00102,E00102,F009,M128,ENABLES,S008,NODE_SUPPORT_ONLY,0.64,AUTO_CURATED_NEEDS_RELATION_EVIDENCE,ENABLING,FALSE,2026-09-27,Семантическая курация M3 бывшей связи CONTRIBUTES_TO_MEGAPROJECT. До отдельного подтверждения это системная интерпретация SINERGY.
E00103,E00103,F009,M141,ENABLES,S008,NODE_SUPPORT_ONLY,0.64,AUTO_CURATED_NEEDS_RELATION_EVIDENCE,ENABLING,FALSE,2026-09-27,Семантическая курация M3 бывшей связи CONTRIBUTES_TO_MEGAPROJECT. До отдельного подтверждения это системная интерпретация SINERGY.
E00104,E00104,S009,F010,VALIDATES,S009,PROVENANCE,0.95,VERIFIED_PROVENANCE,EVIDENTIAL,TRUE,2026-09-27,Каноническое происхождение подтверждено источником.
E00105,E00105,F010,I007,PROPOSED_BY,S009,ATTRIBUTION,0.68,CURATED_PROGRAM_ASSOCIATION,PROVENANCE,FALSE,2026-09-27,Репрезентативная связь с институтом или программой; это не утверждение о финансировании.
E00106,E00106,F010,T041,ENABLES,S009,NODE_SUPPORT_ONLY,0.70,AUTO_CURATED_NEEDS_RELATION_EVIDENCE,ENABLING,FALSE,2026-09-27,Семантическая курация M3 бывшей связи MAPS_TO_TECHNOLOGY. Источник подтверждает фронтирный узел; прямое доказательство самой связи всё ещё требует экспертной проверки.
E00107,E00107,F010,T042,DEPENDS_ON,S009,NODE_SUPPORT_ONLY,0.56,AUTO_CURATED_NEEDS_RELATION_EVIDENCE,THEMATIC,FALSE,2026-09-27,Семантическая курация M3 бывшей связи MAPS_TO_TECHNOLOGY. Источник подтверждает фронтирный узел; прямое доказательство самой связи всё ещё требует экспертной проверки.
E00108,E00108,F010,T043,DEPENDS_ON,S009,NODE_SUPPORT_ONLY,0.56,AUTO_CURATED_NEEDS_RELATION_EVIDENCE,THEMATIC,FALSE,2026-09-27,Семантическая курация M3 бывшей связи MAPS_TO_TECHNOLOGY. Источник подтверждает фронтирный узел; прямое доказательство самой связи всё ещё требует экспертной проверки.
E00109,E00109,F010,T049,DEPENDS_ON,S009,NODE_SUPPORT_ONLY,0.56,AUTO_CURATED_NEEDS_RELATION_EVIDENCE,THEMATIC,FALSE,2026-09-27,Семантическая курация M3 бывшей связи MAPS_TO_TECHNOLOGY. Источник подтверждает фронтирный узел; прямое доказательство самой связи всё ещё требует экспертной проверки.
E00110,E00110,F010,T050,DEPENDS_ON,S009,NODE_SUPPORT_ONLY,0.56,AUTO_CURATED_NEEDS_RELATION_EVIDENCE,THEMATIC,FALSE,2026-09-27,Семантическая курация M3 бывшей связи MAPS_TO_TECHNOLOGY. Источник подтверждает фронтирный узел; прямое доказательство самой связи всё ещё требует экспертной проверки.
E00111,E00111,F010,M088,INCREASES_CAPACITY_OF,S009,NODE_SUPPORT_ONLY,0.66,AUTO_CURATED_NEEDS_RELATION_EVIDENCE,ENABLING,FALSE,2026-09-27,Семантическая курация M3 бывшей связи CONTRIBUTES_TO_MEGAPROJECT. До отдельного подтверждения это системная интерпретация SINERGY.
E00112,E00112,F010,M137,INCREASES_CAPACITY_OF,S009,NODE_SUPPORT_ONLY,0.66,AUTO_CURATED_NEEDS_RELATION_EVIDENCE,ENABLING,FALSE,2026-09-27,Семантическая курация M3 бывшей связи CONTRIBUTES_TO_MEGAPROJECT. До отдельного подтверждения это системная интерпретация SINERGY.
E00113,E00113,F010,M145,INCREASES_CAPACITY_OF,S009,NODE_SUPPORT_ONLY,0.66,AUTO_CURATED_NEEDS_RELATION_EVIDENCE,ENABLING,FALSE,2026-09-27,Семантическая курация M3 бывшей связи CONTRIBUTES_TO_MEGAPROJECT. До отдельного подтверждения это системная интерпретация SINERGY.
E00114,E00114,F010,M138,INCREASES_CAPACITY_OF,S009,NODE_SUPPORT_ONLY,0.66,AUTO_CURATED_NEEDS_RELATION_EVIDENCE,ENABLING,FALSE,2026-09-27,Семантическая курация M3 бывшей связи CONTRIBUTES_TO_MEGAPROJECT. До отдельного подтверждения это системная интерпретация SINERGY.
E00115,E00115,S010,F011,VALIDATES,S010,PROVENANCE,0.95,VERIFIED_PROVENANCE,EVIDENTIAL,TRUE,2026-09-27,Каноническое происхождение подтверждено источником.
E00116,E00116,F011,P015,PROPOSED_BY,S010,ATTRIBUTION,0.78,CURATED_ATTRIBUTION,PROVENANCE,FALSE,2026-09-27,Репрезентативная атрибуция автора из Frontier Graph 1.0.
E00117,E00117,F011,P016,PROPOSED_BY,S010,ATTRIBUTION,0.78,CURATED_ATTRIBUTION,PROVENANCE,FALSE,2026-09-27,Репрезентативная атрибуция автора из Frontier Graph 1.0.
E00118,E00118,F011,I008,PROPOSED_BY,S010,ATTRIBUTION,0.68,CURATED_PROGRAM_ASSOCIATION,PROVENANCE,FALSE,2026-09-27,Репрезентативная связь с институтом или программой; это не утверждение о финансировании.
E00119,E00119,F011,T001,ENABLES,S010,NODE_SUPPORT_ONLY,0.70,AUTO_CURATED_NEEDS_RELATION_EVIDENCE,ENABLING,FALSE,2026-09-27,Семантическая курация M3 бывшей связи MAPS_TO_TECHNOLOGY. Источник подтверждает фронтирный узел; прямое доказательство самой связи всё ещё требует экспертной проверки.
E00120,E00120,F011,T010,DEPENDS_ON,S010,NODE_SUPPORT_ONLY,0.56,AUTO_CURATED_NEEDS_RELATION_EVIDENCE,THEMATIC,FALSE,2026-09-27,Семантическая курация M3 бывшей связи MAPS_TO_TECHNOLOGY. Источник подтверждает фронтирный узел; прямое доказательство самой связи всё ещё требует экспертной проверки.
E00121,E00121,F011,T020,DEPENDS_ON,S010,NODE_SUPPORT_ONLY,0.56,AUTO_CURATED_NEEDS_RELATION_EVIDENCE,THEMATIC,FALSE,2026-09-27,Семантическая курация M3 бывшей связи MAPS_TO_TECHNOLOGY. Источник подтверждает фронтирный узел; прямое доказательство самой связи всё ещё требует экспертной проверки.
E00122,E00122,F011,T061,DEPENDS_ON,S010,NODE_SUPPORT_ONLY,0.56,AUTO_CURATED_NEEDS_RELATION_EVIDENCE,THEMATIC,FALSE,2026-09-27,Семантическая курация M3 бывшей связи MAPS_TO_TECHNOLOGY. Источник подтверждает фронтирный узел; прямое доказательство самой связи всё ещё требует экспертной проверки.
E00123,E00123,F011,T063,DEPENDS_ON,S010,NODE_SUPPORT_ONLY,0.56,AUTO_CURATED_NEEDS_RELATION_EVIDENCE,THEMATIC,FALSE,2026-09-27,Семантическая курация M3 бывшей связи MAPS_TO_TECHNOLOGY. Источник подтверждает фронтирный узел; прямое доказательство самой связи всё ещё требует экспертной проверки.
E00124,E00124,F011,T064,DEPENDS_ON,S010,NODE_SUPPORT_ONLY,0.56,AUTO_CURATED_NEEDS_RELATION_EVIDENCE,THEMATIC,FALSE,2026-09-27,Семантическая курация M3 бывшей связи MAPS_TO_TECHNOLOGY. Источник подтверждает фронтирный узел; прямое доказательство самой связи всё ещё требует экспертной проверки.
E00125,E00125,F011,M133,INCREASES_CAPACITY_OF,S010,NODE_SUPPORT_ONLY,0.58,AUTO_CURATED_NEEDS_RELATION_EVIDENCE,THEMATIC,FALSE,2026-09-27,Семантическая курация M3 бывшей связи CONTRIBUTES_TO_MEGAPROJECT. До отдельного подтверждения это системная интерпретация SINERGY.
E00126,E00126,F011,M150,INCREASES_CAPACITY_OF,S010,NODE_SUPPORT_ONLY,0.58,AUTO_CURATED_NEEDS_RELATION_EVIDENCE,THEMATIC,FALSE,2026-09-27,Семантическая курация M3 бывшей связи CONTRIBUTES_TO_MEGAPROJECT. До отдельного подтверждения это системная интерпретация SINERGY.
E00127,E00127,F011,M034,INCREASES_CAPACITY_OF,S010,NODE_SUPPORT_ONLY,0.58,AUTO_CURATED_NEEDS_RELATION_EVIDENCE,THEMATIC,FALSE,2026-09-27,Семантическая курация M3 бывшей связи CONTRIBUTES_TO_MEGAPROJECT. До отдельного подтверждения это системная интерпретация SINERGY.
E00128,E00128,F011,M136,INCREASES_CAPACITY_OF,S010,NODE_SUPPORT_ONLY,0.58,AUTO_CURATED_NEEDS_RELATION_EVIDENCE,THEMATIC,FALSE,2026-09-27,Семантическая курация M3 бывшей связи CONTRIBUTES_TO_MEGAPROJECT. До отдельного подтверждения это системная интерпретация SINERGY.
E00129,E00129,S003,F012,VALIDATES,S003,PROVENANCE,0.95,VERIFIED_PROVENANCE,EVIDENTIAL,TRUE,2026-09-27,"Источник подтверждает обеспечивающий компонент, но не обязательно весь синтез SINERGY."
E00130,E00130,F012,T021,USES,S003,NODE_SUPPORT_ONLY,0.66,AUTO_CURATED_NEEDS_RELATION_EVIDENCE,ENABLING,FALSE,2026-09-27,Семантическая курация M3 бывшей связи MAPS_TO_TECHNOLOGY. Источник подтверждает фронтирный узел; прямое доказательство самой связи всё ещё требует экспертной проверки.
E00131,E00131,F012,T022,USES,S003,NODE_SUPPORT_ONLY,0.66,AUTO_CURATED_NEEDS_RELATION_EVIDENCE,ENABLING,FALSE,2026-09-27,Семантическая курация M3 бывшей связи MAPS_TO_TECHNOLOGY. Источник подтверждает фронтирный узел; прямое доказательство самой связи всё ещё требует экспертной проверки.
E00132,E00132,F012,T023,USES,S003,NODE_SUPPORT_ONLY,0.66,AUTO_CURATED_NEEDS_RELATION_EVIDENCE,ENABLING,FALSE,2026-09-27,Семантическая курация M3 бывшей связи MAPS_TO_TECHNOLOGY. Источник подтверждает фронтирный узел; прямое доказательство самой связи всё ещё требует экспертной проверки.
E00133,E00133,F012,T024,USES,S003,NODE_SUPPORT_ONLY,0.66,AUTO_CURATED_NEEDS_RELATION_EVIDENCE,ENABLING,FALSE,2026-09-27,Семантическая курация M3 бывшей связи MAPS_TO_TECHNOLOGY. Источник подтверждает фронтирный узел; прямое доказательство самой связи всё ещё требует экспертной проверки.
E00134,E00134,F012,T061,USES,S003,NODE_SUPPORT_ONLY,0.66,AUTO_CURATED_NEEDS_RELATION_EVIDENCE,ENABLING,FALSE,2026-09-27,Семантическая курация M3 бывшей связи MAPS_TO_TECHNOLOGY. Источник подтверждает фронтирный узел; прямое доказательство самой связи всё ещё требует экспертной проверки.
E00135,E00135,F012,T063,USES,S003,NODE_SUPPORT_ONLY,0.66,AUTO_CURATED_NEEDS_RELATION_EVIDENCE,ENABLING,FALSE,2026-09-27,Семантическая курация M3 бывшей связи MAPS_TO_TECHNOLOGY. Источник подтверждает фронтирный узел; прямое доказательство самой связи всё ещё требует экспертной проверки.
E00136,E00136,F012,M143,INCREASES_CAPACITY_OF,S003,NODE_SUPPORT_ONLY,0.58,AUTO_CURATED_NEEDS_RELATION_EVIDENCE,THEMATIC,FALSE,2026-09-27,Семантическая курация M3 бывшей связи CONTRIBUTES_TO_MEGAPROJECT. До отдельного подтверждения это системная интерпретация SINERGY.
E00137,E00137,F012,M150,INCREASES_CAPACITY_OF,S003,NODE_SUPPORT_ONLY,0.58,AUTO_CURATED_NEEDS_RELATION_EVIDENCE,THEMATIC,FALSE,2026-09-27,Семантическая курация M3 бывшей связи CONTRIBUTES_TO_MEGAPROJECT. До отдельного подтверждения это системная интерпретация SINERGY.
E00138,E00138,F012,M034,INCREASES_CAPACITY_OF,S003,NODE_SUPPORT_ONLY,0.58,AUTO_CURATED_NEEDS_RELATION_EVIDENCE,THEMATIC,FALSE,2026-09-27,Семантическая курация M3 бывшей связи CONTRIBUTES_TO_MEGAPROJECT. До отдельного подтверждения это системная интерпретация SINERGY.
E00139,E00139,F012,M136,INCREASES_CAPACITY_OF,S003,NODE_SUPPORT_ONLY,0.58,AUTO_CURATED_NEEDS_RELATION_EVIDENCE,THEMATIC,FALSE,2026-09-27,Семантическая курация M3 бывшей связи CONTRIBUTES_TO_MEGAPROJECT. До отдельного подтверждения это системная интерпретация SINERGY.
E00140,E00140,S011,F013,VALIDATES,S011,PROVENANCE,0.95,VERIFIED_PROVENANCE,EVIDENTIAL,TRUE,2026-09-27,Каноническое происхождение подтверждено источником.
E00141,E00141,F013,P017,PROPOSED_BY,S011,ATTRIBUTION,0.78,CURATED_ATTRIBUTION,PROVENANCE,FALSE,2026-09-27,Репрезентативная атрибуция автора из Frontier Graph 1.0.
E00142,E00142,F013,P018,PROPOSED_BY,S011,ATTRIBUTION,0.78,CURATED_ATTRIBUTION,PROVENANCE,FALSE,2026-09-27,Репрезентативная атрибуция автора из Frontier Graph 1.0.
E00143,E00143,F013,P019,PROPOSED_BY,S011,ATTRIBUTION,0.78,CURATED_ATTRIBUTION,PROVENANCE,FALSE,2026-09-27,Репрезентативная атрибуция автора из Frontier Graph 1.0.
E00144,E00144,F013,P020,PROPOSED_BY,S011,ATTRIBUTION,0.78,CURATED_ATTRIBUTION,PROVENANCE,FALSE,2026-09-27,Репрезентативная атрибуция автора из Frontier Graph 1.0.
E00145,E00145,F013,P021,PROPOSED_BY,S011,ATTRIBUTION,0.78,CURATED_ATTRIBUTION,PROVENANCE,FALSE,2026-09-27,Репрезентативная атрибуция автора из Frontier Graph 1.0.
E00146,E00146,F013,P022,PROPOSED_BY,S011,ATTRIBUTION,0.78,CURATED_ATTRIBUTION,PROVENANCE,FALSE,2026-09-27,Репрезентативная атрибуция автора из Frontier Graph 1.0.
E00147,E00147,F013,I009,PROPOSED_BY,S011,ATTRIBUTION,0.68,CURATED_PROGRAM_ASSOCIATION,PROVENANCE,FALSE,2026-09-27,Репрезентативная связь с институтом или программой; это не утверждение о финансировании.
E00148,E00148,F013,T002,DEPENDS_ON,S011,NODE_SUPPORT_ONLY,0.56,AUTO_CURATED_NEEDS_RELATION_EVIDENCE,THEMATIC,FALSE,2026-09-27,Семантическая курация M3 бывшей связи MAPS_TO_TECHNOLOGY. Источник подтверждает фронтирный узел; прямое доказательство самой связи всё ещё требует экспертной проверки.
E00149,E00149,F013,T003,DEPENDS_ON,S011,NODE_SUPPORT_ONLY,0.56,AUTO_CURATED_NEEDS_RELATION_EVIDENCE,THEMATIC,FALSE,2026-09-27,Семантическая курация M3 бывшей связи MAPS_TO_TECHNOLOGY. Источник подтверждает фронтирный узел; прямое доказательство самой связи всё ещё требует экспертной проверки.
E00150,E00150,F013,T019,DEPENDS_ON,S011,NODE_SUPPORT_ONLY,0.56,AUTO_CURATED_NEEDS_RELATION_EVIDENCE,THEMATIC,FALSE,2026-09-27,Семантическая курация M3 бывшей связи MAPS_TO_TECHNOLOGY. Источник подтверждает фронтирный узел; прямое доказательство самой связи всё ещё требует экспертной проверки.
E00151,E00151,F013,T021,DEPENDS_ON,S011,NODE_SUPPORT_ONLY,0.56,AUTO_CURATED_NEEDS_RELATION_EVIDENCE,THEMATIC,FALSE,2026-09-27,Семантическая курация M3 бывшей связи MAPS_TO_TECHNOLOGY. Источник подтверждает фронтирный узел; прямое доказательство самой связи всё ещё требует экспертной проверки.
E00152,E00152,F013,T022,DEPENDS_ON,S011,NODE_SUPPORT_ONLY,0.56,AUTO_CURATED_NEEDS_RELATION_EVIDENCE,THEMATIC,FALSE,2026-09-27,Семантическая курация M3 бывшей связи MAPS_TO_TECHNOLOGY. Источник подтверждает фронтирный узел; прямое доказательство самой связи всё ещё требует экспертной проверки.
E00153,E00153,F013,T023,DEPENDS_ON,S011,NODE_SUPPORT_ONLY,0.56,AUTO_CURATED_NEEDS_RELATION_EVIDENCE,THEMATIC,FALSE,2026-09-27,Семантическая курация M3 бывшей связи MAPS_TO_TECHNOLOGY. Источник подтверждает фронтирный узел; прямое доказательство самой связи всё ещё требует экспертной проверки.
E00154,E00154,F013,M133,INCREASES_CAPACITY_OF,S011,NODE_SUPPORT_ONLY,0.58,AUTO_CURATED_NEEDS_RELATION_EVIDENCE,THEMATIC,FALSE,2026-09-27,Семантическая курация M3 бывшей связи CONTRIBUTES_TO_MEGAPROJECT. До отдельного подтверждения это системная интерпретация SINERGY.
E00155,E00155,F013,M150,INCREASES_CAPACITY_OF,S011,NODE_SUPPORT_ONLY,0.58,AUTO_CURATED_NEEDS_RELATION_EVIDENCE,THEMATIC,FALSE,2026-09-27,Семантическая курация M3 бывшей связи CONTRIBUTES_TO_MEGAPROJECT. До отдельного подтверждения это системная интерпретация SINERGY.
E00156,E00156,F013,M134,INCREASES_CAPACITY_OF,S011,NODE_SUPPORT_ONLY,0.58,AUTO_CURATED_NEEDS_RELATION_EVIDENCE,THEMATIC,FALSE,2026-09-27,Семантическая курация M3 бывшей связи CONTRIBUTES_TO_MEGAPROJECT. До отдельного подтверждения это системная интерпретация SINERGY.
E00157,E00157,F013,M144,INCREASES_CAPACITY_OF,S011,NODE_SUPPORT_ONLY,0.58,AUTO_CURATED_NEEDS_RELATION_EVIDENCE,THEMATIC,FALSE,2026-09-27,Семантическая курация M3 бывшей связи CONTRIBUTES_TO_MEGAPROJECT. До отдельного подтверждения это системная интерпретация SINERGY.
E00158,E00158,S012,F014,VALIDATES,S012,PROVENANCE,0.95,VERIFIED_PROVENANCE,EVIDENTIAL,TRUE,2026-09-27,Каноническое происхождение подтверждено источником.
E00159,E00159,F014,P023,PROPOSED_BY,S012,ATTRIBUTION,0.78,CURATED_ATTRIBUTION,PROVENANCE,FALSE,2026-09-27,Репрезентативная атрибуция автора из Frontier Graph 1.0.
E00160,E00160,F014,P024,PROPOSED_BY,S012,ATTRIBUTION,0.78,CURATED_ATTRIBUTION,PROVENANCE,FALSE,2026-09-27,Репрезентативная атрибуция автора из Frontier Graph 1.0.
E00161,E00161,F014,P025,PROPOSED_BY,S012,ATTRIBUTION,0.78,CURATED_ATTRIBUTION,PROVENANCE,FALSE,2026-09-27,Репрезентативная атрибуция автора из Frontier Graph 1.0.
E00162,E00162,F014,P026,PROPOSED_BY,S012,ATTRIBUTION,0.78,CURATED_ATTRIBUTION,PROVENANCE,FALSE,2026-09-27,Репрезентативная атрибуция автора из Frontier Graph 1.0.
E00163,E00163,F014,P027,PROPOSED_BY,S012,ATTRIBUTION,0.78,CURATED_ATTRIBUTION,PROVENANCE,FALSE,2026-09-27,Репрезентативная атрибуция автора из Frontier Graph 1.0.
E00164,E00164,F014,T021,DEPENDS_ON,S012,NODE_SUPPORT_ONLY,0.56,AUTO_CURATED_NEEDS_RELATION_EVIDENCE,THEMATIC,FALSE,2026-09-27,Семантическая курация M3 бывшей связи MAPS_TO_TECHNOLOGY. Источник подтверждает фронтирный узел; прямое доказательство самой связи всё ещё требует экспертной проверки.
E00165,E00165,F014,T022,DEPENDS_ON,S012,NODE_SUPPORT_ONLY,0.56,AUTO_CURATED_NEEDS_RELATION_EVIDENCE,THEMATIC,FALSE,2026-09-27,Семантическая курация M3 бывшей связи MAPS_TO_TECHNOLOGY. Источник подтверждает фронтирный узел; прямое доказательство самой связи всё ещё требует экспертной проверки.
E00166,E00166,F014,T023,DEPENDS_ON,S012,NODE_SUPPORT_ONLY,0.56,AUTO_CURATED_NEEDS_RELATION_EVIDENCE,THEMATIC,FALSE,2026-09-27,Семантическая курация M3 бывшей связи MAPS_TO_TECHNOLOGY. Источник подтверждает фронтирный узел; прямое доказательство самой связи всё ещё требует экспертной проверки.
E00167,E00167,F014,T024,DEPENDS_ON,S012,NODE_SUPPORT_ONLY,0.56,AUTO_CURATED_NEEDS_RELATION_EVIDENCE,THEMATIC,FALSE,2026-09-27,Семантическая курация M3 бывшей связи MAPS_TO_TECHNOLOGY. Источник подтверждает фронтирный узел; прямое доказательство самой связи всё ещё требует экспертной проверки.
E00168,E00168,F014,M134,INCREASES_CAPACITY_OF,S012,NODE_SUPPORT_ONLY,0.58,AUTO_CURATED_NEEDS_RELATION_EVIDENCE,THEMATIC,FALSE,2026-09-27,Семантическая курация M3 бывшей связи CONTRIBUTES_TO_MEGAPROJECT. До отдельного подтверждения это системная интерпретация SINERGY.
E00169,E00169,F014,M144,INCREASES_CAPACITY_OF,S012,NODE_SUPPORT_ONLY,0.58,AUTO_CURATED_NEEDS_RELATION_EVIDENCE,THEMATIC,FALSE,2026-09-27,Семантическая курация M3 бывшей связи CONTRIBUTES_TO_MEGAPROJECT. До отдельного подтверждения это системная интерпретация SINERGY.
E00170,E00170,F014,M150,INCREASES_CAPACITY_OF,S012,NODE_SUPPORT_ONLY,0.58,AUTO_CURATED_NEEDS_RELATION_EVIDENCE,THEMATIC,FALSE,2026-09-27,Семантическая курация M3 бывшей связи CONTRIBUTES_TO_MEGAPROJECT. До отдельного подтверждения это системная интерпретация SINERGY.
E00171,E00171,S013,F015,VALIDATES,S013,PROVENANCE,0.95,VERIFIED_PROVENANCE,EVIDENTIAL,TRUE,2026-09-27,Каноническое происхождение подтверждено источником.
E00172,E00172,F015,I010,PROPOSED_BY,S013,ATTRIBUTION,0.68,CURATED_PROGRAM_ASSOCIATION,PROVENANCE,FALSE,2026-09-27,Репрезентативная связь с институтом или программой; это не утверждение о финансировании.
E00173,E00173,F015,T002,DEPENDS_ON,S013,NODE_SUPPORT_ONLY,0.56,AUTO_CURATED_NEEDS_RELATION_EVIDENCE,THEMATIC,FALSE,2026-09-27,Семантическая курация M3 бывшей связи MAPS_TO_TECHNOLOGY. Источник подтверждает фронтирный узел; прямое доказательство самой связи всё ещё требует экспертной проверки.
E00174,E00174,F015,T020,DEPENDS_ON,S013,NODE_SUPPORT_ONLY,0.56,AUTO_CURATED_NEEDS_RELATION_EVIDENCE,THEMATIC,FALSE,2026-09-27,Семантическая курация M3 бывшей связи MAPS_TO_TECHNOLOGY. Источник подтверждает фронтирный узел; прямое доказательство самой связи всё ещё требует экспертной проверки.
E00175,E00175,F015,M133,INCREASES_CAPACITY_OF,S013,NODE_SUPPORT_ONLY,0.58,AUTO_CURATED_NEEDS_RELATION_EVIDENCE,THEMATIC,FALSE,2026-09-27,Семантическая курация M3 бывшей связи CONTRIBUTES_TO_MEGAPROJECT. До отдельного подтверждения это системная интерпретация SINERGY.
E00176,E00176,F015,M150,INCREASES_CAPACITY_OF,S013,NODE_SUPPORT_ONLY,0.58,AUTO_CURATED_NEEDS_RELATION_EVIDENCE,THEMATIC,FALSE,2026-09-27,Семантическая курация M3 бывшей связи CONTRIBUTES_TO_MEGAPROJECT. До отдельного подтверждения это системная интерпретация SINERGY.
E00177,E00177,F015,M039,INCREASES_CAPACITY_OF,S013,NODE_SUPPORT_ONLY,0.58,AUTO_CURATED_NEEDS_RELATION_EVIDENCE,THEMATIC,FALSE,2026-09-27,Семантическая курация M3 бывшей связи CONTRIBUTES_TO_MEGAPROJECT. До отдельного подтверждения это системная интерпретация SINERGY.
E00178,E00178,F015,M136,INCREASES_CAPACITY_OF,S013,NODE_SUPPORT_ONLY,0.58,AUTO_CURATED_NEEDS_RELATION_EVIDENCE,THEMATIC,FALSE,2026-09-27,Семантическая курация M3 бывшей связи CONTRIBUTES_TO_MEGAPROJECT. До отдельного подтверждения это системная интерпретация SINERGY.
E00179,E00179,S014,F016,VALIDATES,S014,PROVENANCE,0.95,VERIFIED_PROVENANCE,EVIDENTIAL,TRUE,2026-09-27,"Источник подтверждает обеспечивающий компонент, но не обязательно весь синтез SINERGY."
E00180,E00180,F016,I011,PROPOSED_BY,S014,ATTRIBUTION,0.68,CURATED_PROGRAM_ASSOCIATION,PROVENANCE,FALSE,2026-09-27,Репрезентативная связь с институтом или программой; это не утверждение о финансировании.
E00181,E00181,F016,T001,USES,S014,NODE_SUPPORT_ONLY,0.66,AUTO_CURATED_NEEDS_RELATION_EVIDENCE,ENABLING,FALSE,2026-09-27,Семантическая курация M3 бывшей связи MAPS_TO_TECHNOLOGY. Источник подтверждает фронтирный узел; прямое доказательство самой связи всё ещё требует экспертной проверки.
E00182,E00182,F016,T010,USES,S014,NODE_SUPPORT_ONLY,0.66,AUTO_CURATED_NEEDS_RELATION_EVIDENCE,ENABLING,FALSE,2026-09-27,Семантическая курация M3 бывшей связи MAPS_TO_TECHNOLOGY. Источник подтверждает фронтирный узел; прямое доказательство самой связи всё ещё требует экспертной проверки.
E00183,E00183,F016,T020,USES,S014,NODE_SUPPORT_ONLY,0.66,AUTO_CURATED_NEEDS_RELATION_EVIDENCE,ENABLING,FALSE,2026-09-27,Семантическая курация M3 бывшей связи MAPS_TO_TECHNOLOGY. Источник подтверждает фронтирный узел; прямое доказательство самой связи всё ещё требует экспертной проверки.
E00184,E00184,F016,M133,INCREASES_CAPACITY_OF,S014,NODE_SUPPORT_ONLY,0.58,AUTO_CURATED_NEEDS_RELATION_EVIDENCE,THEMATIC,FALSE,2026-09-27,Семантическая курация M3 бывшей связи CONTRIBUTES_TO_MEGAPROJECT. До отдельного подтверждения это системная интерпретация SINERGY.
E00185,E00185,F016,M150,INCREASES_CAPACITY_OF,S014,NODE_SUPPORT_ONLY,0.58,AUTO_CURATED_NEEDS_RELATION_EVIDENCE,THEMATIC,FALSE,2026-09-27,Семантическая курация M3 бывшей связи CONTRIBUTES_TO_MEGAPROJECT. До отдельного подтверждения это системная интерпретация SINERGY.
E00186,E00186,F016,M088,INCREASES_CAPACITY_OF,S014,NODE_SUPPORT_ONLY,0.58,AUTO_CURATED_NEEDS_RELATION_EVIDENCE,THEMATIC,FALSE,2026-09-27,Семантическая курация M3 бывшей связи CONTRIBUTES_TO_MEGAPROJECT. До отдельного подтверждения это системная интерпретация SINERGY.
E00187,E00187,F016,M137,INCREASES_CAPACITY_OF,S014,NODE_SUPPORT_ONLY,0.58,AUTO_CURATED_NEEDS_RELATION_EVIDENCE,THEMATIC,FALSE,2026-09-27,Семантическая курация M3 бывшей связи CONTRIBUTES_TO_MEGAPROJECT. До отдельного подтверждения это системная интерпретация SINERGY.
E00188,E00188,F016,M039,INCREASES_CAPACITY_OF,S014,NODE_SUPPORT_ONLY,0.58,AUTO_CURATED_NEEDS_RELATION_EVIDENCE,THEMATIC,FALSE,2026-09-27,Семантическая курация M3 бывшей связи CONTRIBUTES_TO_MEGAPROJECT. До отдельного подтверждения это системная интерпретация SINERGY.
E00189,E00189,F016,M136,INCREASES_CAPACITY_OF,S014,NODE_SUPPORT_ONLY,0.58,AUTO_CURATED_NEEDS_RELATION_EVIDENCE,THEMATIC,FALSE,2026-09-27,Семантическая курация M3 бывшей связи CONTRIBUTES_TO_MEGAPROJECT. До отдельного подтверждения это системная интерпретация SINERGY.
E00190,E00190,S015,F017,VALIDATES,S015,PROVENANCE,0.95,VERIFIED_PROVENANCE,EVIDENTIAL,TRUE,2026-09-27,Каноническое происхождение подтверждено источником.
E00191,E00191,F017,P028,PROPOSED_BY,S015,ATTRIBUTION,0.78,CURATED_ATTRIBUTION,PROVENANCE,FALSE,2026-09-27,Репрезентативная атрибуция автора из Frontier Graph 1.0.
E00192,E00192,F017,P029,PROPOSED_BY,S015,ATTRIBUTION,0.78,CURATED_ATTRIBUTION,PROVENANCE,FALSE,2026-09-27,Репрезентативная атрибуция автора из Frontier Graph 1.0.
E00193,E00193,F017,P030,PROPOSED_BY,S015,ATTRIBUTION,0.78,CURATED_ATTRIBUTION,PROVENANCE,FALSE,2026-09-27,Репрезентативная атрибуция автора из Frontier Graph 1.0.
E00194,E00194,F017,P031,PROPOSED_BY,S015,ATTRIBUTION,0.78,CURATED_ATTRIBUTION,PROVENANCE,FALSE,2026-09-27,Репрезентативная атрибуция автора из Frontier Graph 1.0.
E00195,E00195,F017,T074,ENABLES,S015,NODE_SUPPORT_ONLY,0.70,AUTO_CURATED_NEEDS_RELATION_EVIDENCE,ENABLING,FALSE,2026-09-27,Семантическая курация M3 бывшей связи MAPS_TO_TECHNOLOGY. Источник подтверждает фронтирный узел; прямое доказательство самой связи всё ещё требует экспертной проверки.
E00196,E00196,F017,T075,DEPENDS_ON,S015,NODE_SUPPORT_ONLY,0.56,AUTO_CURATED_NEEDS_RELATION_EVIDENCE,THEMATIC,FALSE,2026-09-27,Семантическая курация M3 бывшей связи MAPS_TO_TECHNOLOGY. Источник подтверждает фронтирный узел; прямое доказательство самой связи всё ещё требует экспертной проверки.
E00197,E00197,F017,T076,DEPENDS_ON,S015,NODE_SUPPORT_ONLY,0.56,AUTO_CURATED_NEEDS_RELATION_EVIDENCE,THEMATIC,FALSE,2026-09-27,Семантическая курация M3 бывшей связи MAPS_TO_TECHNOLOGY. Источник подтверждает фронтирный узел; прямое доказательство самой связи всё ещё требует экспертной проверки.
E00198,E00198,F017,M133,INCREASES_CAPACITY_OF,S015,NODE_SUPPORT_ONLY,0.58,AUTO_CURATED_NEEDS_RELATION_EVIDENCE,THEMATIC,FALSE,2026-09-27,Семантическая курация M3 бывшей связи CONTRIBUTES_TO_MEGAPROJECT. До отдельного подтверждения это системная интерпретация SINERGY.
E00199,E00199,F017,M150,INCREASES_CAPACITY_OF,S015,NODE_SUPPORT_ONLY,0.58,AUTO_CURATED_NEEDS_RELATION_EVIDENCE,THEMATIC,FALSE,2026-09-27,Семантическая курация M3 бывшей связи CONTRIBUTES_TO_MEGAPROJECT. До отдельного подтверждения это системная интерпретация SINERGY.
E00200,E00200,F017,M143,INCREASES_CAPACITY_OF,S015,NODE_SUPPORT_ONLY,0.58,AUTO_CURATED_NEEDS_RELATION_EVIDENCE,THEMATIC,FALSE,2026-09-27,Семантическая курация M3 бывшей связи CONTRIBUTES_TO_MEGAPROJECT. До отдельного подтверждения это системная интерпретация SINERGY.
E00201,E00201,F017,M135,INCREASES_CAPACITY_OF,S015,NODE_SUPPORT_ONLY,0.58,AUTO_CURATED_NEEDS_RELATION_EVIDENCE,THEMATIC,FALSE,2026-09-27,Семантическая курация M3 бывшей связи CONTRIBUTES_TO_MEGAPROJECT. До отдельного подтверждения это системная интерпретация SINERGY.
E00202,E00202,S016,F018,VALIDATES,S016,PROVENANCE,0.95,VERIFIED_PROVENANCE,EVIDENTIAL,TRUE,2026-09-27,Каноническое происхождение подтверждено источником.
E00203,E00203,F018,P032,PROPOSED_BY,S016,ATTRIBUTION,0.78,CURATED_ATTRIBUTION,PROVENANCE,FALSE,2026-09-27,Репрезентативная атрибуция автора из Frontier Graph 1.0.
E00204,E00204,F018,P033,PROPOSED_BY,S016,ATTRIBUTION,0.78,CURATED_ATTRIBUTION,PROVENANCE,FALSE,2026-09-27,Репрезентативная атрибуция автора из Frontier Graph 1.0.
E00205,E00205,F018,P034,PROPOSED_BY,S016,ATTRIBUTION,0.78,CURATED_ATTRIBUTION,PROVENANCE,FALSE,2026-09-27,Репрезентативная атрибуция автора из Frontier Graph 1.0.
E00206,E00206,F018,P035,PROPOSED_BY,S016,ATTRIBUTION,0.78,CURATED_ATTRIBUTION,PROVENANCE,FALSE,2026-09-27,Репрезентативная атрибуция автора из Frontier Graph 1.0.
E00207,E00207,F018,P036,PROPOSED_BY,S016,ATTRIBUTION,0.78,CURATED_ATTRIBUTION,PROVENANCE,FALSE,2026-09-27,Репрезентативная атрибуция автора из Frontier Graph 1.0.
E00208,E00208,F018,P037,PROPOSED_BY,S016,ATTRIBUTION,0.78,CURATED_ATTRIBUTION,PROVENANCE,FALSE,2026-09-27,Репрезентативная атрибуция автора из Frontier Graph 1.0.
E00209,E00209,F018,T011,USES,S016,NODE_SUPPORT_ONLY,0.66,AUTO_CURATED_NEEDS_RELATION_EVIDENCE,ENABLING,FALSE,2026-09-27,Семантическая курация M3 бывшей связи MAPS_TO_TECHNOLOGY. Источник подтверждает фронтирный узел; прямое доказательство самой связи всё ещё требует экспертной проверки.
E00210,E00210,F018,T012,USES,S016,NODE_SUPPORT_ONLY,0.66,AUTO_CURATED_NEEDS_RELATION_EVIDENCE,ENABLING,FALSE,2026-09-27,Семантическая курация M3 бывшей связи MAPS_TO_TECHNOLOGY. Источник подтверждает фронтирный узел; прямое доказательство самой связи всё ещё требует экспертной проверки.
E00211,E00211,F018,T013,USES,S016,NODE_SUPPORT_ONLY,0.66,AUTO_CURATED_NEEDS_RELATION_EVIDENCE,ENABLING,FALSE,2026-09-27,Семантическая курация M3 бывшей связи MAPS_TO_TECHNOLOGY. Источник подтверждает фронтирный узел; прямое доказательство самой связи всё ещё требует экспертной проверки.
E00212,E00212,F018,T014,USES,S016,NODE_SUPPORT_ONLY,0.66,AUTO_CURATED_NEEDS_RELATION_EVIDENCE,ENABLING,FALSE,2026-09-27,Семантическая курация M3 бывшей связи MAPS_TO_TECHNOLOGY. Источник подтверждает фронтирный узел; прямое доказательство самой связи всё ещё требует экспертной проверки.
E00213,E00213,F018,M135,ENABLES,S016,NODE_SUPPORT_ONLY,0.52,AUTO_CURATED_NEEDS_RELATION_EVIDENCE,THEMATIC,FALSE,2026-09-27,Семантическая курация M3 бывшей связи CONTRIBUTES_TO_MEGAPROJECT. До отдельного подтверждения это системная интерпретация SINERGY.
E00214,E00214,F018,M150,ENABLES,S016,NODE_SUPPORT_ONLY,0.52,AUTO_CURATED_NEEDS_RELATION_EVIDENCE,THEMATIC,FALSE,2026-09-27,Семантическая курация M3 бывшей связи CONTRIBUTES_TO_MEGAPROJECT. До отдельного подтверждения это системная интерпретация SINERGY.
E00215,E00215,S001,F019,VALIDATES,S001,PROVENANCE,0.95,VERIFIED_PROVENANCE,EVIDENTIAL,TRUE,2026-09-27,"Источник подтверждает обеспечивающий компонент, но не обязательно весь синтез SINERGY."
E00216,E00216,F019,I012,PROPOSED_BY,S001,ATTRIBUTION,0.68,CURATED_PROGRAM_ASSOCIATION,PROVENANCE,FALSE,2026-09-27,Репрезентативная связь с институтом или программой; это не утверждение о финансировании.
E00217,E00217,F019,T011,DEPENDS_ON,S001,NODE_SUPPORT_ONLY,0.56,AUTO_CURATED_NEEDS_RELATION_EVIDENCE,THEMATIC,FALSE,2026-09-27,Семантическая курация M3 бывшей связи MAPS_TO_TECHNOLOGY. Источник подтверждает фронтирный узел; прямое доказательство самой связи всё ещё требует экспертной проверки.
E00218,E00218,F019,T012,DEPENDS_ON,S001,NODE_SUPPORT_ONLY,0.56,AUTO_CURATED_NEEDS_RELATION_EVIDENCE,THEMATIC,FALSE,2026-09-27,Семантическая курация M3 бывшей связи MAPS_TO_TECHNOLOGY. Источник подтверждает фронтирный узел; прямое доказательство самой связи всё ещё требует экспертной проверки.
E00219,E00219,F019,T013,DEPENDS_ON,S001,NODE_SUPPORT_ONLY,0.56,AUTO_CURATED_NEEDS_RELATION_EVIDENCE,THEMATIC,FALSE,2026-09-27,Семантическая курация M3 бывшей связи MAPS_TO_TECHNOLOGY. Источник подтверждает фронтирный узел; прямое доказательство самой связи всё ещё требует экспертной проверки.
E00220,E00220,F019,T014,DEPENDS_ON,S001,NODE_SUPPORT_ONLY,0.56,AUTO_CURATED_NEEDS_RELATION_EVIDENCE,THEMATIC,FALSE,2026-09-27,Семантическая курация M3 бывшей связи MAPS_TO_TECHNOLOGY. Источник подтверждает фронтирный узел; прямое доказательство самой связи всё ещё требует экспертной проверки.
E00221,E00221,F019,T021,DEPENDS_ON,S001,NODE_SUPPORT_ONLY,0.56,AUTO_CURATED_NEEDS_RELATION_EVIDENCE,THEMATIC,FALSE,2026-09-27,Семантическая курация M3 бывшей связи MAPS_TO_TECHNOLOGY. Источник подтверждает фронтирный узел; прямое доказательство самой связи всё ещё требует экспертной проверки.
E00222,E00222,F019,T022,DEPENDS_ON,S001,NODE_SUPPORT_ONLY,0.56,AUTO_CURATED_NEEDS_RELATION_EVIDENCE,THEMATIC,FALSE,2026-09-27,Семантическая курация M3 бывшей связи MAPS_TO_TECHNOLOGY. Источник подтверждает фронтирный узел; прямое доказательство самой связи всё ещё требует экспертной проверки.
E00223,E00223,F019,M134,INCREASES_CAPACITY_OF,S001,NODE_SUPPORT_ONLY,0.58,AUTO_CURATED_NEEDS_RELATION_EVIDENCE,THEMATIC,FALSE,2026-09-27,Семантическая курация M3 бывшей связи CONTRIBUTES_TO_MEGAPROJECT. До отдельного подтверждения это системная интерпретация SINERGY.
E00224,E00224,F019,M144,INCREASES_CAPACITY_OF,S001,NODE_SUPPORT_ONLY,0.58,AUTO_CURATED_NEEDS_RELATION_EVIDENCE,THEMATIC,FALSE,2026-09-27,Семантическая курация M3 бывшей связи CONTRIBUTES_TO_MEGAPROJECT. До отдельного подтверждения это системная интерпретация SINERGY.
E00225,E00225,F019,M135,INCREASES_CAPACITY_OF,S001,NODE_SUPPORT_ONLY,0.58,AUTO_CURATED_NEEDS_RELATION_EVIDENCE,THEMATIC,FALSE,2026-09-27,Семантическая курация M3 бывшей связи CONTRIBUTES_TO_MEGAPROJECT. До отдельного подтверждения это системная интерпретация SINERGY.
E00226,E00226,F019,M150,INCREASES_CAPACITY_OF,S001,NODE_SUPPORT_ONLY,0.58,AUTO_CURATED_NEEDS_RELATION_EVIDENCE,THEMATIC,FALSE,2026-09-27,Семантическая курация M3 бывшей связи CONTRIBUTES_TO_MEGAPROJECT. До отдельного подтверждения это системная интерпретация SINERGY.
E00227,E00227,F019,M128,INCREASES_CAPACITY_OF,S001,NODE_SUPPORT_ONLY,0.58,AUTO_CURATED_NEEDS_RELATION_EVIDENCE,THEMATIC,FALSE,2026-09-27,Семантическая курация M3 бывшей связи CONTRIBUTES_TO_MEGAPROJECT. До отдельного подтверждения это системная интерпретация SINERGY.
E00228,E00228,F019,M141,INCREASES_CAPACITY_OF,S001,NODE_SUPPORT_ONLY,0.58,AUTO_CURATED_NEEDS_RELATION_EVIDENCE,THEMATIC,FALSE,2026-09-27,Семантическая курация M3 бывшей связи CONTRIBUTES_TO_MEGAPROJECT. До отдельного подтверждения это системная интерпретация SINERGY.
E00229,E00229,S001,F020,VALIDATES,S001,PROVENANCE,0.95,VERIFIED_PROVENANCE,EVIDENTIAL,TRUE,2026-09-27,Каноническое происхождение подтверждено источником.
E00230,E00230,F020,P038,PROPOSED_BY,S001,ATTRIBUTION,0.78,CURATED_ATTRIBUTION,PROVENANCE,FALSE,2026-09-27,Репрезентативная атрибуция автора из Frontier Graph 1.0.
E00231,E00231,F020,I013,PROPOSED_BY,S001,ATTRIBUTION,0.68,CURATED_PROGRAM_ASSOCIATION,PROVENANCE,FALSE,2026-09-27,Репрезентативная связь с институтом или программой; это не утверждение о финансировании.
E00232,E00232,F020,T002,GOVERNS,S001,NODE_SUPPORT_ONLY,0.74,AUTO_CURATED_NEEDS_RELATION_EVIDENCE,ENABLING,FALSE,2026-09-27,Семантическая курация M3 бывшей связи MAPS_TO_TECHNOLOGY. Источник подтверждает фронтирный узел; прямое доказательство самой связи всё ещё требует экспертной проверки.
E00233,E00233,F020,T015,GOVERNS,S001,NODE_SUPPORT_ONLY,0.74,AUTO_CURATED_NEEDS_RELATION_EVIDENCE,ENABLING,FALSE,2026-09-27,Семантическая курация M3 бывшей связи MAPS_TO_TECHNOLOGY. Источник подтверждает фронтирный узел; прямое доказательство самой связи всё ещё требует экспертной проверки.
E00234,E00234,F020,M133,GOVERNS,S001,NODE_SUPPORT_ONLY,0.69,AUTO_CURATED_NEEDS_RELATION_EVIDENCE,ENABLING,FALSE,2026-09-27,Семантическая курация M3 бывшей связи CONTRIBUTES_TO_MEGAPROJECT. До отдельного подтверждения это системная интерпретация SINERGY.
E00235,E00235,F020,M150,GOVERNS,S001,NODE_SUPPORT_ONLY,0.69,AUTO_CURATED_NEEDS_RELATION_EVIDENCE,ENABLING,FALSE,2026-09-27,Семантическая курация M3 бывшей связи CONTRIBUTES_TO_MEGAPROJECT. До отдельного подтверждения это системная интерпретация SINERGY.
E00236,E00236,F020,M126,GOVERNS,S001,NODE_SUPPORT_ONLY,0.69,AUTO_CURATED_NEEDS_RELATION_EVIDENCE,ENABLING,FALSE,2026-09-27,Семантическая курация M3 бывшей связи CONTRIBUTES_TO_MEGAPROJECT. До отдельного подтверждения это системная интерпретация SINERGY.
E00237,E00237,S017,F021,VALIDATES,S017,PROVENANCE,0.95,VERIFIED_PROVENANCE,EVIDENTIAL,TRUE,2026-09-27,Каноническое происхождение подтверждено источником.
E00238,E00238,F021,P039,PROPOSED_BY,S017,ATTRIBUTION,0.78,CURATED_ATTRIBUTION,PROVENANCE,FALSE,2026-09-27,Репрезентативная атрибуция автора из Frontier Graph 1.0.
E00239,E00239,F021,I014,PROPOSED_BY,S017,ATTRIBUTION,0.68,CURATED_PROGRAM_ASSOCIATION,PROVENANCE,FALSE,2026-09-27,Репрезентативная связь с институтом или программой; это не утверждение о финансировании.
E00240,E00240,F021,T002,GOVERNS,S017,NODE_SUPPORT_ONLY,0.74,AUTO_CURATED_NEEDS_RELATION_EVIDENCE,ENABLING,FALSE,2026-09-27,Семантическая курация M3 бывшей связи MAPS_TO_TECHNOLOGY. Источник подтверждает фронтирный узел; прямое доказательство самой связи всё ещё требует экспертной проверки.
E00241,E00241,F021,T015,GOVERNS,S017,NODE_SUPPORT_ONLY,0.74,AUTO_CURATED_NEEDS_RELATION_EVIDENCE,ENABLING,FALSE,2026-09-27,Семантическая курация M3 бывшей связи MAPS_TO_TECHNOLOGY. Источник подтверждает фронтирный узел; прямое доказательство самой связи всё ещё требует экспертной проверки.
E00242,E00242,F021,M133,GOVERNS,S017,NODE_SUPPORT_ONLY,0.69,AUTO_CURATED_NEEDS_RELATION_EVIDENCE,ENABLING,FALSE,2026-09-27,Семантическая курация M3 бывшей связи CONTRIBUTES_TO_MEGAPROJECT. До отдельного подтверждения это системная интерпретация SINERGY.
E00243,E00243,F021,M150,GOVERNS,S017,NODE_SUPPORT_ONLY,0.69,AUTO_CURATED_NEEDS_RELATION_EVIDENCE,ENABLING,FALSE,2026-09-27,Семантическая курация M3 бывшей связи CONTRIBUTES_TO_MEGAPROJECT. До отдельного подтверждения это системная интерпретация SINERGY.
E00244,E00244,F021,M126,GOVERNS,S017,NODE_SUPPORT_ONLY,0.69,AUTO_CURATED_NEEDS_RELATION_EVIDENCE,ENABLING,FALSE,2026-09-27,Семантическая курация M3 бывшей связи CONTRIBUTES_TO_MEGAPROJECT. До отдельного подтверждения это системная интерпретация SINERGY.
E00245,E00245,S016,F022,VALIDATES,S016,PROVENANCE,0.95,VERIFIED_PROVENANCE,EVIDENTIAL,TRUE,2026-09-27,Каноническое происхождение подтверждено источником.
E00246,E00246,F022,P040,PROPOSED_BY,S016,ATTRIBUTION,0.78,CURATED_ATTRIBUTION,PROVENANCE,FALSE,2026-09-27,Репрезентативная атрибуция автора из Frontier Graph 1.0.
E00247,E00247,F022,I015,PROPOSED_BY,S016,ATTRIBUTION,0.68,CURATED_PROGRAM_ASSOCIATION,PROVENANCE,FALSE,2026-09-27,Репрезентативная связь с институтом или программой; это не утверждение о финансировании.
E00248,E00248,F022,T011,USES,S016,NODE_SUPPORT_ONLY,0.66,AUTO_CURATED_NEEDS_RELATION_EVIDENCE,ENABLING,FALSE,2026-09-27,Семантическая курация M3 бывшей связи MAPS_TO_TECHNOLOGY. Источник подтверждает фронтирный узел; прямое доказательство самой связи всё ещё требует экспертной проверки.
E00249,E00249,F022,T012,USES,S016,NODE_SUPPORT_ONLY,0.66,AUTO_CURATED_NEEDS_RELATION_EVIDENCE,ENABLING,FALSE,2026-09-27,Семантическая курация M3 бывшей связи MAPS_TO_TECHNOLOGY. Источник подтверждает фронтирный узел; прямое доказательство самой связи всё ещё требует экспертной проверки.
E00250,E00250,F022,T013,USES,S016,NODE_SUPPORT_ONLY,0.66,AUTO_CURATED_NEEDS_RELATION_EVIDENCE,ENABLING,FALSE,2026-09-27,Семантическая курация M3 бывшей связи MAPS_TO_TECHNOLOGY. Источник подтверждает фронтирный узел; прямое доказательство самой связи всё ещё требует экспертной проверки.
E00251,E00251,F022,T014,USES,S016,NODE_SUPPORT_ONLY,0.66,AUTO_CURATED_NEEDS_RELATION_EVIDENCE,ENABLING,FALSE,2026-09-27,Семантическая курация M3 бывшей связи MAPS_TO_TECHNOLOGY. Источник подтверждает фронтирный узел; прямое доказательство самой связи всё ещё требует экспертной проверки.
E00252,E00252,F022,M126,ENABLES,S016,NODE_SUPPORT_ONLY,0.52,AUTO_CURATED_NEEDS_RELATION_EVIDENCE,THEMATIC,FALSE,2026-09-27,Семантическая курация M3 бывшей связи CONTRIBUTES_TO_MEGAPROJECT. До отдельного подтверждения это системная интерпретация SINERGY.
E00253,E00253,F022,M150,ENABLES,S016,NODE_SUPPORT_ONLY,0.52,AUTO_CURATED_NEEDS_RELATION_EVIDENCE,THEMATIC,FALSE,2026-09-27,Семантическая курация M3 бывшей связи CONTRIBUTES_TO_MEGAPROJECT. До отдельного подтверждения это системная интерпретация SINERGY.
E00254,E00254,S018,F023,VALIDATES,S018,PROVENANCE,0.95,VERIFIED_PROVENANCE,EVIDENTIAL,TRUE,2026-09-27,"Источник подтверждает обеспечивающий компонент, но не обязательно весь синтез SINERGY."
E00255,E00255,F023,P041,PROPOSED_BY,S018,ATTRIBUTION,0.78,CURATED_ATTRIBUTION,PROVENANCE,FALSE,2026-09-27,Репрезентативная атрибуция автора из Frontier Graph 1.0.
E00256,E00256,F023,P042,PROPOSED_BY,S018,ATTRIBUTION,0.78,CURATED_ATTRIBUTION,PROVENANCE,FALSE,2026-09-27,Репрезентативная атрибуция автора из Frontier Graph 1.0.
E00257,E00257,F023,P043,PROPOSED_BY,S018,ATTRIBUTION,0.78,CURATED_ATTRIBUTION,PROVENANCE,FALSE,2026-09-27,Репрезентативная атрибуция автора из Frontier Graph 1.0.
E00258,E00258,F023,P044,PROPOSED_BY,S018,ATTRIBUTION,0.78,CURATED_ATTRIBUTION,PROVENANCE,FALSE,2026-09-27,Репрезентативная атрибуция автора из Frontier Graph 1.0.
E00259,E00259,F023,P045,PROPOSED_BY,S018,ATTRIBUTION,0.78,CURATED_ATTRIBUTION,PROVENANCE,FALSE,2026-09-27,Репрезентативная атрибуция автора из Frontier Graph 1.0.
E00260,E00260,F023,T011,DEPENDS_ON,S018,NODE_SUPPORT_ONLY,0.56,AUTO_CURATED_NEEDS_RELATION_EVIDENCE,THEMATIC,FALSE,2026-09-27,Семантическая курация M3 бывшей связи MAPS_TO_TECHNOLOGY. Источник подтверждает фронтирный узел; прямое доказательство самой связи всё ещё требует экспертной проверки.
E00261,E00261,F023,T012,DEPENDS_ON,S018,NODE_SUPPORT_ONLY,0.56,AUTO_CURATED_NEEDS_RELATION_EVIDENCE,THEMATIC,FALSE,2026-09-27,Семантическая курация M3 бывшей связи MAPS_TO_TECHNOLOGY. Источник подтверждает фронтирный узел; прямое доказательство самой связи всё ещё требует экспертной проверки.
E00262,E00262,F023,T013,DEPENDS_ON,S018,NODE_SUPPORT_ONLY,0.56,AUTO_CURATED_NEEDS_RELATION_EVIDENCE,THEMATIC,FALSE,2026-09-27,Семантическая курация M3 бывшей связи MAPS_TO_TECHNOLOGY. Источник подтверждает фронтирный узел; прямое доказательство самой связи всё ещё требует экспертной проверки.
E00263,E00263,F023,T014,DEPENDS_ON,S018,NODE_SUPPORT_ONLY,0.56,AUTO_CURATED_NEEDS_RELATION_EVIDENCE,THEMATIC,FALSE,2026-09-27,Семантическая курация M3 бывшей связи MAPS_TO_TECHNOLOGY. Источник подтверждает фронтирный узел; прямое доказательство самой связи всё ещё требует экспертной проверки.
E00264,E00264,F023,M133,ENABLES,S018,NODE_SUPPORT_ONLY,0.64,AUTO_CURATED_NEEDS_RELATION_EVIDENCE,ENABLING,FALSE,2026-09-27,Семантическая курация M3 бывшей связи CONTRIBUTES_TO_MEGAPROJECT. До отдельного подтверждения это системная интерпретация SINERGY.
E00265,E00265,F023,M150,ENABLES,S018,NODE_SUPPORT_ONLY,0.64,AUTO_CURATED_NEEDS_RELATION_EVIDENCE,ENABLING,FALSE,2026-09-27,Семантическая курация M3 бывшей связи CONTRIBUTES_TO_MEGAPROJECT. До отдельного подтверждения это системная интерпретация SINERGY.
E00266,E00266,F023,M128,ENABLES,S018,NODE_SUPPORT_ONLY,0.64,AUTO_CURATED_NEEDS_RELATION_EVIDENCE,ENABLING,FALSE,2026-09-27,Семантическая курация M3 бывшей связи CONTRIBUTES_TO_MEGAPROJECT. До отдельного подтверждения это системная интерпретация SINERGY.
E00267,E00267,F023,M141,ENABLES,S018,NODE_SUPPORT_ONLY,0.64,AUTO_CURATED_NEEDS_RELATION_EVIDENCE,ENABLING,FALSE,2026-09-27,Семантическая курация M3 бывшей связи CONTRIBUTES_TO_MEGAPROJECT. До отдельного подтверждения это системная интерпретация SINERGY.
E00268,E00268,F023,M126,ENABLES,S018,NODE_SUPPORT_ONLY,0.64,AUTO_CURATED_NEEDS_RELATION_EVIDENCE,ENABLING,FALSE,2026-09-27,Семантическая курация M3 бывшей связи CONTRIBUTES_TO_MEGAPROJECT. До отдельного подтверждения это системная интерпретация SINERGY.
E00269,E00269,S019,F024,VALIDATES,S019,PROVENANCE,0.95,VERIFIED_PROVENANCE,EVIDENTIAL,TRUE,2026-09-27,"Источник подтверждает обеспечивающий компонент, но не обязательно весь синтез SINERGY."
E00270,E00270,F024,P046,PROPOSED_BY,S019,ATTRIBUTION,0.78,CURATED_ATTRIBUTION,PROVENANCE,FALSE,2026-09-27,Репрезентативная атрибуция автора из Frontier Graph 1.0.
E00271,E00271,F024,T002,DEPENDS_ON,S019,NODE_SUPPORT_ONLY,0.56,AUTO_CURATED_NEEDS_RELATION_EVIDENCE,THEMATIC,FALSE,2026-09-27,Семантическая курация M3 бывшей связи MAPS_TO_TECHNOLOGY. Источник подтверждает фронтирный узел; прямое доказательство самой связи всё ещё требует экспертной проверки.
E00272,E00272,F024,T016,DEPENDS_ON,S019,NODE_SUPPORT_ONLY,0.56,AUTO_CURATED_NEEDS_RELATION_EVIDENCE,THEMATIC,FALSE,2026-09-27,Семантическая курация M3 бывшей связи MAPS_TO_TECHNOLOGY. Источник подтверждает фронтирный узел; прямое доказательство самой связи всё ещё требует экспертной проверки.
E00273,E00273,F024,M133,INCREASES_CAPACITY_OF,S019,NODE_SUPPORT_ONLY,0.58,AUTO_CURATED_NEEDS_RELATION_EVIDENCE,THEMATIC,FALSE,2026-09-27,Семантическая курация M3 бывшей связи CONTRIBUTES_TO_MEGAPROJECT. До отдельного подтверждения это системная интерпретация SINERGY.
E00274,E00274,F024,M150,INCREASES_CAPACITY_OF,S019,NODE_SUPPORT_ONLY,0.58,AUTO_CURATED_NEEDS_RELATION_EVIDENCE,THEMATIC,FALSE,2026-09-27,Семантическая курация M3 бывшей связи CONTRIBUTES_TO_MEGAPROJECT. До отдельного подтверждения это системная интерпретация SINERGY.
E00275,E00275,F024,M145,INCREASES_CAPACITY_OF,S019,NODE_SUPPORT_ONLY,0.58,AUTO_CURATED_NEEDS_RELATION_EVIDENCE,THEMATIC,FALSE,2026-09-27,Семантическая курация M3 бывшей связи CONTRIBUTES_TO_MEGAPROJECT. До отдельного подтверждения это системная интерпретация SINERGY.
E00276,E00276,F024,M140,INCREASES_CAPACITY_OF,S019,NODE_SUPPORT_ONLY,0.58,AUTO_CURATED_NEEDS_RELATION_EVIDENCE,THEMATIC,FALSE,2026-09-27,Семантическая курация M3 бывшей связи CONTRIBUTES_TO_MEGAPROJECT. До отдельного подтверждения это системная интерпретация SINERGY.
E00277,E00277,S020,F025,VALIDATES,S020,PROVENANCE,0.95,VERIFIED_PROVENANCE,EVIDENTIAL,TRUE,2026-09-27,Каноническое происхождение подтверждено источником.
E00278,E00278,F025,I016,PROPOSED_BY,S020,ATTRIBUTION,0.68,CURATED_PROGRAM_ASSOCIATION,PROVENANCE,FALSE,2026-09-27,Репрезентативная связь с институтом или программой; это не утверждение о финансировании.
E00279,E00279,F025,T021,DEPENDS_ON,S020,NODE_SUPPORT_ONLY,0.56,AUTO_CURATED_NEEDS_RELATION_EVIDENCE,THEMATIC,FALSE,2026-09-27,Семантическая курация M3 бывшей связи MAPS_TO_TECHNOLOGY. Источник подтверждает фронтирный узел; прямое доказательство самой связи всё ещё требует экспертной проверки.
E00280,E00280,F025,T022,DEPENDS_ON,S020,NODE_SUPPORT_ONLY,0.56,AUTO_CURATED_NEEDS_RELATION_EVIDENCE,THEMATIC,FALSE,2026-09-27,Семантическая курация M3 бывшей связи MAPS_TO_TECHNOLOGY. Источник подтверждает фронтирный узел; прямое доказательство самой связи всё ещё требует экспертной проверки.
E00281,E00281,F025,T023,DEPENDS_ON,S020,NODE_SUPPORT_ONLY,0.56,AUTO_CURATED_NEEDS_RELATION_EVIDENCE,THEMATIC,FALSE,2026-09-27,Семантическая курация M3 бывшей связи MAPS_TO_TECHNOLOGY. Источник подтверждает фронтирный узел; прямое доказательство самой связи всё ещё требует экспертной проверки.
E00282,E00282,F025,T024,DEPENDS_ON,S020,NODE_SUPPORT_ONLY,0.56,AUTO_CURATED_NEEDS_RELATION_EVIDENCE,THEMATIC,FALSE,2026-09-27,Семантическая курация M3 бывшей связи MAPS_TO_TECHNOLOGY. Источник подтверждает фронтирный узел; прямое доказательство самой связи всё ещё требует экспертной проверки.
E00283,E00283,F025,M134,INCREASES_CAPACITY_OF,S020,NODE_SUPPORT_ONLY,0.58,AUTO_CURATED_NEEDS_RELATION_EVIDENCE,THEMATIC,FALSE,2026-09-27,Семантическая курация M3 бывшей связи CONTRIBUTES_TO_MEGAPROJECT. До отдельного подтверждения это системная интерпретация SINERGY.
E00284,E00284,F025,M144,INCREASES_CAPACITY_OF,S020,NODE_SUPPORT_ONLY,0.58,AUTO_CURATED_NEEDS_RELATION_EVIDENCE,THEMATIC,FALSE,2026-09-27,Семантическая курация M3 бывшей связи CONTRIBUTES_TO_MEGAPROJECT. До отдельного подтверждения это системная интерпретация SINERGY.
E00285,E00285,F025,M075,INCREASES_CAPACITY_OF,S020,NODE_SUPPORT_ONLY,0.58,AUTO_CURATED_NEEDS_RELATION_EVIDENCE,THEMATIC,FALSE,2026-09-27,Семантическая курация M3 бывшей связи CONTRIBUTES_TO_MEGAPROJECT. До отдельного подтверждения это системная интерпретация SINERGY.
E00286,E00286,F025,M150,INCREASES_CAPACITY_OF,S020,NODE_SUPPORT_ONLY,0.58,AUTO_CURATED_NEEDS_RELATION_EVIDENCE,THEMATIC,FALSE,2026-09-27,Семантическая курация M3 бывшей связи CONTRIBUTES_TO_MEGAPROJECT. До отдельного подтверждения это системная интерпретация SINERGY.
E00287,E00287,F025,M105,DEPENDS_ON,S020,NODE_SUPPORT_ONLY,0.68,AUTO_CURATED_NEEDS_RELATION_EVIDENCE,ENABLING,FALSE,2026-09-27,Семантическая курация M3 бывшей связи CONTRIBUTES_TO_MEGAPROJECT. До отдельного подтверждения это системная интерпретация SINERGY.
E00288,E00288,F025,M147,DEPENDS_ON,S020,NODE_SUPPORT_ONLY,0.68,AUTO_CURATED_NEEDS_RELATION_EVIDENCE,ENABLING,FALSE,2026-09-27,Семантическая курация M3 бывшей связи CONTRIBUTES_TO_MEGAPROJECT. До отдельного подтверждения это системная интерпретация SINERGY.
E00289,E00289,S021,F026,VALIDATES,S021,PROVENANCE,0.95,VERIFIED_PROVENANCE,EVIDENTIAL,TRUE,2026-09-27,Каноническое происхождение подтверждено источником.
E00290,E00290,F026,P047,PROPOSED_BY,S021,ATTRIBUTION,0.78,CURATED_ATTRIBUTION,PROVENANCE,FALSE,2026-09-27,Репрезентативная атрибуция автора из Frontier Graph 1.0.
E00291,E00291,F026,P048,PROPOSED_BY,S021,ATTRIBUTION,0.78,CURATED_ATTRIBUTION,PROVENANCE,FALSE,2026-09-27,Репрезентативная атрибуция автора из Frontier Graph 1.0.
E00292,E00292,F026,P049,PROPOSED_BY,S021,ATTRIBUTION,0.78,CURATED_ATTRIBUTION,PROVENANCE,FALSE,2026-09-27,Репрезентативная атрибуция автора из Frontier Graph 1.0.
E00293,E00293,F026,I017,PROPOSED_BY,S021,ATTRIBUTION,0.68,CURATED_PROGRAM_ASSOCIATION,PROVENANCE,FALSE,2026-09-27,Репрезентативная связь с институтом или программой; это не утверждение о финансировании.
E00294,E00294,F026,T091,USES,S021,NODE_SUPPORT_ONLY,0.66,AUTO_CURATED_NEEDS_RELATION_EVIDENCE,ENABLING,FALSE,2026-09-27,Семантическая курация M3 бывшей связи MAPS_TO_TECHNOLOGY. Источник подтверждает фронтирный узел; прямое доказательство самой связи всё ещё требует экспертной проверки.
E00295,E00295,F026,M088,ENABLES,S021,NODE_SUPPORT_ONLY,0.52,AUTO_CURATED_NEEDS_RELATION_EVIDENCE,THEMATIC,FALSE,2026-09-27,Семантическая курация M3 бывшей связи CONTRIBUTES_TO_MEGAPROJECT. До отдельного подтверждения это системная интерпретация SINERGY.
E00296,E00296,F026,M137,ENABLES,S021,NODE_SUPPORT_ONLY,0.52,AUTO_CURATED_NEEDS_RELATION_EVIDENCE,THEMATIC,FALSE,2026-09-27,Семантическая курация M3 бывшей связи CONTRIBUTES_TO_MEGAPROJECT. До отдельного подтверждения это системная интерпретация SINERGY.
E00297,E00297,F026,M143,ENABLES,S021,NODE_SUPPORT_ONLY,0.52,AUTO_CURATED_NEEDS_RELATION_EVIDENCE,THEMATIC,FALSE,2026-09-27,Семантическая курация M3 бывшей связи CONTRIBUTES_TO_MEGAPROJECT. До отдельного подтверждения это системная интерпретация SINERGY.
E00298,E00298,F026,M150,ENABLES,S021,NODE_SUPPORT_ONLY,0.52,AUTO_CURATED_NEEDS_RELATION_EVIDENCE,THEMATIC,FALSE,2026-09-27,Семантическая курация M3 бывшей связи CONTRIBUTES_TO_MEGAPROJECT. До отдельного подтверждения это системная интерпретация SINERGY.
E00299,E00299,F026,M105,DEPENDS_ON,S021,NODE_SUPPORT_ONLY,0.68,AUTO_CURATED_NEEDS_RELATION_EVIDENCE,ENABLING,FALSE,2026-09-27,Семантическая курация M3 бывшей связи CONTRIBUTES_TO_MEGAPROJECT. До отдельного подтверждения это системная интерпретация SINERGY.
E00300,E00300,F026,M147,DEPENDS_ON,S021,NODE_SUPPORT_ONLY,0.68,AUTO_CURATED_NEEDS_RELATION_EVIDENCE,ENABLING,FALSE,2026-09-27,Семантическая курация M3 бывшей связи CONTRIBUTES_TO_MEGAPROJECT. До отдельного подтверждения это системная интерпретация SINERGY.
E00301,E00301,S022,F027,VALIDATES,S022,PROVENANCE,0.95,VERIFIED_PROVENANCE,EVIDENTIAL,TRUE,2026-09-27,Каноническое происхождение подтверждено источником.
E00302,E00302,F027,I018,PROPOSED_BY,S022,ATTRIBUTION,0.68,CURATED_PROGRAM_ASSOCIATION,PROVENANCE,FALSE,2026-09-27,Репрезентативная связь с институтом или программой; это не утверждение о финансировании.
E00303,E00303,F027,T095,DEPENDS_ON,S022,NODE_SUPPORT_ONLY,0.56,AUTO_CURATED_NEEDS_RELATION_EVIDENCE,THEMATIC,FALSE,2026-09-27,Семантическая курация M3 бывшей связи MAPS_TO_TECHNOLOGY. Источник подтверждает фронтирный узел; прямое доказательство самой связи всё ещё требует экспертной проверки.
E00304,E00304,F027,T098,DEPENDS_ON,S022,NODE_SUPPORT_ONLY,0.56,AUTO_CURATED_NEEDS_RELATION_EVIDENCE,THEMATIC,FALSE,2026-09-27,Семантическая курация M3 бывшей связи MAPS_TO_TECHNOLOGY. Источник подтверждает фронтирный узел; прямое доказательство самой связи всё ещё требует экспертной проверки.
E00305,E00305,F027,T100,DEPENDS_ON,S022,NODE_SUPPORT_ONLY,0.56,AUTO_CURATED_NEEDS_RELATION_EVIDENCE,THEMATIC,FALSE,2026-09-27,Семантическая курация M3 бывшей связи MAPS_TO_TECHNOLOGY. Источник подтверждает фронтирный узел; прямое доказательство самой связи всё ещё требует экспертной проверки.
E00306,E00306,F027,M075,ENABLES,S022,NODE_SUPPORT_ONLY,0.52,AUTO_CURATED_NEEDS_RELATION_EVIDENCE,THEMATIC,FALSE,2026-09-27,Семантическая курация M3 бывшей связи CONTRIBUTES_TO_MEGAPROJECT. До отдельного подтверждения это системная интерпретация SINERGY.
E00307,E00307,F027,M150,ENABLES,S022,NODE_SUPPORT_ONLY,0.52,AUTO_CURATED_NEEDS_RELATION_EVIDENCE,THEMATIC,FALSE,2026-09-27,Семантическая курация M3 бывшей связи CONTRIBUTES_TO_MEGAPROJECT. До отдельного подтверждения это системная интерпретация SINERGY.
E00308,E00308,F027,M088,ENABLES,S022,NODE_SUPPORT_ONLY,0.52,AUTO_CURATED_NEEDS_RELATION_EVIDENCE,THEMATIC,FALSE,2026-09-27,Семантическая курация M3 бывшей связи CONTRIBUTES_TO_MEGAPROJECT. До отдельного подтверждения это системная интерпретация SINERGY.
E00309,E00309,F027,M137,ENABLES,S022,NODE_SUPPORT_ONLY,0.52,AUTO_CURATED_NEEDS_RELATION_EVIDENCE,THEMATIC,FALSE,2026-09-27,Семантическая курация M3 бывшей связи CONTRIBUTES_TO_MEGAPROJECT. До отдельного подтверждения это системная интерпретация SINERGY.
E00310,E00310,F027,M105,DEPENDS_ON,S022,NODE_SUPPORT_ONLY,0.68,AUTO_CURATED_NEEDS_RELATION_EVIDENCE,ENABLING,FALSE,2026-09-27,Семантическая курация M3 бывшей связи CONTRIBUTES_TO_MEGAPROJECT. До отдельного подтверждения это системная интерпретация SINERGY.
E00311,E00311,F027,M147,DEPENDS_ON,S022,NODE_SUPPORT_ONLY,0.68,AUTO_CURATED_NEEDS_RELATION_EVIDENCE,ENABLING,FALSE,2026-09-27,Семантическая курация M3 бывшей связи CONTRIBUTES_TO_MEGAPROJECT. До отдельного подтверждения это системная интерпретация SINERGY.
E00312,E00312,S007,F028,VALIDATES,S007,PROVENANCE,0.95,VERIFIED_PROVENANCE,EVIDENTIAL,TRUE,2026-09-27,Каноническое происхождение подтверждено источником.
E00313,E00313,F028,P050,PROPOSED_BY,S007,ATTRIBUTION,0.78,CURATED_ATTRIBUTION,PROVENANCE,FALSE,2026-09-27,Репрезентативная атрибуция автора из Frontier Graph 1.0.
E00314,E00314,F028,P051,PROPOSED_BY,S007,ATTRIBUTION,0.78,CURATED_ATTRIBUTION,PROVENANCE,FALSE,2026-09-27,Репрезентативная атрибуция автора из Frontier Graph 1.0.
E00315,E00315,F028,I019,PROPOSED_BY,S007,ATTRIBUTION,0.68,CURATED_PROGRAM_ASSOCIATION,PROVENANCE,FALSE,2026-09-27,Репрезентативная связь с институтом или программой; это не утверждение о финансировании.
E00316,E00316,F028,T021,DEPENDS_ON,S007,NODE_SUPPORT_ONLY,0.56,AUTO_CURATED_NEEDS_RELATION_EVIDENCE,THEMATIC,FALSE,2026-09-27,Семантическая курация M3 бывшей связи MAPS_TO_TECHNOLOGY. Источник подтверждает фронтирный узел; прямое доказательство самой связи всё ещё требует экспертной проверки.
E00317,E00317,F028,T022,DEPENDS_ON,S007,NODE_SUPPORT_ONLY,0.56,AUTO_CURATED_NEEDS_RELATION_EVIDENCE,THEMATIC,FALSE,2026-09-27,Семантическая курация M3 бывшей связи MAPS_TO_TECHNOLOGY. Источник подтверждает фронтирный узел; прямое доказательство самой связи всё ещё требует экспертной проверки.
E00318,E00318,F028,T023,DEPENDS_ON,S007,NODE_SUPPORT_ONLY,0.56,AUTO_CURATED_NEEDS_RELATION_EVIDENCE,THEMATIC,FALSE,2026-09-27,Семантическая курация M3 бывшей связи MAPS_TO_TECHNOLOGY. Источник подтверждает фронтирный узел; прямое доказательство самой связи всё ещё требует экспертной проверки.
E00319,E00319,F028,T024,DEPENDS_ON,S007,NODE_SUPPORT_ONLY,0.56,AUTO_CURATED_NEEDS_RELATION_EVIDENCE,THEMATIC,FALSE,2026-09-27,Семантическая курация M3 бывшей связи MAPS_TO_TECHNOLOGY. Источник подтверждает фронтирный узел; прямое доказательство самой связи всё ещё требует экспертной проверки.
E00320,E00320,F028,M134,INCREASES_CAPACITY_OF,S007,NODE_SUPPORT_ONLY,0.58,AUTO_CURATED_NEEDS_RELATION_EVIDENCE,THEMATIC,FALSE,2026-09-27,Семантическая курация M3 бывшей связи CONTRIBUTES_TO_MEGAPROJECT. До отдельного подтверждения это системная интерпретация SINERGY.
E00321,E00321,F028,M144,INCREASES_CAPACITY_OF,S007,NODE_SUPPORT_ONLY,0.58,AUTO_CURATED_NEEDS_RELATION_EVIDENCE,THEMATIC,FALSE,2026-09-27,Семантическая курация M3 бывшей связи CONTRIBUTES_TO_MEGAPROJECT. До отдельного подтверждения это системная интерпретация SINERGY.
E00322,E00322,F028,M075,INCREASES_CAPACITY_OF,S007,NODE_SUPPORT_ONLY,0.58,AUTO_CURATED_NEEDS_RELATION_EVIDENCE,THEMATIC,FALSE,2026-09-27,Семантическая курация M3 бывшей связи CONTRIBUTES_TO_MEGAPROJECT. До отдельного подтверждения это системная интерпретация SINERGY.
E00323,E00323,F028,M150,INCREASES_CAPACITY_OF,S007,NODE_SUPPORT_ONLY,0.58,AUTO_CURATED_NEEDS_RELATION_EVIDENCE,THEMATIC,FALSE,2026-09-27,Семантическая курация M3 бывшей связи CONTRIBUTES_TO_MEGAPROJECT. До отдельного подтверждения это системная интерпретация SINERGY.
E00324,E00324,F028,M088,INCREASES_CAPACITY_OF,S007,NODE_SUPPORT_ONLY,0.58,AUTO_CURATED_NEEDS_RELATION_EVIDENCE,THEMATIC,FALSE,2026-09-27,Семантическая курация M3 бывшей связи CONTRIBUTES_TO_MEGAPROJECT. До отдельного подтверждения это системная интерпретация SINERGY.
E00325,E00325,F028,M137,INCREASES_CAPACITY_OF,S007,NODE_SUPPORT_ONLY,0.58,AUTO_CURATED_NEEDS_RELATION_EVIDENCE,THEMATIC,FALSE,2026-09-27,Семантическая курация M3 бывшей связи CONTRIBUTES_TO_MEGAPROJECT. До отдельного подтверждения это системная интерпретация SINERGY.
E00326,E00326,S023,F029,VALIDATES,S023,PROVENANCE,0.95,VERIFIED_PROVENANCE,EVIDENTIAL,TRUE,2026-09-27,"Источник подтверждает обеспечивающий компонент, но не обязательно весь синтез SINERGY."
E00327,E00327,F029,P052,PROPOSED_BY,S023,ATTRIBUTION,0.78,CURATED_ATTRIBUTION,PROVENANCE,FALSE,2026-09-27,Репрезентативная атрибуция автора из Frontier Graph 1.0.
E00328,E00328,F029,T002,DEPENDS_ON,S023,NODE_SUPPORT_ONLY,0.56,AUTO_CURATED_NEEDS_RELATION_EVIDENCE,THEMATIC,FALSE,2026-09-27,Семантическая курация M3 бывшей связи MAPS_TO_TECHNOLOGY. Источник подтверждает фронтирный узел; прямое доказательство самой связи всё ещё требует экспертной проверки.
E00329,E00329,F029,T003,DEPENDS_ON,S023,NODE_SUPPORT_ONLY,0.56,AUTO_CURATED_NEEDS_RELATION_EVIDENCE,THEMATIC,FALSE,2026-09-27,Семантическая курация M3 бывшей связи MAPS_TO_TECHNOLOGY. Источник подтверждает фронтирный узел; прямое доказательство самой связи всё ещё требует экспертной проверки.
E00330,E00330,F029,T019,DEPENDS_ON,S023,NODE_SUPPORT_ONLY,0.56,AUTO_CURATED_NEEDS_RELATION_EVIDENCE,THEMATIC,FALSE,2026-09-27,Семантическая курация M3 бывшей связи MAPS_TO_TECHNOLOGY. Источник подтверждает фронтирный узел; прямое доказательство самой связи всё ещё требует экспертной проверки.
E00331,E00331,F029,M133,ENABLES,S023,NODE_SUPPORT_ONLY,0.52,AUTO_CURATED_NEEDS_RELATION_EVIDENCE,THEMATIC,FALSE,2026-09-27,Семантическая курация M3 бывшей связи CONTRIBUTES_TO_MEGAPROJECT. До отдельного подтверждения это системная интерпретация SINERGY.
E00332,E00332,F029,M150,ENABLES,S023,NODE_SUPPORT_ONLY,0.52,AUTO_CURATED_NEEDS_RELATION_EVIDENCE,THEMATIC,FALSE,2026-09-27,Семантическая курация M3 бывшей связи CONTRIBUTES_TO_MEGAPROJECT. До отдельного подтверждения это системная интерпретация SINERGY.
E00333,E00333,S019,F030,VALIDATES,S019,PROVENANCE,0.95,VERIFIED_PROVENANCE,EVIDENTIAL,TRUE,2026-09-27,Каноническое происхождение подтверждено источником.
E00334,E00334,F030,P053,PROPOSED_BY,S019,ATTRIBUTION,0.78,CURATED_ATTRIBUTION,PROVENANCE,FALSE,2026-09-27,Репрезентативная атрибуция автора из Frontier Graph 1.0.
E00335,E00335,F030,P054,PROPOSED_BY,S019,ATTRIBUTION,0.78,CURATED_ATTRIBUTION,PROVENANCE,FALSE,2026-09-27,Репрезентативная атрибуция автора из Frontier Graph 1.0.
E00336,E00336,F030,P055,PROPOSED_BY,S019,ATTRIBUTION,0.78,CURATED_ATTRIBUTION,PROVENANCE,FALSE,2026-09-27,Репрезентативная атрибуция автора из Frontier Graph 1.0.
E00337,E00337,F030,P056,PROPOSED_BY,S019,ATTRIBUTION,0.78,CURATED_ATTRIBUTION,PROVENANCE,FALSE,2026-09-27,Репрезентативная атрибуция автора из Frontier Graph 1.0.
E00338,E00338,F030,P057,PROPOSED_BY,S019,ATTRIBUTION,0.78,CURATED_ATTRIBUTION,PROVENANCE,FALSE,2026-09-27,Репрезентативная атрибуция автора из Frontier Graph 1.0.
E00339,E00339,F030,P058,PROPOSED_BY,S019,ATTRIBUTION,0.78,CURATED_ATTRIBUTION,PROVENANCE,FALSE,2026-09-27,Репрезентативная атрибуция автора из Frontier Graph 1.0.
E00340,E00340,F030,P059,PROPOSED_BY,S019,ATTRIBUTION,0.78,CURATED_ATTRIBUTION,PROVENANCE,FALSE,2026-09-27,Репрезентативная атрибуция автора из Frontier Graph 1.0.
E00341,E00341,F030,T011,USES,S019,NODE_SUPPORT_ONLY,0.66,AUTO_CURATED_NEEDS_RELATION_EVIDENCE,ENABLING,FALSE,2026-09-27,Семантическая курация M3 бывшей связи MAPS_TO_TECHNOLOGY. Источник подтверждает фронтирный узел; прямое доказательство самой связи всё ещё требует экспертной проверки.
E00342,E00342,F030,T012,USES,S019,NODE_SUPPORT_ONLY,0.66,AUTO_CURATED_NEEDS_RELATION_EVIDENCE,ENABLING,FALSE,2026-09-27,Семантическая курация M3 бывшей связи MAPS_TO_TECHNOLOGY. Источник подтверждает фронтирный узел; прямое доказательство самой связи всё ещё требует экспертной проверки.
E00343,E00343,F030,T013,USES,S019,NODE_SUPPORT_ONLY,0.66,AUTO_CURATED_NEEDS_RELATION_EVIDENCE,ENABLING,FALSE,2026-09-27,Семантическая курация M3 бывшей связи MAPS_TO_TECHNOLOGY. Источник подтверждает фронтирный узел; прямое доказательство самой связи всё ещё требует экспертной проверки.
E00344,E00344,F030,T014,USES,S019,NODE_SUPPORT_ONLY,0.66,AUTO_CURATED_NEEDS_RELATION_EVIDENCE,ENABLING,FALSE,2026-09-27,Семантическая курация M3 бывшей связи MAPS_TO_TECHNOLOGY. Источник подтверждает фронтирный узел; прямое доказательство самой связи всё ещё требует экспертной проверки.
E00345,E00345,F030,M133,INCREASES_CAPACITY_OF,S019,NODE_SUPPORT_ONLY,0.58,AUTO_CURATED_NEEDS_RELATION_EVIDENCE,THEMATIC,FALSE,2026-09-27,Семантическая курация M3 бывшей связи CONTRIBUTES_TO_MEGAPROJECT. До отдельного подтверждения это системная интерпретация SINERGY.
E00346,E00346,F030,M150,INCREASES_CAPACITY_OF,S019,NODE_SUPPORT_ONLY,0.58,AUTO_CURATED_NEEDS_RELATION_EVIDENCE,THEMATIC,FALSE,2026-09-27,Семантическая курация M3 бывшей связи CONTRIBUTES_TO_MEGAPROJECT. До отдельного подтверждения это системная интерпретация SINERGY.
E00347,E00347,S024,F031,VALIDATES,S024,PROVENANCE,0.95,VERIFIED_PROVENANCE,EVIDENTIAL,TRUE,2026-09-27,Каноническое происхождение подтверждено источником.
E00348,E00348,F031,P060,PROPOSED_BY,S024,ATTRIBUTION,0.78,CURATED_ATTRIBUTION,PROVENANCE,FALSE,2026-09-27,Репрезентативная атрибуция автора из Frontier Graph 1.0.
E00349,E00349,F031,P061,PROPOSED_BY,S024,ATTRIBUTION,0.78,CURATED_ATTRIBUTION,PROVENANCE,FALSE,2026-09-27,Репрезентативная атрибуция автора из Frontier Graph 1.0.
E00350,E00350,F031,P062,PROPOSED_BY,S024,ATTRIBUTION,0.78,CURATED_ATTRIBUTION,PROVENANCE,FALSE,2026-09-27,Репрезентативная атрибуция автора из Frontier Graph 1.0.
E00351,E00351,F031,T011,DEPENDS_ON,S024,NODE_SUPPORT_ONLY,0.56,AUTO_CURATED_NEEDS_RELATION_EVIDENCE,THEMATIC,FALSE,2026-09-27,Семантическая курация M3 бывшей связи MAPS_TO_TECHNOLOGY. Источник подтверждает фронтирный узел; прямое доказательство самой связи всё ещё требует экспертной проверки.
E00352,E00352,F031,T012,DEPENDS_ON,S024,NODE_SUPPORT_ONLY,0.56,AUTO_CURATED_NEEDS_RELATION_EVIDENCE,THEMATIC,FALSE,2026-09-27,Семантическая курация M3 бывшей связи MAPS_TO_TECHNOLOGY. Источник подтверждает фронтирный узел; прямое доказательство самой связи всё ещё требует экспертной проверки.
E00353,E00353,F031,T013,DEPENDS_ON,S024,NODE_SUPPORT_ONLY,0.56,AUTO_CURATED_NEEDS_RELATION_EVIDENCE,THEMATIC,FALSE,2026-09-27,Семантическая курация M3 бывшей связи MAPS_TO_TECHNOLOGY. Источник подтверждает фронтирный узел; прямое доказательство самой связи всё ещё требует экспертной проверки.
E00354,E00354,F031,T014,DEPENDS_ON,S024,NODE_SUPPORT_ONLY,0.56,AUTO_CURATED_NEEDS_RELATION_EVIDENCE,THEMATIC,FALSE,2026-09-27,Семантическая курация M3 бывшей связи MAPS_TO_TECHNOLOGY. Источник подтверждает фронтирный узел; прямое доказательство самой связи всё ещё требует экспертной проверки.
E00355,E00355,F031,M133,INCREASES_CAPACITY_OF,S024,NODE_SUPPORT_ONLY,0.58,AUTO_CURATED_NEEDS_RELATION_EVIDENCE,THEMATIC,FALSE,2026-09-27,Семантическая курация M3 бывшей связи CONTRIBUTES_TO_MEGAPROJECT. До отдельного подтверждения это системная интерпретация SINERGY.
E00356,E00356,F031,M150,INCREASES_CAPACITY_OF,S024,NODE_SUPPORT_ONLY,0.58,AUTO_CURATED_NEEDS_RELATION_EVIDENCE,THEMATIC,FALSE,2026-09-27,Семантическая курация M3 бывшей связи CONTRIBUTES_TO_MEGAPROJECT. До отдельного подтверждения это системная интерпретация SINERGY.
E00357,E00357,S025,F032,VALIDATES,S025,PROVENANCE,0.95,VERIFIED_PROVENANCE,EVIDENTIAL,TRUE,2026-09-27,Каноническое происхождение подтверждено источником.
E00358,E00358,F032,P063,PROPOSED_BY,S025,ATTRIBUTION,0.78,CURATED_ATTRIBUTION,PROVENANCE,FALSE,2026-09-27,Репрезентативная атрибуция автора из Frontier Graph 1.0.
E00359,E00359,F032,P064,PROPOSED_BY,S025,ATTRIBUTION,0.78,CURATED_ATTRIBUTION,PROVENANCE,FALSE,2026-09-27,Репрезентативная атрибуция автора из Frontier Graph 1.0.
E00360,E00360,F032,P065,PROPOSED_BY,S025,ATTRIBUTION,0.78,CURATED_ATTRIBUTION,PROVENANCE,FALSE,2026-09-27,Репрезентативная атрибуция автора из Frontier Graph 1.0.
E00361,E00361,F032,P066,PROPOSED_BY,S025,ATTRIBUTION,0.78,CURATED_ATTRIBUTION,PROVENANCE,FALSE,2026-09-27,Репрезентативная атрибуция автора из Frontier Graph 1.0.
E00362,E00362,F032,P058,PROPOSED_BY,S025,ATTRIBUTION,0.78,CURATED_ATTRIBUTION,PROVENANCE,FALSE,2026-09-27,Репрезентативная атрибуция автора из Frontier Graph 1.0.
E00363,E00363,F032,P053,PROPOSED_BY,S025,ATTRIBUTION,0.78,CURATED_ATTRIBUTION,PROVENANCE,FALSE,2026-09-27,Репрезентативная атрибуция автора из Frontier Graph 1.0.
E00364,E00364,F032,T011,USES,S025,NODE_SUPPORT_ONLY,0.66,AUTO_CURATED_NEEDS_RELATION_EVIDENCE,ENABLING,FALSE,2026-09-27,Семантическая курация M3 бывшей связи MAPS_TO_TECHNOLOGY. Источник подтверждает фронтирный узел; прямое доказательство самой связи всё ещё требует экспертной проверки.
E00365,E00365,F032,T012,USES,S025,NODE_SUPPORT_ONLY,0.66,AUTO_CURATED_NEEDS_RELATION_EVIDENCE,ENABLING,FALSE,2026-09-27,Семантическая курация M3 бывшей связи MAPS_TO_TECHNOLOGY. Источник подтверждает фронтирный узел; прямое доказательство самой связи всё ещё требует экспертной проверки.
E00366,E00366,F032,T013,USES,S025,NODE_SUPPORT_ONLY,0.66,AUTO_CURATED_NEEDS_RELATION_EVIDENCE,ENABLING,FALSE,2026-09-27,Семантическая курация M3 бывшей связи MAPS_TO_TECHNOLOGY. Источник подтверждает фронтирный узел; прямое доказательство самой связи всё ещё требует экспертной проверки.
E00367,E00367,F032,T014,USES,S025,NODE_SUPPORT_ONLY,0.66,AUTO_CURATED_NEEDS_RELATION_EVIDENCE,ENABLING,FALSE,2026-09-27,Семантическая курация M3 бывшей связи MAPS_TO_TECHNOLOGY. Источник подтверждает фронтирный узел; прямое доказательство самой связи всё ещё требует экспертной проверки.
E00368,E00368,F032,M133,INCREASES_CAPACITY_OF,S025,NODE_SUPPORT_ONLY,0.58,AUTO_CURATED_NEEDS_RELATION_EVIDENCE,THEMATIC,FALSE,2026-09-27,Семантическая курация M3 бывшей связи CONTRIBUTES_TO_MEGAPROJECT. До отдельного подтверждения это системная интерпретация SINERGY.
E00369,E00369,F032,M150,INCREASES_CAPACITY_OF,S025,NODE_SUPPORT_ONLY,0.58,AUTO_CURATED_NEEDS_RELATION_EVIDENCE,THEMATIC,FALSE,2026-09-27,Семантическая курация M3 бывшей связи CONTRIBUTES_TO_MEGAPROJECT. До отдельного подтверждения это системная интерпретация SINERGY.
E00370,E00370,S026,F033,VALIDATES,S026,PROVENANCE,0.95,VERIFIED_PROVENANCE,EVIDENTIAL,TRUE,2026-09-27,Каноническое происхождение подтверждено источником.
E00371,E00371,F033,P053,PROPOSED_BY,S026,ATTRIBUTION,0.78,CURATED_ATTRIBUTION,PROVENANCE,FALSE,2026-09-27,Репрезентативная атрибуция автора из Frontier Graph 1.0.
E00372,E00372,F033,P055,PROPOSED_BY,S026,ATTRIBUTION,0.78,CURATED_ATTRIBUTION,PROVENANCE,FALSE,2026-09-27,Репрезентативная атрибуция автора из Frontier Graph 1.0.
E00373,E00373,F033,P067,PROPOSED_BY,S026,ATTRIBUTION,0.78,CURATED_ATTRIBUTION,PROVENANCE,FALSE,2026-09-27,Репрезентативная атрибуция автора из Frontier Graph 1.0.
E00374,E00374,F033,T002,DEPENDS_ON,S026,NODE_SUPPORT_ONLY,0.56,AUTO_CURATED_NEEDS_RELATION_EVIDENCE,THEMATIC,FALSE,2026-09-27,Семантическая курация M3 бывшей связи MAPS_TO_TECHNOLOGY. Источник подтверждает фронтирный узел; прямое доказательство самой связи всё ещё требует экспертной проверки.
E00375,E00375,F033,M133,INCREASES_CAPACITY_OF,S026,NODE_SUPPORT_ONLY,0.58,AUTO_CURATED_NEEDS_RELATION_EVIDENCE,THEMATIC,FALSE,2026-09-27,Семантическая курация M3 бывшей связи CONTRIBUTES_TO_MEGAPROJECT. До отдельного подтверждения это системная интерпретация SINERGY.
E00376,E00376,F033,M150,INCREASES_CAPACITY_OF,S026,NODE_SUPPORT_ONLY,0.58,AUTO_CURATED_NEEDS_RELATION_EVIDENCE,THEMATIC,FALSE,2026-09-27,Семантическая курация M3 бывшей связи CONTRIBUTES_TO_MEGAPROJECT. До отдельного подтверждения это системная интерпретация SINERGY.
E00377,E00377,S027,F034,VALIDATES,S027,PROVENANCE,0.95,VERIFIED_PROVENANCE,EVIDENTIAL,TRUE,2026-09-27,Каноническое происхождение подтверждено источником.
E00378,E00378,F034,P068,PROPOSED_BY,S027,ATTRIBUTION,0.78,CURATED_ATTRIBUTION,PROVENANCE,FALSE,2026-09-27,Репрезентативная атрибуция автора из Frontier Graph 1.0.
E00379,E00379,F034,T002,DEPENDS_ON,S027,NODE_SUPPORT_ONLY,0.56,AUTO_CURATED_NEEDS_RELATION_EVIDENCE,THEMATIC,FALSE,2026-09-27,Семантическая курация M3 бывшей связи MAPS_TO_TECHNOLOGY. Источник подтверждает фронтирный узел; прямое доказательство самой связи всё ещё требует экспертной проверки.
E00380,E00380,F034,M133,INCREASES_CAPACITY_OF,S027,NODE_SUPPORT_ONLY,0.58,AUTO_CURATED_NEEDS_RELATION_EVIDENCE,THEMATIC,FALSE,2026-09-27,Семантическая курация M3 бывшей связи CONTRIBUTES_TO_MEGAPROJECT. До отдельного подтверждения это системная интерпретация SINERGY.
E00381,E00381,F034,M150,INCREASES_CAPACITY_OF,S027,NODE_SUPPORT_ONLY,0.58,AUTO_CURATED_NEEDS_RELATION_EVIDENCE,THEMATIC,FALSE,2026-09-27,Семантическая курация M3 бывшей связи CONTRIBUTES_TO_MEGAPROJECT. До отдельного подтверждения это системная интерпретация SINERGY.
E00382,E00382,S028,F035,VALIDATES,S028,PROVENANCE,0.95,VERIFIED_PROVENANCE,EVIDENTIAL,TRUE,2026-09-27,Каноническое происхождение подтверждено источником.
E00383,E00383,F035,P069,PROPOSED_BY,S028,ATTRIBUTION,0.78,CURATED_ATTRIBUTION,PROVENANCE,FALSE,2026-09-27,Репрезентативная атрибуция автора из Frontier Graph 1.0.
E00384,E00384,F035,I020,PROPOSED_BY,S028,ATTRIBUTION,0.68,CURATED_PROGRAM_ASSOCIATION,PROVENANCE,FALSE,2026-09-27,Репрезентативная связь с институтом или программой; это не утверждение о финансировании.
E00385,E00385,F035,T011,USES,S028,NODE_SUPPORT_ONLY,0.66,AUTO_CURATED_NEEDS_RELATION_EVIDENCE,ENABLING,FALSE,2026-09-27,Семантическая курация M3 бывшей связи MAPS_TO_TECHNOLOGY. Источник подтверждает фронтирный узел; прямое доказательство самой связи всё ещё требует экспертной проверки.
E00386,E00386,F035,T012,USES,S028,NODE_SUPPORT_ONLY,0.66,AUTO_CURATED_NEEDS_RELATION_EVIDENCE,ENABLING,FALSE,2026-09-27,Семантическая курация M3 бывшей связи MAPS_TO_TECHNOLOGY. Источник подтверждает фронтирный узел; прямое доказательство самой связи всё ещё требует экспертной проверки.
E00387,E00387,F035,T013,USES,S028,NODE_SUPPORT_ONLY,0.66,AUTO_CURATED_NEEDS_RELATION_EVIDENCE,ENABLING,FALSE,2026-09-27,Семантическая курация M3 бывшей связи MAPS_TO_TECHNOLOGY. Источник подтверждает фронтирный узел; прямое доказательство самой связи всё ещё требует экспертной проверки.
E00388,E00388,F035,T014,USES,S028,NODE_SUPPORT_ONLY,0.66,AUTO_CURATED_NEEDS_RELATION_EVIDENCE,ENABLING,FALSE,2026-09-27,Семантическая курация M3 бывшей связи MAPS_TO_TECHNOLOGY. Источник подтверждает фронтирный узел; прямое доказательство самой связи всё ещё требует экспертной проверки.
E00389,E00389,F035,M150,ENABLES,S028,NODE_SUPPORT_ONLY,0.52,AUTO_CURATED_NEEDS_RELATION_EVIDENCE,THEMATIC,FALSE,2026-09-27,Семантическая курация M3 бывшей связи CONTRIBUTES_TO_MEGAPROJECT. До отдельного подтверждения это системная интерпретация SINERGY.
E00390,E00390,S029,F036,VALIDATES,S029,PROVENANCE,0.95,VERIFIED_PROVENANCE,EVIDENTIAL,TRUE,2026-09-27,Каноническое происхождение подтверждено источником.
E00391,E00391,F036,P070,PROPOSED_BY,S029,ATTRIBUTION,0.78,CURATED_ATTRIBUTION,PROVENANCE,FALSE,2026-09-27,Репрезентативная атрибуция автора из Frontier Graph 1.0.
E00392,E00392,F036,P071,PROPOSED_BY,S029,ATTRIBUTION,0.78,CURATED_ATTRIBUTION,PROVENANCE,FALSE,2026-09-27,Репрезентативная атрибуция автора из Frontier Graph 1.0.
E00393,E00393,F036,P072,PROPOSED_BY,S029,ATTRIBUTION,0.78,CURATED_ATTRIBUTION,PROVENANCE,FALSE,2026-09-27,Репрезентативная атрибуция автора из Frontier Graph 1.0.
E00394,E00394,F036,P073,PROPOSED_BY,S029,ATTRIBUTION,0.78,CURATED_ATTRIBUTION,PROVENANCE,FALSE,2026-09-27,Репрезентативная атрибуция автора из Frontier Graph 1.0.
E00395,E00395,F036,P074,PROPOSED_BY,S029,ATTRIBUTION,0.78,CURATED_ATTRIBUTION,PROVENANCE,FALSE,2026-09-27,Репрезентативная атрибуция автора из Frontier Graph 1.0.
E00396,E00396,F036,P075,PROPOSED_BY,S029,ATTRIBUTION,0.78,CURATED_ATTRIBUTION,PROVENANCE,FALSE,2026-09-27,Репрезентативная атрибуция автора из Frontier Graph 1.0.
E00397,E00397,F036,P076,PROPOSED_BY,S029,ATTRIBUTION,0.78,CURATED_ATTRIBUTION,PROVENANCE,FALSE,2026-09-27,Репрезентативная атрибуция автора из Frontier Graph 1.0.
E00398,E00398,F036,P077,PROPOSED_BY,S029,ATTRIBUTION,0.78,CURATED_ATTRIBUTION,PROVENANCE,FALSE,2026-09-27,Репрезентативная атрибуция автора из Frontier Graph 1.0.
E00399,E00399,F036,T001,DEPENDS_ON,S029,NODE_SUPPORT_ONLY,0.56,AUTO_CURATED_NEEDS_RELATION_EVIDENCE,THEMATIC,FALSE,2026-09-27,Семантическая курация M3 бывшей связи MAPS_TO_TECHNOLOGY. Источник подтверждает фронтирный узел; прямое доказательство самой связи всё ещё требует экспертной проверки.
E00400,E00400,F036,T010,DEPENDS_ON,S029,NODE_SUPPORT_ONLY,0.56,AUTO_CURATED_NEEDS_RELATION_EVIDENCE,THEMATIC,FALSE,2026-09-27,Семантическая курация M3 бывшей связи MAPS_TO_TECHNOLOGY. Источник подтверждает фронтирный узел; прямое доказательство самой связи всё ещё требует экспертной проверки.
E00401,E00401,F036,T020,DEPENDS_ON,S029,NODE_SUPPORT_ONLY,0.56,AUTO_CURATED_NEEDS_RELATION_EVIDENCE,THEMATIC,FALSE,2026-09-27,Семантическая курация M3 бывшей связи MAPS_TO_TECHNOLOGY. Источник подтверждает фронтирный узел; прямое доказательство самой связи всё ещё требует экспертной проверки.
E00402,E00402,F036,T011,DEPENDS_ON,S029,NODE_SUPPORT_ONLY,0.56,AUTO_CURATED_NEEDS_RELATION_EVIDENCE,THEMATIC,FALSE,2026-09-27,Семантическая курация M3 бывшей связи MAPS_TO_TECHNOLOGY. Источник подтверждает фронтирный узел; прямое доказательство самой связи всё ещё требует экспертной проверки.
E00403,E00403,F036,T012,DEPENDS_ON,S029,NODE_SUPPORT_ONLY,0.56,AUTO_CURATED_NEEDS_RELATION_EVIDENCE,THEMATIC,FALSE,2026-09-27,Семантическая курация M3 бывшей связи MAPS_TO_TECHNOLOGY. Источник подтверждает фронтирный узел; прямое доказательство самой связи всё ещё требует экспертной проверки.
E00404,E00404,F036,T013,DEPENDS_ON,S029,NODE_SUPPORT_ONLY,0.56,AUTO_CURATED_NEEDS_RELATION_EVIDENCE,THEMATIC,FALSE,2026-09-27,Семантическая курация M3 бывшей связи MAPS_TO_TECHNOLOGY. Источник подтверждает фронтирный узел; прямое доказательство самой связи всё ещё требует экспертной проверки.
E00405,E00405,F036,M134,INCREASES_CAPACITY_OF,S029,NODE_SUPPORT_ONLY,0.58,AUTO_CURATED_NEEDS_RELATION_EVIDENCE,THEMATIC,FALSE,2026-09-27,Семантическая курация M3 бывшей связи CONTRIBUTES_TO_MEGAPROJECT. До отдельного подтверждения это системная интерпретация SINERGY.
E00406,E00406,F036,M144,INCREASES_CAPACITY_OF,S029,NODE_SUPPORT_ONLY,0.58,AUTO_CURATED_NEEDS_RELATION_EVIDENCE,THEMATIC,FALSE,2026-09-27,Семантическая курация M3 бывшей связи CONTRIBUTES_TO_MEGAPROJECT. До отдельного подтверждения это системная интерпретация SINERGY.
E00407,E00407,S016,F037,VALIDATES,S016,PROVENANCE,0.95,VERIFIED_PROVENANCE,EVIDENTIAL,TRUE,2026-09-27,Каноническое происхождение подтверждено источником.
E00408,E00408,F037,P078,PROPOSED_BY,S016,ATTRIBUTION,0.78,CURATED_ATTRIBUTION,PROVENANCE,FALSE,2026-09-27,Репрезентативная атрибуция автора из Frontier Graph 1.0.
E00409,E00409,F037,T001,USES,S016,NODE_SUPPORT_ONLY,0.66,AUTO_CURATED_NEEDS_RELATION_EVIDENCE,ENABLING,FALSE,2026-09-27,Семантическая курация M3 бывшей связи MAPS_TO_TECHNOLOGY. Источник подтверждает фронтирный узел; прямое доказательство самой связи всё ещё требует экспертной проверки.
E00410,E00410,F037,T010,USES,S016,NODE_SUPPORT_ONLY,0.66,AUTO_CURATED_NEEDS_RELATION_EVIDENCE,ENABLING,FALSE,2026-09-27,Семантическая курация M3 бывшей связи MAPS_TO_TECHNOLOGY. Источник подтверждает фронтирный узел; прямое доказательство самой связи всё ещё требует экспертной проверки.
E00411,E00411,F037,T020,USES,S016,NODE_SUPPORT_ONLY,0.66,AUTO_CURATED_NEEDS_RELATION_EVIDENCE,ENABLING,FALSE,2026-09-27,Семантическая курация M3 бывшей связи MAPS_TO_TECHNOLOGY. Источник подтверждает фронтирный узел; прямое доказательство самой связи всё ещё требует экспертной проверки.
E00412,E00412,F037,T011,USES,S016,NODE_SUPPORT_ONLY,0.66,AUTO_CURATED_NEEDS_RELATION_EVIDENCE,ENABLING,FALSE,2026-09-27,Семантическая курация M3 бывшей связи MAPS_TO_TECHNOLOGY. Источник подтверждает фронтирный узел; прямое доказательство самой связи всё ещё требует экспертной проверки.
E00413,E00413,F037,T012,USES,S016,NODE_SUPPORT_ONLY,0.66,AUTO_CURATED_NEEDS_RELATION_EVIDENCE,ENABLING,FALSE,2026-09-27,Семантическая курация M3 бывшей связи MAPS_TO_TECHNOLOGY. Источник подтверждает фронтирный узел; прямое доказательство самой связи всё ещё требует экспертной проверки.
E00414,E00414,F037,T013,USES,S016,NODE_SUPPORT_ONLY,0.66,AUTO_CURATED_NEEDS_RELATION_EVIDENCE,ENABLING,FALSE,2026-09-27,Семантическая курация M3 бывшей связи MAPS_TO_TECHNOLOGY. Источник подтверждает фронтирный узел; прямое доказательство самой связи всё ещё требует экспертной проверки.
E00415,E00415,F037,M150,ENABLES,S016,NODE_SUPPORT_ONLY,0.52,AUTO_CURATED_NEEDS_RELATION_EVIDENCE,THEMATIC,FALSE,2026-09-27,Семантическая курация M3 бывшей связи CONTRIBUTES_TO_MEGAPROJECT. До отдельного подтверждения это системная интерпретация SINERGY.
E00416,E00416,S030,F038,VALIDATES,S030,PROVENANCE,0.95,VERIFIED_PROVENANCE,EVIDENTIAL,TRUE,2026-09-27,Каноническое происхождение подтверждено источником.
E00417,E00417,F038,P079,PROPOSED_BY,S030,ATTRIBUTION,0.78,CURATED_ATTRIBUTION,PROVENANCE,FALSE,2026-09-27,Репрезентативная атрибуция автора из Frontier Graph 1.0.
E00418,E00418,F038,P080,PROPOSED_BY,S030,ATTRIBUTION,0.78,CURATED_ATTRIBUTION,PROVENANCE,FALSE,2026-09-27,Репрезентативная атрибуция автора из Frontier Graph 1.0.
E00419,E00419,F038,P081,PROPOSED_BY,S030,ATTRIBUTION,0.78,CURATED_ATTRIBUTION,PROVENANCE,FALSE,2026-09-27,Репрезентативная атрибуция автора из Frontier Graph 1.0.
E00420,E00420,F038,P082,PROPOSED_BY,S030,ATTRIBUTION,0.78,CURATED_ATTRIBUTION,PROVENANCE,FALSE,2026-09-27,Репрезентативная атрибуция автора из Frontier Graph 1.0.
E00421,E00421,F038,T001,ENABLES,S030,NODE_SUPPORT_ONLY,0.70,AUTO_CURATED_NEEDS_RELATION_EVIDENCE,ENABLING,FALSE,2026-09-27,Семантическая курация M3 бывшей связи MAPS_TO_TECHNOLOGY. Источник подтверждает фронтирный узел; прямое доказательство самой связи всё ещё требует экспертной проверки.
E00422,E00422,F038,T010,DEPENDS_ON,S030,NODE_SUPPORT_ONLY,0.56,AUTO_CURATED_NEEDS_RELATION_EVIDENCE,THEMATIC,FALSE,2026-09-27,Семантическая курация M3 бывшей связи MAPS_TO_TECHNOLOGY. Источник подтверждает фронтирный узел; прямое доказательство самой связи всё ещё требует экспертной проверки.
E00423,E00423,F038,T020,DEPENDS_ON,S030,NODE_SUPPORT_ONLY,0.56,AUTO_CURATED_NEEDS_RELATION_EVIDENCE,THEMATIC,FALSE,2026-09-27,Семантическая курация M3 бывшей связи MAPS_TO_TECHNOLOGY. Источник подтверждает фронтирный узел; прямое доказательство самой связи всё ещё требует экспертной проверки.
E00424,E00424,F038,M150,ENABLES,S030,NODE_SUPPORT_ONLY,0.52,AUTO_CURATED_NEEDS_RELATION_EVIDENCE,THEMATIC,FALSE,2026-09-27,Семантическая курация M3 бывшей связи CONTRIBUTES_TO_MEGAPROJECT. До отдельного подтверждения это системная интерпретация SINERGY.
E00425,E00425,S031,F039,VALIDATES,S031,PROVENANCE,0.95,VERIFIED_PROVENANCE,EVIDENTIAL,TRUE,2026-09-27,Каноническое происхождение подтверждено источником.
E00426,E00426,F039,P083,PROPOSED_BY,S031,ATTRIBUTION,0.78,CURATED_ATTRIBUTION,PROVENANCE,FALSE,2026-09-27,Репрезентативная атрибуция автора из Frontier Graph 1.0.
E00427,E00427,F039,I021,PROPOSED_BY,S031,ATTRIBUTION,0.68,CURATED_PROGRAM_ASSOCIATION,PROVENANCE,FALSE,2026-09-27,Репрезентативная связь с институтом или программой; это не утверждение о финансировании.
E00428,E00428,F039,T021,ENABLES,S031,NODE_SUPPORT_ONLY,0.74,AUTO_CURATED_NEEDS_RELATION_EVIDENCE,ENABLING,FALSE,2026-09-27,Семантическая курация M3 бывшей связи MAPS_TO_TECHNOLOGY. Источник подтверждает фронтирный узел; прямое доказательство самой связи всё ещё требует экспертной проверки.
E00429,E00429,F039,T022,ENABLES,S031,NODE_SUPPORT_ONLY,0.74,AUTO_CURATED_NEEDS_RELATION_EVIDENCE,ENABLING,FALSE,2026-09-27,Семантическая курация M3 бывшей связи MAPS_TO_TECHNOLOGY. Источник подтверждает фронтирный узел; прямое доказательство самой связи всё ещё требует экспертной проверки.
E00430,E00430,F039,T023,ENABLES,S031,NODE_SUPPORT_ONLY,0.74,AUTO_CURATED_NEEDS_RELATION_EVIDENCE,ENABLING,FALSE,2026-09-27,Семантическая курация M3 бывшей связи MAPS_TO_TECHNOLOGY. Источник подтверждает фронтирный узел; прямое доказательство самой связи всё ещё требует экспертной проверки.
E00431,E00431,F039,T024,ENABLES,S031,NODE_SUPPORT_ONLY,0.74,AUTO_CURATED_NEEDS_RELATION_EVIDENCE,ENABLING,FALSE,2026-09-27,Семантическая курация M3 бывшей связи MAPS_TO_TECHNOLOGY. Источник подтверждает фронтирный узел; прямое доказательство самой связи всё ещё требует экспертной проверки.
E00432,E00432,F039,M133,INCREASES_CAPACITY_OF,S031,NODE_SUPPORT_ONLY,0.58,AUTO_CURATED_NEEDS_RELATION_EVIDENCE,THEMATIC,FALSE,2026-09-27,Семантическая курация M3 бывшей связи CONTRIBUTES_TO_MEGAPROJECT. До отдельного подтверждения это системная интерпретация SINERGY.
E00433,E00433,F039,M150,INCREASES_CAPACITY_OF,S031,NODE_SUPPORT_ONLY,0.58,AUTO_CURATED_NEEDS_RELATION_EVIDENCE,THEMATIC,FALSE,2026-09-27,Семантическая курация M3 бывшей связи CONTRIBUTES_TO_MEGAPROJECT. До отдельного подтверждения это системная интерпретация SINERGY.
E00434,E00434,F039,M134,INCREASES_CAPACITY_OF,S031,NODE_SUPPORT_ONLY,0.58,AUTO_CURATED_NEEDS_RELATION_EVIDENCE,THEMATIC,FALSE,2026-09-27,Семантическая курация M3 бывшей связи CONTRIBUTES_TO_MEGAPROJECT. До отдельного подтверждения это системная интерпретация SINERGY.
E00435,E00435,F039,M144,INCREASES_CAPACITY_OF,S031,NODE_SUPPORT_ONLY,0.58,AUTO_CURATED_NEEDS_RELATION_EVIDENCE,THEMATIC,FALSE,2026-09-27,Семантическая курация M3 бывшей связи CONTRIBUTES_TO_MEGAPROJECT. До отдельного подтверждения это системная интерпретация SINERGY.
E00436,E00436,S032,F040,VALIDATES,S032,PROVENANCE,0.95,VERIFIED_PROVENANCE,EVIDENTIAL,TRUE,2026-09-27,Каноническое происхождение подтверждено источником.
E00437,E00437,F040,P084,PROPOSED_BY,S032,ATTRIBUTION,0.78,CURATED_ATTRIBUTION,PROVENANCE,FALSE,2026-09-27,Репрезентативная атрибуция автора из Frontier Graph 1.0.
E00438,E00438,F040,P085,PROPOSED_BY,S032,ATTRIBUTION,0.78,CURATED_ATTRIBUTION,PROVENANCE,FALSE,2026-09-27,Репрезентативная атрибуция автора из Frontier Graph 1.0.
E00439,E00439,F040,P086,PROPOSED_BY,S032,ATTRIBUTION,0.78,CURATED_ATTRIBUTION,PROVENANCE,FALSE,2026-09-27,Репрезентативная атрибуция автора из Frontier Graph 1.0.
E00440,E00440,F040,T021,DEPENDS_ON,S032,NODE_SUPPORT_ONLY,0.56,AUTO_CURATED_NEEDS_RELATION_EVIDENCE,THEMATIC,FALSE,2026-09-27,Семантическая курация M3 бывшей связи MAPS_TO_TECHNOLOGY. Источник подтверждает фронтирный узел; прямое доказательство самой связи всё ещё требует экспертной проверки.
E00441,E00441,F040,T022,DEPENDS_ON,S032,NODE_SUPPORT_ONLY,0.56,AUTO_CURATED_NEEDS_RELATION_EVIDENCE,THEMATIC,FALSE,2026-09-27,Семантическая курация M3 бывшей связи MAPS_TO_TECHNOLOGY. Источник подтверждает фронтирный узел; прямое доказательство самой связи всё ещё требует экспертной проверки.
E00442,E00442,F040,T023,DEPENDS_ON,S032,NODE_SUPPORT_ONLY,0.56,AUTO_CURATED_NEEDS_RELATION_EVIDENCE,THEMATIC,FALSE,2026-09-27,Семантическая курация M3 бывшей связи MAPS_TO_TECHNOLOGY. Источник подтверждает фронтирный узел; прямое доказательство самой связи всё ещё требует экспертной проверки.
E00443,E00443,F040,T024,DEPENDS_ON,S032,NODE_SUPPORT_ONLY,0.56,AUTO_CURATED_NEEDS_RELATION_EVIDENCE,THEMATIC,FALSE,2026-09-27,Семантическая курация M3 бывшей связи MAPS_TO_TECHNOLOGY. Источник подтверждает фронтирный узел; прямое доказательство самой связи всё ещё требует экспертной проверки.
E00444,E00444,F040,M133,INCREASES_CAPACITY_OF,S032,NODE_SUPPORT_ONLY,0.58,AUTO_CURATED_NEEDS_RELATION_EVIDENCE,THEMATIC,FALSE,2026-09-27,Семантическая курация M3 бывшей связи CONTRIBUTES_TO_MEGAPROJECT. До отдельного подтверждения это системная интерпретация SINERGY.
E00445,E00445,F040,M150,INCREASES_CAPACITY_OF,S032,NODE_SUPPORT_ONLY,0.58,AUTO_CURATED_NEEDS_RELATION_EVIDENCE,THEMATIC,FALSE,2026-09-27,Семантическая курация M3 бывшей связи CONTRIBUTES_TO_MEGAPROJECT. До отдельного подтверждения это системная интерпретация SINERGY.
E00446,E00446,F040,M134,INCREASES_CAPACITY_OF,S032,NODE_SUPPORT_ONLY,0.58,AUTO_CURATED_NEEDS_RELATION_EVIDENCE,THEMATIC,FALSE,2026-09-27,Семантическая курация M3 бывшей связи CONTRIBUTES_TO_MEGAPROJECT. До отдельного подтверждения это системная интерпретация SINERGY.
E00447,E00447,F040,M144,INCREASES_CAPACITY_OF,S032,NODE_SUPPORT_ONLY,0.58,AUTO_CURATED_NEEDS_RELATION_EVIDENCE,THEMATIC,FALSE,2026-09-27,Семантическая курация M3 бывшей связи CONTRIBUTES_TO_MEGAPROJECT. До отдельного подтверждения это системная интерпретация SINERGY.
E00448,E00448,S033,F041,VALIDATES,S033,PROVENANCE,0.95,VERIFIED_PROVENANCE,EVIDENTIAL,TRUE,2026-09-27,Каноническое происхождение подтверждено источником.
E00449,E00449,F041,I022,PROPOSED_BY,S033,ATTRIBUTION,0.68,CURATED_PROGRAM_ASSOCIATION,PROVENANCE,FALSE,2026-09-27,Репрезентативная связь с институтом или программой; это не утверждение о финансировании.
E00450,E00450,F041,T021,ENABLES,S033,NODE_SUPPORT_ONLY,0.74,AUTO_CURATED_NEEDS_RELATION_EVIDENCE,ENABLING,FALSE,2026-09-27,Семантическая курация M3 бывшей связи MAPS_TO_TECHNOLOGY. Источник подтверждает фронтирный узел; прямое доказательство самой связи всё ещё требует экспертной проверки.
E00451,E00451,F041,T022,ENABLES,S033,NODE_SUPPORT_ONLY,0.74,AUTO_CURATED_NEEDS_RELATION_EVIDENCE,ENABLING,FALSE,2026-09-27,Семантическая курация M3 бывшей связи MAPS_TO_TECHNOLOGY. Источник подтверждает фронтирный узел; прямое доказательство самой связи всё ещё требует экспертной проверки.
E00452,E00452,F041,T023,ENABLES,S033,NODE_SUPPORT_ONLY,0.74,AUTO_CURATED_NEEDS_RELATION_EVIDENCE,ENABLING,FALSE,2026-09-27,Семантическая курация M3 бывшей связи MAPS_TO_TECHNOLOGY. Источник подтверждает фронтирный узел; прямое доказательство самой связи всё ещё требует экспертной проверки.
E00453,E00453,F041,T024,ENABLES,S033,NODE_SUPPORT_ONLY,0.74,AUTO_CURATED_NEEDS_RELATION_EVIDENCE,ENABLING,FALSE,2026-09-27,Семантическая курация M3 бывшей связи MAPS_TO_TECHNOLOGY. Источник подтверждает фронтирный узел; прямое доказательство самой связи всё ещё требует экспертной проверки.
E00454,E00454,F041,M134,INCREASES_CAPACITY_OF,S033,NODE_SUPPORT_ONLY,0.58,AUTO_CURATED_NEEDS_RELATION_EVIDENCE,THEMATIC,FALSE,2026-09-27,Семантическая курация M3 бывшей связи CONTRIBUTES_TO_MEGAPROJECT. До отдельного подтверждения это системная интерпретация SINERGY.
E00455,E00455,F041,M144,INCREASES_CAPACITY_OF,S033,NODE_SUPPORT_ONLY,0.58,AUTO_CURATED_NEEDS_RELATION_EVIDENCE,THEMATIC,FALSE,2026-09-27,Семантическая курация M3 бывшей связи CONTRIBUTES_TO_MEGAPROJECT. До отдельного подтверждения это системная интерпретация SINERGY.
E00456,E00456,S034,F042,VALIDATES,S034,PROVENANCE,0.95,VERIFIED_PROVENANCE,EVIDENTIAL,TRUE,2026-09-27,Каноническое происхождение подтверждено источником.
E00457,E00457,F042,P087,PROPOSED_BY,S034,ATTRIBUTION,0.78,CURATED_ATTRIBUTION,PROVENANCE,FALSE,2026-09-27,Репрезентативная атрибуция автора из Frontier Graph 1.0.
E00458,E00458,F042,I008,PROPOSED_BY,S034,ATTRIBUTION,0.68,CURATED_PROGRAM_ASSOCIATION,PROVENANCE,FALSE,2026-09-27,Репрезентативная связь с институтом или программой; это не утверждение о финансировании.
E00459,E00459,F042,T021,ENABLES,S034,NODE_SUPPORT_ONLY,0.74,AUTO_CURATED_NEEDS_RELATION_EVIDENCE,ENABLING,FALSE,2026-09-27,Семантическая курация M3 бывшей связи MAPS_TO_TECHNOLOGY. Источник подтверждает фронтирный узел; прямое доказательство самой связи всё ещё требует экспертной проверки.
E00460,E00460,F042,T022,ENABLES,S034,NODE_SUPPORT_ONLY,0.74,AUTO_CURATED_NEEDS_RELATION_EVIDENCE,ENABLING,FALSE,2026-09-27,Семантическая курация M3 бывшей связи MAPS_TO_TECHNOLOGY. Источник подтверждает фронтирный узел; прямое доказательство самой связи всё ещё требует экспертной проверки.
E00461,E00461,F042,T023,ENABLES,S034,NODE_SUPPORT_ONLY,0.74,AUTO_CURATED_NEEDS_RELATION_EVIDENCE,ENABLING,FALSE,2026-09-27,Семантическая курация M3 бывшей связи MAPS_TO_TECHNOLOGY. Источник подтверждает фронтирный узел; прямое доказательство самой связи всё ещё требует экспертной проверки.
E00462,E00462,F042,T024,ENABLES,S034,NODE_SUPPORT_ONLY,0.74,AUTO_CURATED_NEEDS_RELATION_EVIDENCE,ENABLING,FALSE,2026-09-27,Семантическая курация M3 бывшей связи MAPS_TO_TECHNOLOGY. Источник подтверждает фронтирный узел; прямое доказательство самой связи всё ещё требует экспертной проверки.
E00463,E00463,F042,M133,INCREASES_CAPACITY_OF,S034,NODE_SUPPORT_ONLY,0.58,AUTO_CURATED_NEEDS_RELATION_EVIDENCE,THEMATIC,FALSE,2026-09-27,Семантическая курация M3 бывшей связи CONTRIBUTES_TO_MEGAPROJECT. До отдельного подтверждения это системная интерпретация SINERGY.
E00464,E00464,F042,M150,INCREASES_CAPACITY_OF,S034,NODE_SUPPORT_ONLY,0.58,AUTO_CURATED_NEEDS_RELATION_EVIDENCE,THEMATIC,FALSE,2026-09-27,Семантическая курация M3 бывшей связи CONTRIBUTES_TO_MEGAPROJECT. До отдельного подтверждения это системная интерпретация SINERGY.
E00465,E00465,F042,M134,INCREASES_CAPACITY_OF,S034,NODE_SUPPORT_ONLY,0.58,AUTO_CURATED_NEEDS_RELATION_EVIDENCE,THEMATIC,FALSE,2026-09-27,Семантическая курация M3 бывшей связи CONTRIBUTES_TO_MEGAPROJECT. До отдельного подтверждения это системная интерпретация SINERGY.
E00466,E00466,F042,M144,INCREASES_CAPACITY_OF,S034,NODE_SUPPORT_ONLY,0.58,AUTO_CURATED_NEEDS_RELATION_EVIDENCE,THEMATIC,FALSE,2026-09-27,Семантическая курация M3 бывшей связи CONTRIBUTES_TO_MEGAPROJECT. До отдельного подтверждения это системная интерпретация SINERGY.
E00467,E00467,S005,F043,VALIDATES,S005,PROVENANCE,0.95,VERIFIED_PROVENANCE,EVIDENTIAL,TRUE,2026-09-27,Каноническое происхождение подтверждено источником.
E00468,E00468,F043,I023,PROPOSED_BY,S005,ATTRIBUTION,0.68,CURATED_PROGRAM_ASSOCIATION,PROVENANCE,FALSE,2026-09-27,Репрезентативная связь с институтом или программой; это не утверждение о финансировании.
E00469,E00469,F043,T021,DEPENDS_ON,S005,NODE_SUPPORT_ONLY,0.56,AUTO_CURATED_NEEDS_RELATION_EVIDENCE,THEMATIC,FALSE,2026-09-27,Семантическая курация M3 бывшей связи MAPS_TO_TECHNOLOGY. Источник подтверждает фронтирный узел; прямое доказательство самой связи всё ещё требует экспертной проверки.
E00470,E00470,F043,T022,DEPENDS_ON,S005,NODE_SUPPORT_ONLY,0.56,AUTO_CURATED_NEEDS_RELATION_EVIDENCE,THEMATIC,FALSE,2026-09-27,Семантическая курация M3 бывшей связи MAPS_TO_TECHNOLOGY. Источник подтверждает фронтирный узел; прямое доказательство самой связи всё ещё требует экспертной проверки.
E00471,E00471,F043,T023,DEPENDS_ON,S005,NODE_SUPPORT_ONLY,0.56,AUTO_CURATED_NEEDS_RELATION_EVIDENCE,THEMATIC,FALSE,2026-09-27,Семантическая курация M3 бывшей связи MAPS_TO_TECHNOLOGY. Источник подтверждает фронтирный узел; прямое доказательство самой связи всё ещё требует экспертной проверки.
E00472,E00472,F043,T024,DEPENDS_ON,S005,NODE_SUPPORT_ONLY,0.56,AUTO_CURATED_NEEDS_RELATION_EVIDENCE,THEMATIC,FALSE,2026-09-27,Семантическая курация M3 бывшей связи MAPS_TO_TECHNOLOGY. Источник подтверждает фронтирный узел; прямое доказательство самой связи всё ещё требует экспертной проверки.
E00473,E00473,F043,M133,INCREASES_CAPACITY_OF,S005,NODE_SUPPORT_ONLY,0.58,AUTO_CURATED_NEEDS_RELATION_EVIDENCE,THEMATIC,FALSE,2026-09-27,Семантическая курация M3 бывшей связи CONTRIBUTES_TO_MEGAPROJECT. До отдельного подтверждения это системная интерпретация SINERGY.
E00474,E00474,F043,M150,INCREASES_CAPACITY_OF,S005,NODE_SUPPORT_ONLY,0.58,AUTO_CURATED_NEEDS_RELATION_EVIDENCE,THEMATIC,FALSE,2026-09-27,Семантическая курация M3 бывшей связи CONTRIBUTES_TO_MEGAPROJECT. До отдельного подтверждения это системная интерпретация SINERGY.
E00475,E00475,F043,M134,INCREASES_CAPACITY_OF,S005,NODE_SUPPORT_ONLY,0.58,AUTO_CURATED_NEEDS_RELATION_EVIDENCE,THEMATIC,FALSE,2026-09-27,Семантическая курация M3 бывшей связи CONTRIBUTES_TO_MEGAPROJECT. До отдельного подтверждения это системная интерпретация SINERGY.
E00476,E00476,F043,M144,INCREASES_CAPACITY_OF,S005,NODE_SUPPORT_ONLY,0.58,AUTO_CURATED_NEEDS_RELATION_EVIDENCE,THEMATIC,FALSE,2026-09-27,Семантическая курация M3 бывшей связи CONTRIBUTES_TO_MEGAPROJECT. До отдельного подтверждения это системная интерпретация SINERGY.
E00477,E00477,S005,F044,VALIDATES,S005,PROVENANCE,0.95,VERIFIED_PROVENANCE,EVIDENTIAL,TRUE,2026-09-27,Каноническое происхождение подтверждено источником.
E00478,E00478,F044,I008,PROPOSED_BY,S005,ATTRIBUTION,0.68,CURATED_PROGRAM_ASSOCIATION,PROVENANCE,FALSE,2026-09-27,Репрезентативная связь с институтом или программой; это не утверждение о финансировании.
E00479,E00479,F044,T021,ENABLES,S005,NODE_SUPPORT_ONLY,0.74,AUTO_CURATED_NEEDS_RELATION_EVIDENCE,ENABLING,FALSE,2026-09-27,Семантическая курация M3 бывшей связи MAPS_TO_TECHNOLOGY. Источник подтверждает фронтирный узел; прямое доказательство самой связи всё ещё требует экспертной проверки.
E00480,E00480,F044,T022,ENABLES,S005,NODE_SUPPORT_ONLY,0.74,AUTO_CURATED_NEEDS_RELATION_EVIDENCE,ENABLING,FALSE,2026-09-27,Семантическая курация M3 бывшей связи MAPS_TO_TECHNOLOGY. Источник подтверждает фронтирный узел; прямое доказательство самой связи всё ещё требует экспертной проверки.
E00481,E00481,F044,T023,ENABLES,S005,NODE_SUPPORT_ONLY,0.74,AUTO_CURATED_NEEDS_RELATION_EVIDENCE,ENABLING,FALSE,2026-09-27,Семантическая курация M3 бывшей связи MAPS_TO_TECHNOLOGY. Источник подтверждает фронтирный узел; прямое доказательство самой связи всё ещё требует экспертной проверки.
E00482,E00482,F044,T024,ENABLES,S005,NODE_SUPPORT_ONLY,0.74,AUTO_CURATED_NEEDS_RELATION_EVIDENCE,ENABLING,FALSE,2026-09-27,Семантическая курация M3 бывшей связи MAPS_TO_TECHNOLOGY. Источник подтверждает фронтирный узел; прямое доказательство самой связи всё ещё требует экспертной проверки.
E00483,E00483,F044,M133,INCREASES_CAPACITY_OF,S005,NODE_SUPPORT_ONLY,0.58,AUTO_CURATED_NEEDS_RELATION_EVIDENCE,THEMATIC,FALSE,2026-09-27,Семантическая курация M3 бывшей связи CONTRIBUTES_TO_MEGAPROJECT. До отдельного подтверждения это системная интерпретация SINERGY.
E00484,E00484,F044,M150,INCREASES_CAPACITY_OF,S005,NODE_SUPPORT_ONLY,0.58,AUTO_CURATED_NEEDS_RELATION_EVIDENCE,THEMATIC,FALSE,2026-09-27,Семантическая курация M3 бывшей связи CONTRIBUTES_TO_MEGAPROJECT. До отдельного подтверждения это системная интерпретация SINERGY.
E00485,E00485,S035,F045,VALIDATES,S035,PROVENANCE,0.95,VERIFIED_PROVENANCE,EVIDENTIAL,TRUE,2026-09-27,Каноническое происхождение подтверждено источником.
E00486,E00486,F045,I008,PROPOSED_BY,S035,ATTRIBUTION,0.68,CURATED_PROGRAM_ASSOCIATION,PROVENANCE,FALSE,2026-09-27,Репрезентативная связь с институтом или программой; это не утверждение о финансировании.
E00487,E00487,F045,T021,INCREASES_CAPACITY_OF,S035,NODE_SUPPORT_ONLY,0.72,AUTO_CURATED_NEEDS_RELATION_EVIDENCE,ENABLING,FALSE,2026-09-27,Семантическая курация M3 бывшей связи MAPS_TO_TECHNOLOGY. Источник подтверждает фронтирный узел; прямое доказательство самой связи всё ещё требует экспертной проверки.
E00488,E00488,F045,T022,INCREASES_CAPACITY_OF,S035,NODE_SUPPORT_ONLY,0.72,AUTO_CURATED_NEEDS_RELATION_EVIDENCE,ENABLING,FALSE,2026-09-27,Семантическая курация M3 бывшей связи MAPS_TO_TECHNOLOGY. Источник подтверждает фронтирный узел; прямое доказательство самой связи всё ещё требует экспертной проверки.
E00489,E00489,F045,T023,INCREASES_CAPACITY_OF,S035,NODE_SUPPORT_ONLY,0.72,AUTO_CURATED_NEEDS_RELATION_EVIDENCE,ENABLING,FALSE,2026-09-27,Семантическая курация M3 бывшей связи MAPS_TO_TECHNOLOGY. Источник подтверждает фронтирный узел; прямое доказательство самой связи всё ещё требует экспертной проверки.
E00490,E00490,F045,T024,INCREASES_CAPACITY_OF,S035,NODE_SUPPORT_ONLY,0.72,AUTO_CURATED_NEEDS_RELATION_EVIDENCE,ENABLING,FALSE,2026-09-27,Семантическая курация M3 бывшей связи MAPS_TO_TECHNOLOGY. Источник подтверждает фронтирный узел; прямое доказательство самой связи всё ещё требует экспертной проверки.
E00491,E00491,F045,M134,INCREASES_CAPACITY_OF,S035,NODE_SUPPORT_ONLY,0.58,AUTO_CURATED_NEEDS_RELATION_EVIDENCE,THEMATIC,FALSE,2026-09-27,Семантическая курация M3 бывшей связи CONTRIBUTES_TO_MEGAPROJECT. До отдельного подтверждения это системная интерпретация SINERGY.
E00492,E00492,F045,M144,INCREASES_CAPACITY_OF,S035,NODE_SUPPORT_ONLY,0.58,AUTO_CURATED_NEEDS_RELATION_EVIDENCE,THEMATIC,FALSE,2026-09-27,Семантическая курация M3 бывшей связи CONTRIBUTES_TO_MEGAPROJECT. До отдельного подтверждения это системная интерпретация SINERGY.
E00493,E00493,F045,M143,INCREASES_CAPACITY_OF,S035,NODE_SUPPORT_ONLY,0.58,AUTO_CURATED_NEEDS_RELATION_EVIDENCE,THEMATIC,FALSE,2026-09-27,Семантическая курация M3 бывшей связи CONTRIBUTES_TO_MEGAPROJECT. До отдельного подтверждения это системная интерпретация SINERGY.
E00494,E00494,F045,M150,INCREASES_CAPACITY_OF,S035,NODE_SUPPORT_ONLY,0.58,AUTO_CURATED_NEEDS_RELATION_EVIDENCE,THEMATIC,FALSE,2026-09-27,Семантическая курация M3 бывшей связи CONTRIBUTES_TO_MEGAPROJECT. До отдельного подтверждения это системная интерпретация SINERGY.
E00495,E00495,S006,F046,VALIDATES,S006,PROVENANCE,0.95,VERIFIED_PROVENANCE,EVIDENTIAL,TRUE,2026-09-27,Каноническое происхождение подтверждено источником.
E00496,E00496,F046,I005,PROPOSED_BY,S006,ATTRIBUTION,0.68,CURATED_PROGRAM_ASSOCIATION,PROVENANCE,FALSE,2026-09-27,Репрезентативная связь с институтом или программой; это не утверждение о финансировании.
E00497,E00497,F046,T021,INCREASES_CAPACITY_OF,S006,NODE_SUPPORT_ONLY,0.72,AUTO_CURATED_NEEDS_RELATION_EVIDENCE,ENABLING,FALSE,2026-09-27,Семантическая курация M3 бывшей связи MAPS_TO_TECHNOLOGY. Источник подтверждает фронтирный узел; прямое доказательство самой связи всё ещё требует экспертной проверки.
E00498,E00498,F046,T022,INCREASES_CAPACITY_OF,S006,NODE_SUPPORT_ONLY,0.72,AUTO_CURATED_NEEDS_RELATION_EVIDENCE,ENABLING,FALSE,2026-09-27,Семантическая курация M3 бывшей связи MAPS_TO_TECHNOLOGY. Источник подтверждает фронтирный узел; прямое доказательство самой связи всё ещё требует экспертной проверки.
E00499,E00499,F046,T023,INCREASES_CAPACITY_OF,S006,NODE_SUPPORT_ONLY,0.72,AUTO_CURATED_NEEDS_RELATION_EVIDENCE,ENABLING,FALSE,2026-09-27,Семантическая курация M3 бывшей связи MAPS_TO_TECHNOLOGY. Источник подтверждает фронтирный узел; прямое доказательство самой связи всё ещё требует экспертной проверки.
E00500,E00500,F046,T024,INCREASES_CAPACITY_OF,S006,NODE_SUPPORT_ONLY,0.72,AUTO_CURATED_NEEDS_RELATION_EVIDENCE,ENABLING,FALSE,2026-09-27,Семантическая курация M3 бывшей связи MAPS_TO_TECHNOLOGY. Источник подтверждает фронтирный узел; прямое доказательство самой связи всё ещё требует экспертной проверки.
E00501,E00501,F046,M134,INCREASES_CAPACITY_OF,S006,NODE_SUPPORT_ONLY,0.58,AUTO_CURATED_NEEDS_RELATION_EVIDENCE,THEMATIC,FALSE,2026-09-27,Семантическая курация M3 бывшей связи CONTRIBUTES_TO_MEGAPROJECT. До отдельного подтверждения это системная интерпретация SINERGY.
E00502,E00502,F046,M144,INCREASES_CAPACITY_OF,S006,NODE_SUPPORT_ONLY,0.58,AUTO_CURATED_NEEDS_RELATION_EVIDENCE,THEMATIC,FALSE,2026-09-27,Семантическая курация M3 бывшей связи CONTRIBUTES_TO_MEGAPROJECT. До отдельного подтверждения это системная интерпретация SINERGY.
E00503,E00503,F046,M135,INCREASES_CAPACITY_OF,S006,NODE_SUPPORT_ONLY,0.58,AUTO_CURATED_NEEDS_RELATION_EVIDENCE,THEMATIC,FALSE,2026-09-27,Семантическая курация M3 бывшей связи CONTRIBUTES_TO_MEGAPROJECT. До отдельного подтверждения это системная интерпретация SINERGY.
E00504,E00504,F046,M150,INCREASES_CAPACITY_OF,S006,NODE_SUPPORT_ONLY,0.58,AUTO_CURATED_NEEDS_RELATION_EVIDENCE,THEMATIC,FALSE,2026-09-27,Семантическая курация M3 бывшей связи CONTRIBUTES_TO_MEGAPROJECT. До отдельного подтверждения это системная интерпретация SINERGY.
E00505,E00505,S036,F047,VALIDATES,S036,PROVENANCE,0.95,VERIFIED_PROVENANCE,EVIDENTIAL,TRUE,2026-09-27,Каноническое происхождение подтверждено источником.
E00506,E00506,F047,I024,PROPOSED_BY,S036,ATTRIBUTION,0.68,CURATED_PROGRAM_ASSOCIATION,PROVENANCE,FALSE,2026-09-27,Репрезентативная связь с институтом или программой; это не утверждение о финансировании.
E00507,E00507,F047,T021,DEPENDS_ON,S036,NODE_SUPPORT_ONLY,0.56,AUTO_CURATED_NEEDS_RELATION_EVIDENCE,THEMATIC,FALSE,2026-09-27,Семантическая курация M3 бывшей связи MAPS_TO_TECHNOLOGY. Источник подтверждает фронтирный узел; прямое доказательство самой связи всё ещё требует экспертной проверки.
E00508,E00508,F047,T022,DEPENDS_ON,S036,NODE_SUPPORT_ONLY,0.56,AUTO_CURATED_NEEDS_RELATION_EVIDENCE,THEMATIC,FALSE,2026-09-27,Семантическая курация M3 бывшей связи MAPS_TO_TECHNOLOGY. Источник подтверждает фронтирный узел; прямое доказательство самой связи всё ещё требует экспертной проверки.
E00509,E00509,F047,T023,DEPENDS_ON,S036,NODE_SUPPORT_ONLY,0.56,AUTO_CURATED_NEEDS_RELATION_EVIDENCE,THEMATIC,FALSE,2026-09-27,Семантическая курация M3 бывшей связи MAPS_TO_TECHNOLOGY. Источник подтверждает фронтирный узел; прямое доказательство самой связи всё ещё требует экспертной проверки.
E00510,E00510,F047,T024,DEPENDS_ON,S036,NODE_SUPPORT_ONLY,0.56,AUTO_CURATED_NEEDS_RELATION_EVIDENCE,THEMATIC,FALSE,2026-09-27,Семантическая курация M3 бывшей связи MAPS_TO_TECHNOLOGY. Источник подтверждает фронтирный узел; прямое доказательство самой связи всё ещё требует экспертной проверки.
E00511,E00511,F047,M133,INCREASES_CAPACITY_OF,S036,NODE_SUPPORT_ONLY,0.58,AUTO_CURATED_NEEDS_RELATION_EVIDENCE,THEMATIC,FALSE,2026-09-27,Семантическая курация M3 бывшей связи CONTRIBUTES_TO_MEGAPROJECT. До отдельного подтверждения это системная интерпретация SINERGY.
E00512,E00512,F047,M150,INCREASES_CAPACITY_OF,S036,NODE_SUPPORT_ONLY,0.58,AUTO_CURATED_NEEDS_RELATION_EVIDENCE,THEMATIC,FALSE,2026-09-27,Семантическая курация M3 бывшей связи CONTRIBUTES_TO_MEGAPROJECT. До отдельного подтверждения это системная интерпретация SINERGY.
E00513,E00513,F047,M135,INCREASES_CAPACITY_OF,S036,NODE_SUPPORT_ONLY,0.58,AUTO_CURATED_NEEDS_RELATION_EVIDENCE,THEMATIC,FALSE,2026-09-27,Семантическая курация M3 бывшей связи CONTRIBUTES_TO_MEGAPROJECT. До отдельного подтверждения это системная интерпретация SINERGY.
E00514,E00514,S037,F048,VALIDATES,S037,PROVENANCE,0.95,VERIFIED_PROVENANCE,EVIDENTIAL,TRUE,2026-09-27,Каноническое происхождение подтверждено источником.
E00515,E00515,F048,P088,PROPOSED_BY,S037,ATTRIBUTION,0.78,CURATED_ATTRIBUTION,PROVENANCE,FALSE,2026-09-27,Репрезентативная атрибуция автора из Frontier Graph 1.0.
E00516,E00516,F048,I025,PROPOSED_BY,S037,ATTRIBUTION,0.68,CURATED_PROGRAM_ASSOCIATION,PROVENANCE,FALSE,2026-09-27,Репрезентативная связь с институтом или программой; это не утверждение о финансировании.
E00517,E00517,F048,T002,DEPENDS_ON,S037,NODE_SUPPORT_ONLY,0.56,AUTO_CURATED_NEEDS_RELATION_EVIDENCE,THEMATIC,FALSE,2026-09-27,Семантическая курация M3 бывшей связи MAPS_TO_TECHNOLOGY. Источник подтверждает фронтирный узел; прямое доказательство самой связи всё ещё требует экспертной проверки.
E00518,E00518,F048,T003,DEPENDS_ON,S037,NODE_SUPPORT_ONLY,0.56,AUTO_CURATED_NEEDS_RELATION_EVIDENCE,THEMATIC,FALSE,2026-09-27,Семантическая курация M3 бывшей связи MAPS_TO_TECHNOLOGY. Источник подтверждает фронтирный узел; прямое доказательство самой связи всё ещё требует экспертной проверки.
E00519,E00519,F048,T019,DEPENDS_ON,S037,NODE_SUPPORT_ONLY,0.56,AUTO_CURATED_NEEDS_RELATION_EVIDENCE,THEMATIC,FALSE,2026-09-27,Семантическая курация M3 бывшей связи MAPS_TO_TECHNOLOGY. Источник подтверждает фронтирный узел; прямое доказательство самой связи всё ещё требует экспертной проверки.
E00520,E00520,F048,M133,INCREASES_CAPACITY_OF,S037,NODE_SUPPORT_ONLY,0.58,AUTO_CURATED_NEEDS_RELATION_EVIDENCE,THEMATIC,FALSE,2026-09-27,Семантическая курация M3 бывшей связи CONTRIBUTES_TO_MEGAPROJECT. До отдельного подтверждения это системная интерпретация SINERGY.
E00521,E00521,F048,M150,INCREASES_CAPACITY_OF,S037,NODE_SUPPORT_ONLY,0.58,AUTO_CURATED_NEEDS_RELATION_EVIDENCE,THEMATIC,FALSE,2026-09-27,Семантическая курация M3 бывшей связи CONTRIBUTES_TO_MEGAPROJECT. До отдельного подтверждения это системная интерпретация SINERGY.
E00522,E00522,S003,F049,VALIDATES,S003,PROVENANCE,0.95,VERIFIED_PROVENANCE,EVIDENTIAL,TRUE,2026-09-27,Каноническое происхождение подтверждено источником.
E00523,E00523,F049,P089,PROPOSED_BY,S003,ATTRIBUTION,0.78,CURATED_ATTRIBUTION,PROVENANCE,FALSE,2026-09-27,Репрезентативная атрибуция автора из Frontier Graph 1.0.
E00524,E00524,F049,P090,PROPOSED_BY,S003,ATTRIBUTION,0.78,CURATED_ATTRIBUTION,PROVENANCE,FALSE,2026-09-27,Репрезентативная атрибуция автора из Frontier Graph 1.0.
E00525,E00525,F049,I026,PROPOSED_BY,S003,ATTRIBUTION,0.68,CURATED_PROGRAM_ASSOCIATION,PROVENANCE,FALSE,2026-09-27,Репрезентативная связь с институтом или программой; это не утверждение о финансировании.
E00526,E00526,F049,T002,USES,S003,NODE_SUPPORT_ONLY,0.66,AUTO_CURATED_NEEDS_RELATION_EVIDENCE,ENABLING,FALSE,2026-09-27,Семантическая курация M3 бывшей связи MAPS_TO_TECHNOLOGY. Источник подтверждает фронтирный узел; прямое доказательство самой связи всё ещё требует экспертной проверки.
E00527,E00527,F049,T003,USES,S003,NODE_SUPPORT_ONLY,0.66,AUTO_CURATED_NEEDS_RELATION_EVIDENCE,ENABLING,FALSE,2026-09-27,Семантическая курация M3 бывшей связи MAPS_TO_TECHNOLOGY. Источник подтверждает фронтирный узел; прямое доказательство самой связи всё ещё требует экспертной проверки.
E00528,E00528,F049,T019,USES,S003,NODE_SUPPORT_ONLY,0.66,AUTO_CURATED_NEEDS_RELATION_EVIDENCE,ENABLING,FALSE,2026-09-27,Семантическая курация M3 бывшей связи MAPS_TO_TECHNOLOGY. Источник подтверждает фронтирный узел; прямое доказательство самой связи всё ещё требует экспертной проверки.
E00529,E00529,F049,T011,USES,S003,NODE_SUPPORT_ONLY,0.66,AUTO_CURATED_NEEDS_RELATION_EVIDENCE,ENABLING,FALSE,2026-09-27,Семантическая курация M3 бывшей связи MAPS_TO_TECHNOLOGY. Источник подтверждает фронтирный узел; прямое доказательство самой связи всё ещё требует экспертной проверки.
E00530,E00530,F049,T012,USES,S003,NODE_SUPPORT_ONLY,0.66,AUTO_CURATED_NEEDS_RELATION_EVIDENCE,ENABLING,FALSE,2026-09-27,Семантическая курация M3 бывшей связи MAPS_TO_TECHNOLOGY. Источник подтверждает фронтирный узел; прямое доказательство самой связи всё ещё требует экспертной проверки.
E00531,E00531,F049,T013,USES,S003,NODE_SUPPORT_ONLY,0.66,AUTO_CURATED_NEEDS_RELATION_EVIDENCE,ENABLING,FALSE,2026-09-27,Семантическая курация M3 бывшей связи MAPS_TO_TECHNOLOGY. Источник подтверждает фронтирный узел; прямое доказательство самой связи всё ещё требует экспертной проверки.
E00532,E00532,F049,M133,INCREASES_CAPACITY_OF,S003,NODE_SUPPORT_ONLY,0.58,AUTO_CURATED_NEEDS_RELATION_EVIDENCE,THEMATIC,FALSE,2026-09-27,Семантическая курация M3 бывшей связи CONTRIBUTES_TO_MEGAPROJECT. До отдельного подтверждения это системная интерпретация SINERGY.
E00533,E00533,F049,M150,INCREASES_CAPACITY_OF,S003,NODE_SUPPORT_ONLY,0.58,AUTO_CURATED_NEEDS_RELATION_EVIDENCE,THEMATIC,FALSE,2026-09-27,Семантическая курация M3 бывшей связи CONTRIBUTES_TO_MEGAPROJECT. До отдельного подтверждения это системная интерпретация SINERGY.
E00534,E00534,F049,M034,INCREASES_CAPACITY_OF,S003,NODE_SUPPORT_ONLY,0.58,AUTO_CURATED_NEEDS_RELATION_EVIDENCE,THEMATIC,FALSE,2026-09-27,Семантическая курация M3 бывшей связи CONTRIBUTES_TO_MEGAPROJECT. До отдельного подтверждения это системная интерпретация SINERGY.
E00535,E00535,F049,M136,INCREASES_CAPACITY_OF,S003,NODE_SUPPORT_ONLY,0.58,AUTO_CURATED_NEEDS_RELATION_EVIDENCE,THEMATIC,FALSE,2026-09-27,Семантическая курация M3 бывшей связи CONTRIBUTES_TO_MEGAPROJECT. До отдельного подтверждения это системная интерпретация SINERGY.
E00536,E00536,S038,F050,VALIDATES,S038,PROVENANCE,0.95,VERIFIED_PROVENANCE,EVIDENTIAL,TRUE,2026-09-27,Каноническое происхождение подтверждено источником.
E00537,E00537,F050,P091,PROPOSED_BY,S038,ATTRIBUTION,0.78,CURATED_ATTRIBUTION,PROVENANCE,FALSE,2026-09-27,Репрезентативная атрибуция автора из Frontier Graph 1.0.
E00538,E00538,F050,P092,PROPOSED_BY,S038,ATTRIBUTION,0.78,CURATED_ATTRIBUTION,PROVENANCE,FALSE,2026-09-27,Репрезентативная атрибуция автора из Frontier Graph 1.0.
E00539,E00539,F050,P093,PROPOSED_BY,S038,ATTRIBUTION,0.78,CURATED_ATTRIBUTION,PROVENANCE,FALSE,2026-09-27,Репрезентативная атрибуция автора из Frontier Graph 1.0.
E00540,E00540,F050,P094,PROPOSED_BY,S038,ATTRIBUTION,0.78,CURATED_ATTRIBUTION,PROVENANCE,FALSE,2026-09-27,Репрезентативная атрибуция автора из Frontier Graph 1.0.
E00541,E00541,F050,P095,PROPOSED_BY,S038,ATTRIBUTION,0.78,CURATED_ATTRIBUTION,PROVENANCE,FALSE,2026-09-27,Репрезентативная атрибуция автора из Frontier Graph 1.0.
E00542,E00542,F050,P096,PROPOSED_BY,S038,ATTRIBUTION,0.78,CURATED_ATTRIBUTION,PROVENANCE,FALSE,2026-09-27,Репрезентативная атрибуция автора из Frontier Graph 1.0.
E00543,E00543,F050,T011,DEPENDS_ON,S038,NODE_SUPPORT_ONLY,0.56,AUTO_CURATED_NEEDS_RELATION_EVIDENCE,THEMATIC,FALSE,2026-09-27,Семантическая курация M3 бывшей связи MAPS_TO_TECHNOLOGY. Источник подтверждает фронтирный узел; прямое доказательство самой связи всё ещё требует экспертной проверки.
E00544,E00544,F050,T012,DEPENDS_ON,S038,NODE_SUPPORT_ONLY,0.56,AUTO_CURATED_NEEDS_RELATION_EVIDENCE,THEMATIC,FALSE,2026-09-27,Семантическая курация M3 бывшей связи MAPS_TO_TECHNOLOGY. Источник подтверждает фронтирный узел; прямое доказательство самой связи всё ещё требует экспертной проверки.
E00545,E00545,F050,T013,DEPENDS_ON,S038,NODE_SUPPORT_ONLY,0.56,AUTO_CURATED_NEEDS_RELATION_EVIDENCE,THEMATIC,FALSE,2026-09-27,Семантическая курация M3 бывшей связи MAPS_TO_TECHNOLOGY. Источник подтверждает фронтирный узел; прямое доказательство самой связи всё ещё требует экспертной проверки.
E00546,E00546,F050,T014,DEPENDS_ON,S038,NODE_SUPPORT_ONLY,0.56,AUTO_CURATED_NEEDS_RELATION_EVIDENCE,THEMATIC,FALSE,2026-09-27,Семантическая курация M3 бывшей связи MAPS_TO_TECHNOLOGY. Источник подтверждает фронтирный узел; прямое доказательство самой связи всё ещё требует экспертной проверки.
E00547,E00547,F050,M133,INCREASES_CAPACITY_OF,S038,NODE_SUPPORT_ONLY,0.58,AUTO_CURATED_NEEDS_RELATION_EVIDENCE,THEMATIC,FALSE,2026-09-27,Семантическая курация M3 бывшей связи CONTRIBUTES_TO_MEGAPROJECT. До отдельного подтверждения это системная интерпретация SINERGY.
E00548,E00548,F050,M150,INCREASES_CAPACITY_OF,S038,NODE_SUPPORT_ONLY,0.58,AUTO_CURATED_NEEDS_RELATION_EVIDENCE,THEMATIC,FALSE,2026-09-27,Семантическая курация M3 бывшей связи CONTRIBUTES_TO_MEGAPROJECT. До отдельного подтверждения это системная интерпретация SINERGY.
E00549,E00549,S011,F051,VALIDATES,S011,PROVENANCE,0.95,VERIFIED_PROVENANCE,EVIDENTIAL,TRUE,2026-09-27,Каноническое происхождение подтверждено источником.
E00550,E00550,F051,P097,PROPOSED_BY,S011,ATTRIBUTION,0.78,CURATED_ATTRIBUTION,PROVENANCE,FALSE,2026-09-27,Репрезентативная атрибуция автора из Frontier Graph 1.0.
E00551,E00551,F051,P098,PROPOSED_BY,S011,ATTRIBUTION,0.78,CURATED_ATTRIBUTION,PROVENANCE,FALSE,2026-09-27,Репрезентативная атрибуция автора из Frontier Graph 1.0.
E00552,E00552,F051,P099,PROPOSED_BY,S011,ATTRIBUTION,0.78,CURATED_ATTRIBUTION,PROVENANCE,FALSE,2026-09-27,Репрезентативная атрибуция автора из Frontier Graph 1.0.
E00553,E00553,F051,T021,ENABLES,S011,NODE_SUPPORT_ONLY,0.74,AUTO_CURATED_NEEDS_RELATION_EVIDENCE,ENABLING,FALSE,2026-09-27,Семантическая курация M3 бывшей связи MAPS_TO_TECHNOLOGY. Источник подтверждает фронтирный узел; прямое доказательство самой связи всё ещё требует экспертной проверки.
E00554,E00554,F051,T022,ENABLES,S011,NODE_SUPPORT_ONLY,0.74,AUTO_CURATED_NEEDS_RELATION_EVIDENCE,ENABLING,FALSE,2026-09-27,Семантическая курация M3 бывшей связи MAPS_TO_TECHNOLOGY. Источник подтверждает фронтирный узел; прямое доказательство самой связи всё ещё требует экспертной проверки.
E00555,E00555,F051,T023,ENABLES,S011,NODE_SUPPORT_ONLY,0.74,AUTO_CURATED_NEEDS_RELATION_EVIDENCE,ENABLING,FALSE,2026-09-27,Семантическая курация M3 бывшей связи MAPS_TO_TECHNOLOGY. Источник подтверждает фронтирный узел; прямое доказательство самой связи всё ещё требует экспертной проверки.
E00556,E00556,F051,T024,ENABLES,S011,NODE_SUPPORT_ONLY,0.74,AUTO_CURATED_NEEDS_RELATION_EVIDENCE,ENABLING,FALSE,2026-09-27,Семантическая курация M3 бывшей связи MAPS_TO_TECHNOLOGY. Источник подтверждает фронтирный узел; прямое доказательство самой связи всё ещё требует экспертной проверки.
E00557,E00557,F051,T051,ENABLES,S011,NODE_SUPPORT_ONLY,0.74,AUTO_CURATED_NEEDS_RELATION_EVIDENCE,ENABLING,FALSE,2026-09-27,Семантическая курация M3 бывшей связи MAPS_TO_TECHNOLOGY. Источник подтверждает фронтирный узел; прямое доказательство самой связи всё ещё требует экспертной проверки.
E00558,E00558,F051,T052,ENABLES,S011,NODE_SUPPORT_ONLY,0.74,AUTO_CURATED_NEEDS_RELATION_EVIDENCE,ENABLING,FALSE,2026-09-27,Семантическая курация M3 бывшей связи MAPS_TO_TECHNOLOGY. Источник подтверждает фронтирный узел; прямое доказательство самой связи всё ещё требует экспертной проверки.
E00559,E00559,F051,M133,INCREASES_CAPACITY_OF,S011,NODE_SUPPORT_ONLY,0.58,AUTO_CURATED_NEEDS_RELATION_EVIDENCE,THEMATIC,FALSE,2026-09-27,Семантическая курация M3 бывшей связи CONTRIBUTES_TO_MEGAPROJECT. До отдельного подтверждения это системная интерпретация SINERGY.
E00560,E00560,F051,M150,INCREASES_CAPACITY_OF,S011,NODE_SUPPORT_ONLY,0.58,AUTO_CURATED_NEEDS_RELATION_EVIDENCE,THEMATIC,FALSE,2026-09-27,Семантическая курация M3 бывшей связи CONTRIBUTES_TO_MEGAPROJECT. До отдельного подтверждения это системная интерпретация SINERGY.
E00561,E00561,F051,M134,INCREASES_CAPACITY_OF,S011,NODE_SUPPORT_ONLY,0.58,AUTO_CURATED_NEEDS_RELATION_EVIDENCE,THEMATIC,FALSE,2026-09-27,Семантическая курация M3 бывшей связи CONTRIBUTES_TO_MEGAPROJECT. До отдельного подтверждения это системная интерпретация SINERGY.
E00562,E00562,F051,M144,INCREASES_CAPACITY_OF,S011,NODE_SUPPORT_ONLY,0.58,AUTO_CURATED_NEEDS_RELATION_EVIDENCE,THEMATIC,FALSE,2026-09-27,Семантическая курация M3 бывшей связи CONTRIBUTES_TO_MEGAPROJECT. До отдельного подтверждения это системная интерпретация SINERGY.
E00563,E00563,S023,F052,VALIDATES,S023,PROVENANCE,0.95,VERIFIED_PROVENANCE,EVIDENTIAL,TRUE,2026-09-27,Каноническое происхождение подтверждено источником.
E00564,E00564,F052,I027,PROPOSED_BY,S023,ATTRIBUTION,0.68,CURATED_PROGRAM_ASSOCIATION,PROVENANCE,FALSE,2026-09-27,Репрезентативная связь с институтом или программой; это не утверждение о финансировании.
E00565,E00565,F052,I008,PROPOSED_BY,S023,ATTRIBUTION,0.68,CURATED_PROGRAM_ASSOCIATION,PROVENANCE,FALSE,2026-09-27,Репрезентативная связь с институтом или программой; это не утверждение о финансировании.
E00566,E00566,F052,T002,DEPENDS_ON,S023,NODE_SUPPORT_ONLY,0.56,AUTO_CURATED_NEEDS_RELATION_EVIDENCE,THEMATIC,FALSE,2026-09-27,Семантическая курация M3 бывшей связи MAPS_TO_TECHNOLOGY. Источник подтверждает фронтирный узел; прямое доказательство самой связи всё ещё требует экспертной проверки.
E00567,E00567,F052,T003,DEPENDS_ON,S023,NODE_SUPPORT_ONLY,0.56,AUTO_CURATED_NEEDS_RELATION_EVIDENCE,THEMATIC,FALSE,2026-09-27,Семантическая курация M3 бывшей связи MAPS_TO_TECHNOLOGY. Источник подтверждает фронтирный узел; прямое доказательство самой связи всё ещё требует экспертной проверки.
E00568,E00568,F052,T019,DEPENDS_ON,S023,NODE_SUPPORT_ONLY,0.56,AUTO_CURATED_NEEDS_RELATION_EVIDENCE,THEMATIC,FALSE,2026-09-27,Семантическая курация M3 бывшей связи MAPS_TO_TECHNOLOGY. Источник подтверждает фронтирный узел; прямое доказательство самой связи всё ещё требует экспертной проверки.
E00569,E00569,F052,M133,INCREASES_CAPACITY_OF,S023,NODE_SUPPORT_ONLY,0.58,AUTO_CURATED_NEEDS_RELATION_EVIDENCE,THEMATIC,FALSE,2026-09-27,Семантическая курация M3 бывшей связи CONTRIBUTES_TO_MEGAPROJECT. До отдельного подтверждения это системная интерпретация SINERGY.
E00570,E00570,F052,M150,INCREASES_CAPACITY_OF,S023,NODE_SUPPORT_ONLY,0.58,AUTO_CURATED_NEEDS_RELATION_EVIDENCE,THEMATIC,FALSE,2026-09-27,Семантическая курация M3 бывшей связи CONTRIBUTES_TO_MEGAPROJECT. До отдельного подтверждения это системная интерпретация SINERGY.
E00571,E00571,S039,F053,VALIDATES,S039,PROVENANCE,0.95,VERIFIED_PROVENANCE,EVIDENTIAL,TRUE,2026-09-27,Каноническое происхождение подтверждено источником.
E00572,E00572,F053,P100,PROPOSED_BY,S039,ATTRIBUTION,0.78,CURATED_ATTRIBUTION,PROVENANCE,FALSE,2026-09-27,Репрезентативная атрибуция автора из Frontier Graph 1.0.
E00573,E00573,F053,I008,PROPOSED_BY,S039,ATTRIBUTION,0.68,CURATED_PROGRAM_ASSOCIATION,PROVENANCE,FALSE,2026-09-27,Репрезентативная связь с институтом или программой; это не утверждение о финансировании.
E00574,E00574,F053,T002,DEPENDS_ON,S039,NODE_SUPPORT_ONLY,0.56,AUTO_CURATED_NEEDS_RELATION_EVIDENCE,THEMATIC,FALSE,2026-09-27,Семантическая курация M3 бывшей связи MAPS_TO_TECHNOLOGY. Источник подтверждает фронтирный узел; прямое доказательство самой связи всё ещё требует экспертной проверки.
E00575,E00575,F053,T003,DEPENDS_ON,S039,NODE_SUPPORT_ONLY,0.56,AUTO_CURATED_NEEDS_RELATION_EVIDENCE,THEMATIC,FALSE,2026-09-27,Семантическая курация M3 бывшей связи MAPS_TO_TECHNOLOGY. Источник подтверждает фронтирный узел; прямое доказательство самой связи всё ещё требует экспертной проверки.
E00576,E00576,F053,T019,DEPENDS_ON,S039,NODE_SUPPORT_ONLY,0.56,AUTO_CURATED_NEEDS_RELATION_EVIDENCE,THEMATIC,FALSE,2026-09-27,Семантическая курация M3 бывшей связи MAPS_TO_TECHNOLOGY. Источник подтверждает фронтирный узел; прямое доказательство самой связи всё ещё требует экспертной проверки.
E00577,E00577,F053,T025,DEPENDS_ON,S039,NODE_SUPPORT_ONLY,0.56,AUTO_CURATED_NEEDS_RELATION_EVIDENCE,THEMATIC,FALSE,2026-09-27,Семантическая курация M3 бывшей связи MAPS_TO_TECHNOLOGY. Источник подтверждает фронтирный узел; прямое доказательство самой связи всё ещё требует экспертной проверки.
E00578,E00578,F053,M133,INCREASES_CAPACITY_OF,S039,NODE_SUPPORT_ONLY,0.58,AUTO_CURATED_NEEDS_RELATION_EVIDENCE,THEMATIC,FALSE,2026-09-27,Семантическая курация M3 бывшей связи CONTRIBUTES_TO_MEGAPROJECT. До отдельного подтверждения это системная интерпретация SINERGY.
E00579,E00579,F053,M150,INCREASES_CAPACITY_OF,S039,NODE_SUPPORT_ONLY,0.58,AUTO_CURATED_NEEDS_RELATION_EVIDENCE,THEMATIC,FALSE,2026-09-27,Семантическая курация M3 бывшей связи CONTRIBUTES_TO_MEGAPROJECT. До отдельного подтверждения это системная интерпретация SINERGY.
E00580,E00580,F053,M143,INCREASES_CAPACITY_OF,S039,NODE_SUPPORT_ONLY,0.58,AUTO_CURATED_NEEDS_RELATION_EVIDENCE,THEMATIC,FALSE,2026-09-27,Семантическая курация M3 бывшей связи CONTRIBUTES_TO_MEGAPROJECT. До отдельного подтверждения это системная интерпретация SINERGY.
E00581,E00581,S040,F054,VALIDATES,S040,PROVENANCE,0.95,VERIFIED_PROVENANCE,EVIDENTIAL,TRUE,2026-09-27,Каноническое происхождение подтверждено источником.
E00582,E00582,F054,P101,PROPOSED_BY,S040,ATTRIBUTION,0.78,CURATED_ATTRIBUTION,PROVENANCE,FALSE,2026-09-27,Репрезентативная атрибуция автора из Frontier Graph 1.0.
E00583,E00583,F054,P102,PROPOSED_BY,S040,ATTRIBUTION,0.78,CURATED_ATTRIBUTION,PROVENANCE,FALSE,2026-09-27,Репрезентативная атрибуция автора из Frontier Graph 1.0.
E00584,E00584,F054,I008,PROPOSED_BY,S040,ATTRIBUTION,0.68,CURATED_PROGRAM_ASSOCIATION,PROVENANCE,FALSE,2026-09-27,Репрезентативная связь с институтом или программой; это не утверждение о финансировании.
E00585,E00585,F054,T002,DEPENDS_ON,S040,NODE_SUPPORT_ONLY,0.56,AUTO_CURATED_NEEDS_RELATION_EVIDENCE,THEMATIC,FALSE,2026-09-27,Семантическая курация M3 бывшей связи MAPS_TO_TECHNOLOGY. Источник подтверждает фронтирный узел; прямое доказательство самой связи всё ещё требует экспертной проверки.
E00586,E00586,F054,T048,DEPENDS_ON,S040,NODE_SUPPORT_ONLY,0.56,AUTO_CURATED_NEEDS_RELATION_EVIDENCE,THEMATIC,FALSE,2026-09-27,Семантическая курация M3 бывшей связи MAPS_TO_TECHNOLOGY. Источник подтверждает фронтирный узел; прямое доказательство самой связи всё ещё требует экспертной проверки.
E00587,E00587,F054,M133,INCREASES_CAPACITY_OF,S040,NODE_SUPPORT_ONLY,0.58,AUTO_CURATED_NEEDS_RELATION_EVIDENCE,THEMATIC,FALSE,2026-09-27,Семантическая курация M3 бывшей связи CONTRIBUTES_TO_MEGAPROJECT. До отдельного подтверждения это системная интерпретация SINERGY.
E00588,E00588,F054,M150,INCREASES_CAPACITY_OF,S040,NODE_SUPPORT_ONLY,0.58,AUTO_CURATED_NEEDS_RELATION_EVIDENCE,THEMATIC,FALSE,2026-09-27,Семантическая курация M3 бывшей связи CONTRIBUTES_TO_MEGAPROJECT. До отдельного подтверждения это системная интерпретация SINERGY.
E00589,E00589,F054,M143,INCREASES_CAPACITY_OF,S040,NODE_SUPPORT_ONLY,0.58,AUTO_CURATED_NEEDS_RELATION_EVIDENCE,THEMATIC,FALSE,2026-09-27,Семантическая курация M3 бывшей связи CONTRIBUTES_TO_MEGAPROJECT. До отдельного подтверждения это системная интерпретация SINERGY.
E00590,E00590,S041,F055,VALIDATES,S041,PROVENANCE,0.95,VERIFIED_PROVENANCE,EVIDENTIAL,TRUE,2026-09-27,Каноническое происхождение подтверждено источником.
E00591,E00591,F055,P103,PROPOSED_BY,S041,ATTRIBUTION,0.78,CURATED_ATTRIBUTION,PROVENANCE,FALSE,2026-09-27,Репрезентативная атрибуция автора из Frontier Graph 1.0.
E00592,E00592,F055,P104,PROPOSED_BY,S041,ATTRIBUTION,0.78,CURATED_ATTRIBUTION,PROVENANCE,FALSE,2026-09-27,Репрезентативная атрибуция автора из Frontier Graph 1.0.
E00593,E00593,F055,P100,PROPOSED_BY,S041,ATTRIBUTION,0.78,CURATED_ATTRIBUTION,PROVENANCE,FALSE,2026-09-27,Репрезентативная атрибуция автора из Frontier Graph 1.0.
E00594,E00594,F055,T002,DEPENDS_ON,S041,NODE_SUPPORT_ONLY,0.56,AUTO_CURATED_NEEDS_RELATION_EVIDENCE,THEMATIC,FALSE,2026-09-27,Семантическая курация M3 бывшей связи MAPS_TO_TECHNOLOGY. Источник подтверждает фронтирный узел; прямое доказательство самой связи всё ещё требует экспертной проверки.
E00595,E00595,F055,T003,DEPENDS_ON,S041,NODE_SUPPORT_ONLY,0.56,AUTO_CURATED_NEEDS_RELATION_EVIDENCE,THEMATIC,FALSE,2026-09-27,Семантическая курация M3 бывшей связи MAPS_TO_TECHNOLOGY. Источник подтверждает фронтирный узел; прямое доказательство самой связи всё ещё требует экспертной проверки.
E00596,E00596,F055,T019,DEPENDS_ON,S041,NODE_SUPPORT_ONLY,0.56,AUTO_CURATED_NEEDS_RELATION_EVIDENCE,THEMATIC,FALSE,2026-09-27,Семантическая курация M3 бывшей связи MAPS_TO_TECHNOLOGY. Источник подтверждает фронтирный узел; прямое доказательство самой связи всё ещё требует экспертной проверки.
E00597,E00597,F055,M133,INCREASES_CAPACITY_OF,S041,NODE_SUPPORT_ONLY,0.58,AUTO_CURATED_NEEDS_RELATION_EVIDENCE,THEMATIC,FALSE,2026-09-27,Семантическая курация M3 бывшей связи CONTRIBUTES_TO_MEGAPROJECT. До отдельного подтверждения это системная интерпретация SINERGY.
E00598,E00598,F055,M150,INCREASES_CAPACITY_OF,S041,NODE_SUPPORT_ONLY,0.58,AUTO_CURATED_NEEDS_RELATION_EVIDENCE,THEMATIC,FALSE,2026-09-27,Семантическая курация M3 бывшей связи CONTRIBUTES_TO_MEGAPROJECT. До отдельного подтверждения это системная интерпретация SINERGY.
E00599,E00599,F055,M143,INCREASES_CAPACITY_OF,S041,NODE_SUPPORT_ONLY,0.58,AUTO_CURATED_NEEDS_RELATION_EVIDENCE,THEMATIC,FALSE,2026-09-27,Семантическая курация M3 бывшей связи CONTRIBUTES_TO_MEGAPROJECT. До отдельного подтверждения это системная интерпретация SINERGY.
E00600,E00600,S017,F056,VALIDATES,S017,PROVENANCE,0.95,VERIFIED_PROVENANCE,EVIDENTIAL,TRUE,2026-09-27,Каноническое происхождение подтверждено источником.
E00601,E00601,F056,P039,PROPOSED_BY,S017,ATTRIBUTION,0.78,CURATED_ATTRIBUTION,PROVENANCE,FALSE,2026-09-27,Репрезентативная атрибуция автора из Frontier Graph 1.0.
E00602,E00602,F056,I014,PROPOSED_BY,S017,ATTRIBUTION,0.68,CURATED_PROGRAM_ASSOCIATION,PROVENANCE,FALSE,2026-09-27,Репрезентативная связь с институтом или программой; это не утверждение о финансировании.
E00603,E00603,F056,T002,GOVERNS,S017,NODE_SUPPORT_ONLY,0.74,AUTO_CURATED_NEEDS_RELATION_EVIDENCE,ENABLING,FALSE,2026-09-27,Семантическая курация M3 бывшей связи MAPS_TO_TECHNOLOGY. Источник подтверждает фронтирный узел; прямое доказательство самой связи всё ещё требует экспертной проверки.
E00604,E00604,F056,T015,GOVERNS,S017,NODE_SUPPORT_ONLY,0.74,AUTO_CURATED_NEEDS_RELATION_EVIDENCE,ENABLING,FALSE,2026-09-27,Семантическая курация M3 бывшей связи MAPS_TO_TECHNOLOGY. Источник подтверждает фронтирный узел; прямое доказательство самой связи всё ещё требует экспертной проверки.
E00605,E00605,F056,M133,GOVERNS,S017,NODE_SUPPORT_ONLY,0.69,AUTO_CURATED_NEEDS_RELATION_EVIDENCE,ENABLING,FALSE,2026-09-27,Семантическая курация M3 бывшей связи CONTRIBUTES_TO_MEGAPROJECT. До отдельного подтверждения это системная интерпретация SINERGY.
E00606,E00606,F056,M150,GOVERNS,S017,NODE_SUPPORT_ONLY,0.69,AUTO_CURATED_NEEDS_RELATION_EVIDENCE,ENABLING,FALSE,2026-09-27,Семантическая курация M3 бывшей связи CONTRIBUTES_TO_MEGAPROJECT. До отдельного подтверждения это системная интерпретация SINERGY.
E00607,E00607,F056,M126,GOVERNS,S017,NODE_SUPPORT_ONLY,0.69,AUTO_CURATED_NEEDS_RELATION_EVIDENCE,ENABLING,FALSE,2026-09-27,Семантическая курация M3 бывшей связи CONTRIBUTES_TO_MEGAPROJECT. До отдельного подтверждения это системная интерпретация SINERGY.
E00608,E00608,S042,F057,VALIDATES,S042,PROVENANCE,0.95,VERIFIED_PROVENANCE,EVIDENTIAL,TRUE,2026-09-27,Каноническое происхождение подтверждено источником.
E00609,E00609,F057,P105,PROPOSED_BY,S042,ATTRIBUTION,0.78,CURATED_ATTRIBUTION,PROVENANCE,FALSE,2026-09-27,Репрезентативная атрибуция автора из Frontier Graph 1.0.
E00610,E00610,F057,P106,PROPOSED_BY,S042,ATTRIBUTION,0.78,CURATED_ATTRIBUTION,PROVENANCE,FALSE,2026-09-27,Репрезентативная атрибуция автора из Frontier Graph 1.0.
E00611,E00611,F057,P107,PROPOSED_BY,S042,ATTRIBUTION,0.78,CURATED_ATTRIBUTION,PROVENANCE,FALSE,2026-09-27,Репрезентативная атрибуция автора из Frontier Graph 1.0.
E00612,E00612,F057,T002,GOVERNS,S042,NODE_SUPPORT_ONLY,0.74,AUTO_CURATED_NEEDS_RELATION_EVIDENCE,ENABLING,FALSE,2026-09-27,Семантическая курация M3 бывшей связи MAPS_TO_TECHNOLOGY. Источник подтверждает фронтирный узел; прямое доказательство самой связи всё ещё требует экспертной проверки.
E00613,E00613,F057,M133,GOVERNS,S042,NODE_SUPPORT_ONLY,0.69,AUTO_CURATED_NEEDS_RELATION_EVIDENCE,ENABLING,FALSE,2026-09-27,Семантическая курация M3 бывшей связи CONTRIBUTES_TO_MEGAPROJECT. До отдельного подтверждения это системная интерпретация SINERGY.
E00614,E00614,F057,M150,GOVERNS,S042,NODE_SUPPORT_ONLY,0.69,AUTO_CURATED_NEEDS_RELATION_EVIDENCE,ENABLING,FALSE,2026-09-27,Семантическая курация M3 бывшей связи CONTRIBUTES_TO_MEGAPROJECT. До отдельного подтверждения это системная интерпретация SINERGY.
E00615,E00615,S043,F058,VALIDATES,S043,PROVENANCE,0.95,VERIFIED_PROVENANCE,EVIDENTIAL,TRUE,2026-09-27,Каноническое происхождение подтверждено источником.
E00616,E00616,F058,P106,PROPOSED_BY,S043,ATTRIBUTION,0.78,CURATED_ATTRIBUTION,PROVENANCE,FALSE,2026-09-27,Репрезентативная атрибуция автора из Frontier Graph 1.0.
E00617,E00617,F058,P108,PROPOSED_BY,S043,ATTRIBUTION,0.78,CURATED_ATTRIBUTION,PROVENANCE,FALSE,2026-09-27,Репрезентативная атрибуция автора из Frontier Graph 1.0.
E00618,E00618,F058,P109,PROPOSED_BY,S043,ATTRIBUTION,0.78,CURATED_ATTRIBUTION,PROVENANCE,FALSE,2026-09-27,Репрезентативная атрибуция автора из Frontier Graph 1.0.
E00619,E00619,F058,T002,GOVERNS,S043,NODE_SUPPORT_ONLY,0.74,AUTO_CURATED_NEEDS_RELATION_EVIDENCE,ENABLING,FALSE,2026-09-27,Семантическая курация M3 бывшей связи MAPS_TO_TECHNOLOGY. Источник подтверждает фронтирный узел; прямое доказательство самой связи всё ещё требует экспертной проверки.
E00620,E00620,F058,M133,GOVERNS,S043,NODE_SUPPORT_ONLY,0.69,AUTO_CURATED_NEEDS_RELATION_EVIDENCE,ENABLING,FALSE,2026-09-27,Семантическая курация M3 бывшей связи CONTRIBUTES_TO_MEGAPROJECT. До отдельного подтверждения это системная интерпретация SINERGY.
E00621,E00621,F058,M150,GOVERNS,S043,NODE_SUPPORT_ONLY,0.69,AUTO_CURATED_NEEDS_RELATION_EVIDENCE,ENABLING,FALSE,2026-09-27,Семантическая курация M3 бывшей связи CONTRIBUTES_TO_MEGAPROJECT. До отдельного подтверждения это системная интерпретация SINERGY.
E00622,E00622,S044,F059,VALIDATES,S044,PROVENANCE,0.95,VERIFIED_PROVENANCE,EVIDENTIAL,TRUE,2026-09-27,Каноническое происхождение подтверждено источником.
E00623,E00623,F059,P110,PROPOSED_BY,S044,ATTRIBUTION,0.78,CURATED_ATTRIBUTION,PROVENANCE,FALSE,2026-09-27,Репрезентативная атрибуция автора из Frontier Graph 1.0.
E00624,E00624,F059,P111,PROPOSED_BY,S044,ATTRIBUTION,0.78,CURATED_ATTRIBUTION,PROVENANCE,FALSE,2026-09-27,Репрезентативная атрибуция автора из Frontier Graph 1.0.
E00625,E00625,F059,P112,PROPOSED_BY,S044,ATTRIBUTION,0.78,CURATED_ATTRIBUTION,PROVENANCE,FALSE,2026-09-27,Репрезентативная атрибуция автора из Frontier Graph 1.0.
E00626,E00626,F059,P113,PROPOSED_BY,S044,ATTRIBUTION,0.78,CURATED_ATTRIBUTION,PROVENANCE,FALSE,2026-09-27,Репрезентативная атрибуция автора из Frontier Graph 1.0.
E00627,E00627,F059,T002,DEPENDS_ON,S044,NODE_SUPPORT_ONLY,0.56,AUTO_CURATED_NEEDS_RELATION_EVIDENCE,THEMATIC,FALSE,2026-09-27,Семантическая курация M3 бывшей связи MAPS_TO_TECHNOLOGY. Источник подтверждает фронтирный узел; прямое доказательство самой связи всё ещё требует экспертной проверки.
E00628,E00628,F059,T074,DEPENDS_ON,S044,NODE_SUPPORT_ONLY,0.56,AUTO_CURATED_NEEDS_RELATION_EVIDENCE,THEMATIC,FALSE,2026-09-27,Семантическая курация M3 бывшей связи MAPS_TO_TECHNOLOGY. Источник подтверждает фронтирный узел; прямое доказательство самой связи всё ещё требует экспертной проверки.
E00629,E00629,F059,M133,INCREASES_CAPACITY_OF,S044,NODE_SUPPORT_ONLY,0.58,AUTO_CURATED_NEEDS_RELATION_EVIDENCE,THEMATIC,FALSE,2026-09-27,Семантическая курация M3 бывшей связи CONTRIBUTES_TO_MEGAPROJECT. До отдельного подтверждения это системная интерпретация SINERGY.
E00630,E00630,F059,M150,INCREASES_CAPACITY_OF,S044,NODE_SUPPORT_ONLY,0.58,AUTO_CURATED_NEEDS_RELATION_EVIDENCE,THEMATIC,FALSE,2026-09-27,Семантическая курация M3 бывшей связи CONTRIBUTES_TO_MEGAPROJECT. До отдельного подтверждения это системная интерпретация SINERGY.
E00631,E00631,F059,M135,INCREASES_CAPACITY_OF,S044,NODE_SUPPORT_ONLY,0.58,AUTO_CURATED_NEEDS_RELATION_EVIDENCE,THEMATIC,FALSE,2026-09-27,Семантическая курация M3 бывшей связи CONTRIBUTES_TO_MEGAPROJECT. До отдельного подтверждения это системная интерпретация SINERGY.
E00632,E00632,S045,F060,VALIDATES,S045,PROVENANCE,0.95,VERIFIED_PROVENANCE,EVIDENTIAL,TRUE,2026-09-27,Каноническое происхождение подтверждено источником.
E00633,E00633,F060,P114,PROPOSED_BY,S045,ATTRIBUTION,0.78,CURATED_ATTRIBUTION,PROVENANCE,FALSE,2026-09-27,Репрезентативная атрибуция автора из Frontier Graph 1.0.
E00634,E00634,F060,P115,PROPOSED_BY,S045,ATTRIBUTION,0.78,CURATED_ATTRIBUTION,PROVENANCE,FALSE,2026-09-27,Репрезентативная атрибуция автора из Frontier Graph 1.0.
E00635,E00635,F060,P116,PROPOSED_BY,S045,ATTRIBUTION,0.78,CURATED_ATTRIBUTION,PROVENANCE,FALSE,2026-09-27,Репрезентативная атрибуция автора из Frontier Graph 1.0.
E00636,E00636,F060,I028,PROPOSED_BY,S045,ATTRIBUTION,0.68,CURATED_PROGRAM_ASSOCIATION,PROVENANCE,FALSE,2026-09-27,Репрезентативная связь с институтом или программой; это не утверждение о финансировании.
E00637,E00637,F060,T002,GOVERNS,S045,NODE_SUPPORT_ONLY,0.74,AUTO_CURATED_NEEDS_RELATION_EVIDENCE,ENABLING,FALSE,2026-09-27,Семантическая курация M3 бывшей связи MAPS_TO_TECHNOLOGY. Источник подтверждает фронтирный узел; прямое доказательство самой связи всё ещё требует экспертной проверки.
E00638,E00638,F060,T015,GOVERNS,S045,NODE_SUPPORT_ONLY,0.74,AUTO_CURATED_NEEDS_RELATION_EVIDENCE,ENABLING,FALSE,2026-09-27,Семантическая курация M3 бывшей связи MAPS_TO_TECHNOLOGY. Источник подтверждает фронтирный узел; прямое доказательство самой связи всё ещё требует экспертной проверки.
E00639,E00639,F060,M133,GOVERNS,S045,NODE_SUPPORT_ONLY,0.69,AUTO_CURATED_NEEDS_RELATION_EVIDENCE,ENABLING,FALSE,2026-09-27,Семантическая курация M3 бывшей связи CONTRIBUTES_TO_MEGAPROJECT. До отдельного подтверждения это системная интерпретация SINERGY.
E00640,E00640,F060,M150,GOVERNS,S045,NODE_SUPPORT_ONLY,0.69,AUTO_CURATED_NEEDS_RELATION_EVIDENCE,ENABLING,FALSE,2026-09-27,Семантическая курация M3 бывшей связи CONTRIBUTES_TO_MEGAPROJECT. До отдельного подтверждения это системная интерпретация SINERGY.
E00641,E00641,F060,M126,GOVERNS,S045,NODE_SUPPORT_ONLY,0.69,AUTO_CURATED_NEEDS_RELATION_EVIDENCE,ENABLING,FALSE,2026-09-27,Семантическая курация M3 бывшей связи CONTRIBUTES_TO_MEGAPROJECT. До отдельного подтверждения это системная интерпретация SINERGY.
E00642,E00642,S046,F061,VALIDATES,S046,PROVENANCE,0.95,VERIFIED_PROVENANCE,EVIDENTIAL,TRUE,2026-09-27,Каноническое происхождение подтверждено источником.
E00643,E00643,F061,P117,PROPOSED_BY,S046,ATTRIBUTION,0.78,CURATED_ATTRIBUTION,PROVENANCE,FALSE,2026-09-27,Репрезентативная атрибуция автора из Frontier Graph 1.0.
E00644,E00644,F061,T002,GOVERNS,S046,NODE_SUPPORT_ONLY,0.74,AUTO_CURATED_NEEDS_RELATION_EVIDENCE,ENABLING,FALSE,2026-09-27,Семантическая курация M3 бывшей связи MAPS_TO_TECHNOLOGY. Источник подтверждает фронтирный узел; прямое доказательство самой связи всё ещё требует экспертной проверки.
E00645,E00645,F061,T074,GOVERNS,S046,NODE_SUPPORT_ONLY,0.74,AUTO_CURATED_NEEDS_RELATION_EVIDENCE,ENABLING,FALSE,2026-09-27,Семантическая курация M3 бывшей связи MAPS_TO_TECHNOLOGY. Источник подтверждает фронтирный узел; прямое доказательство самой связи всё ещё требует экспертной проверки.
E00646,E00646,F061,M133,GOVERNS,S046,NODE_SUPPORT_ONLY,0.69,AUTO_CURATED_NEEDS_RELATION_EVIDENCE,ENABLING,FALSE,2026-09-27,Семантическая курация M3 бывшей связи CONTRIBUTES_TO_MEGAPROJECT. До отдельного подтверждения это системная интерпретация SINERGY.
E00647,E00647,F061,M150,GOVERNS,S046,NODE_SUPPORT_ONLY,0.69,AUTO_CURATED_NEEDS_RELATION_EVIDENCE,ENABLING,FALSE,2026-09-27,Семантическая курация M3 бывшей связи CONTRIBUTES_TO_MEGAPROJECT. До отдельного подтверждения это системная интерпретация SINERGY.
E00648,E00648,F061,M135,GOVERNS,S046,NODE_SUPPORT_ONLY,0.69,AUTO_CURATED_NEEDS_RELATION_EVIDENCE,ENABLING,FALSE,2026-09-27,Семантическая курация M3 бывшей связи CONTRIBUTES_TO_MEGAPROJECT. До отдельного подтверждения это системная интерпретация SINERGY.
E00649,E00649,S047,F062,VALIDATES,S047,PROVENANCE,0.95,VERIFIED_PROVENANCE,EVIDENTIAL,TRUE,2026-09-27,Каноническое происхождение подтверждено источником.
E00650,E00650,F062,P118,PROPOSED_BY,S047,ATTRIBUTION,0.78,CURATED_ATTRIBUTION,PROVENANCE,FALSE,2026-09-27,Репрезентативная атрибуция автора из Frontier Graph 1.0.
E00651,E00651,F062,I029,PROPOSED_BY,S047,ATTRIBUTION,0.68,CURATED_PROGRAM_ASSOCIATION,PROVENANCE,FALSE,2026-09-27,Репрезентативная связь с институтом или программой; это не утверждение о финансировании.
E00652,E00652,F062,T002,INCREASES_CAPACITY_OF,S047,NODE_SUPPORT_ONLY,0.72,AUTO_CURATED_NEEDS_RELATION_EVIDENCE,ENABLING,FALSE,2026-09-27,Семантическая курация M3 бывшей связи MAPS_TO_TECHNOLOGY. Источник подтверждает фронтирный узел; прямое доказательство самой связи всё ещё требует экспертной проверки.
E00653,E00653,F062,T003,INCREASES_CAPACITY_OF,S047,NODE_SUPPORT_ONLY,0.72,AUTO_CURATED_NEEDS_RELATION_EVIDENCE,ENABLING,FALSE,2026-09-27,Семантическая курация M3 бывшей связи MAPS_TO_TECHNOLOGY. Источник подтверждает фронтирный узел; прямое доказательство самой связи всё ещё требует экспертной проверки.
E00654,E00654,F062,T019,INCREASES_CAPACITY_OF,S047,NODE_SUPPORT_ONLY,0.72,AUTO_CURATED_NEEDS_RELATION_EVIDENCE,ENABLING,FALSE,2026-09-27,Семантическая курация M3 бывшей связи MAPS_TO_TECHNOLOGY. Источник подтверждает фронтирный узел; прямое доказательство самой связи всё ещё требует экспертной проверки.
E00655,E00655,F062,T063,INCREASES_CAPACITY_OF,S047,NODE_SUPPORT_ONLY,0.72,AUTO_CURATED_NEEDS_RELATION_EVIDENCE,ENABLING,FALSE,2026-09-27,Семантическая курация M3 бывшей связи MAPS_TO_TECHNOLOGY. Источник подтверждает фронтирный узел; прямое доказательство самой связи всё ещё требует экспертной проверки.
E00656,E00656,F062,M133,INCREASES_CAPACITY_OF,S047,NODE_SUPPORT_ONLY,0.58,AUTO_CURATED_NEEDS_RELATION_EVIDENCE,THEMATIC,FALSE,2026-09-27,Семантическая курация M3 бывшей связи CONTRIBUTES_TO_MEGAPROJECT. До отдельного подтверждения это системная интерпретация SINERGY.
E00657,E00657,F062,M150,INCREASES_CAPACITY_OF,S047,NODE_SUPPORT_ONLY,0.58,AUTO_CURATED_NEEDS_RELATION_EVIDENCE,THEMATIC,FALSE,2026-09-27,Семантическая курация M3 бывшей связи CONTRIBUTES_TO_MEGAPROJECT. До отдельного подтверждения это системная интерпретация SINERGY.
E00658,E00658,F062,M034,INCREASES_CAPACITY_OF,S047,NODE_SUPPORT_ONLY,0.58,AUTO_CURATED_NEEDS_RELATION_EVIDENCE,THEMATIC,FALSE,2026-09-27,Семантическая курация M3 бывшей связи CONTRIBUTES_TO_MEGAPROJECT. До отдельного подтверждения это системная интерпретация SINERGY.
E00659,E00659,F062,M136,INCREASES_CAPACITY_OF,S047,NODE_SUPPORT_ONLY,0.58,AUTO_CURATED_NEEDS_RELATION_EVIDENCE,THEMATIC,FALSE,2026-09-27,Семантическая курация M3 бывшей связи CONTRIBUTES_TO_MEGAPROJECT. До отдельного подтверждения это системная интерпретация SINERGY.
E00660,E00660,S048,F063,VALIDATES,S048,PROVENANCE,0.95,VERIFIED_PROVENANCE,EVIDENTIAL,TRUE,2026-09-27,Каноническое происхождение подтверждено источником.
E00661,E00661,F063,P119,PROPOSED_BY,S048,ATTRIBUTION,0.78,CURATED_ATTRIBUTION,PROVENANCE,FALSE,2026-09-27,Репрезентативная атрибуция автора из Frontier Graph 1.0.
E00662,E00662,F063,I030,PROPOSED_BY,S048,ATTRIBUTION,0.68,CURATED_PROGRAM_ASSOCIATION,PROVENANCE,FALSE,2026-09-27,Репрезентативная связь с институтом или программой; это не утверждение о финансировании.
E00663,E00663,F063,T002,DEPENDS_ON,S048,NODE_SUPPORT_ONLY,0.56,AUTO_CURATED_NEEDS_RELATION_EVIDENCE,THEMATIC,FALSE,2026-09-27,Семантическая курация M3 бывшей связи MAPS_TO_TECHNOLOGY. Источник подтверждает фронтирный узел; прямое доказательство самой связи всё ещё требует экспертной проверки.
E00664,E00664,F063,T003,DEPENDS_ON,S048,NODE_SUPPORT_ONLY,0.56,AUTO_CURATED_NEEDS_RELATION_EVIDENCE,THEMATIC,FALSE,2026-09-27,Семантическая курация M3 бывшей связи MAPS_TO_TECHNOLOGY. Источник подтверждает фронтирный узел; прямое доказательство самой связи всё ещё требует экспертной проверки.
E00665,E00665,F063,T019,DEPENDS_ON,S048,NODE_SUPPORT_ONLY,0.56,AUTO_CURATED_NEEDS_RELATION_EVIDENCE,THEMATIC,FALSE,2026-09-27,Семантическая курация M3 бывшей связи MAPS_TO_TECHNOLOGY. Источник подтверждает фронтирный узел; прямое доказательство самой связи всё ещё требует экспертной проверки.
E00666,E00666,F063,T058,DEPENDS_ON,S048,NODE_SUPPORT_ONLY,0.56,AUTO_CURATED_NEEDS_RELATION_EVIDENCE,THEMATIC,FALSE,2026-09-27,Семантическая курация M3 бывшей связи MAPS_TO_TECHNOLOGY. Источник подтверждает фронтирный узел; прямое доказательство самой связи всё ещё требует экспертной проверки.
E00667,E00667,F063,T059,DEPENDS_ON,S048,NODE_SUPPORT_ONLY,0.56,AUTO_CURATED_NEEDS_RELATION_EVIDENCE,THEMATIC,FALSE,2026-09-27,Семантическая курация M3 бывшей связи MAPS_TO_TECHNOLOGY. Источник подтверждает фронтирный узел; прямое доказательство самой связи всё ещё требует экспертной проверки.
E00668,E00668,F063,T060,DEPENDS_ON,S048,NODE_SUPPORT_ONLY,0.56,AUTO_CURATED_NEEDS_RELATION_EVIDENCE,THEMATIC,FALSE,2026-09-27,Семантическая курация M3 бывшей связи MAPS_TO_TECHNOLOGY. Источник подтверждает фронтирный узел; прямое доказательство самой связи всё ещё требует экспертной проверки.
E00669,E00669,F063,M133,INCREASES_CAPACITY_OF,S048,NODE_SUPPORT_ONLY,0.58,AUTO_CURATED_NEEDS_RELATION_EVIDENCE,THEMATIC,FALSE,2026-09-27,Семантическая курация M3 бывшей связи CONTRIBUTES_TO_MEGAPROJECT. До отдельного подтверждения это системная интерпретация SINERGY.
E00670,E00670,F063,M150,INCREASES_CAPACITY_OF,S048,NODE_SUPPORT_ONLY,0.58,AUTO_CURATED_NEEDS_RELATION_EVIDENCE,THEMATIC,FALSE,2026-09-27,Семантическая курация M3 бывшей связи CONTRIBUTES_TO_MEGAPROJECT. До отдельного подтверждения это системная интерпретация SINERGY.
E00671,E00671,F063,M034,INCREASES_CAPACITY_OF,S048,NODE_SUPPORT_ONLY,0.58,AUTO_CURATED_NEEDS_RELATION_EVIDENCE,THEMATIC,FALSE,2026-09-27,Семантическая курация M3 бывшей связи CONTRIBUTES_TO_MEGAPROJECT. До отдельного подтверждения это системная интерпретация SINERGY.
E00672,E00672,F063,M136,INCREASES_CAPACITY_OF,S048,NODE_SUPPORT_ONLY,0.58,AUTO_CURATED_NEEDS_RELATION_EVIDENCE,THEMATIC,FALSE,2026-09-27,Семантическая курация M3 бывшей связи CONTRIBUTES_TO_MEGAPROJECT. До отдельного подтверждения это системная интерпретация SINERGY.
E00673,E00673,S010,F064,VALIDATES,S010,PROVENANCE,0.95,VERIFIED_PROVENANCE,EVIDENTIAL,TRUE,2026-09-27,Каноническое происхождение подтверждено источником.
E00674,E00674,F064,P015,PROPOSED_BY,S010,ATTRIBUTION,0.78,CURATED_ATTRIBUTION,PROVENANCE,FALSE,2026-09-27,Репрезентативная атрибуция автора из Frontier Graph 1.0.
E00675,E00675,F064,P120,PROPOSED_BY,S010,ATTRIBUTION,0.78,CURATED_ATTRIBUTION,PROVENANCE,FALSE,2026-09-27,Репрезентативная атрибуция автора из Frontier Graph 1.0.
E00676,E00676,F064,I008,PROPOSED_BY,S010,ATTRIBUTION,0.68,CURATED_PROGRAM_ASSOCIATION,PROVENANCE,FALSE,2026-09-27,Репрезентативная связь с институтом или программой; это не утверждение о финансировании.
E00677,E00677,F064,T061,INCREASES_CAPACITY_OF,S010,NODE_SUPPORT_ONLY,0.72,AUTO_CURATED_NEEDS_RELATION_EVIDENCE,ENABLING,FALSE,2026-09-27,Семантическая курация M3 бывшей связи MAPS_TO_TECHNOLOGY. Источник подтверждает фронтирный узел; прямое доказательство самой связи всё ещё требует экспертной проверки.
E00678,E00678,F064,T063,INCREASES_CAPACITY_OF,S010,NODE_SUPPORT_ONLY,0.72,AUTO_CURATED_NEEDS_RELATION_EVIDENCE,ENABLING,FALSE,2026-09-27,Семантическая курация M3 бывшей связи MAPS_TO_TECHNOLOGY. Источник подтверждает фронтирный узел; прямое доказательство самой связи всё ещё требует экспертной проверки.
E00679,E00679,F064,T064,INCREASES_CAPACITY_OF,S010,NODE_SUPPORT_ONLY,0.72,AUTO_CURATED_NEEDS_RELATION_EVIDENCE,ENABLING,FALSE,2026-09-27,Семантическая курация M3 бывшей связи MAPS_TO_TECHNOLOGY. Источник подтверждает фронтирный узел; прямое доказательство самой связи всё ещё требует экспертной проверки.
E00680,E00680,F064,T070,INCREASES_CAPACITY_OF,S010,NODE_SUPPORT_ONLY,0.72,AUTO_CURATED_NEEDS_RELATION_EVIDENCE,ENABLING,FALSE,2026-09-27,Семантическая курация M3 бывшей связи MAPS_TO_TECHNOLOGY. Источник подтверждает фронтирный узел; прямое доказательство самой связи всё ещё требует экспертной проверки.
E00681,E00681,F064,M133,INCREASES_CAPACITY_OF,S010,NODE_SUPPORT_ONLY,0.58,AUTO_CURATED_NEEDS_RELATION_EVIDENCE,THEMATIC,FALSE,2026-09-27,Семантическая курация M3 бывшей связи CONTRIBUTES_TO_MEGAPROJECT. До отдельного подтверждения это системная интерпретация SINERGY.
E00682,E00682,F064,M150,INCREASES_CAPACITY_OF,S010,NODE_SUPPORT_ONLY,0.58,AUTO_CURATED_NEEDS_RELATION_EVIDENCE,THEMATIC,FALSE,2026-09-27,Семантическая курация M3 бывшей связи CONTRIBUTES_TO_MEGAPROJECT. До отдельного подтверждения это системная интерпретация SINERGY.
E00683,E00683,S049,F065,VALIDATES,S049,PROVENANCE,0.95,VERIFIED_PROVENANCE,EVIDENTIAL,TRUE,2026-09-27,Каноническое происхождение подтверждено источником.
E00684,E00684,F065,P121,PROPOSED_BY,S049,ATTRIBUTION,0.78,CURATED_ATTRIBUTION,PROVENANCE,FALSE,2026-09-27,Репрезентативная атрибуция автора из Frontier Graph 1.0.
E00685,E00685,F065,T061,INCREASES_CAPACITY_OF,S049,NODE_SUPPORT_ONLY,0.72,AUTO_CURATED_NEEDS_RELATION_EVIDENCE,ENABLING,FALSE,2026-09-27,Семантическая курация M3 бывшей связи MAPS_TO_TECHNOLOGY. Источник подтверждает фронтирный узел; прямое доказательство самой связи всё ещё требует экспертной проверки.
E00686,E00686,F065,T063,INCREASES_CAPACITY_OF,S049,NODE_SUPPORT_ONLY,0.72,AUTO_CURATED_NEEDS_RELATION_EVIDENCE,ENABLING,FALSE,2026-09-27,Семантическая курация M3 бывшей связи MAPS_TO_TECHNOLOGY. Источник подтверждает фронтирный узел; прямое доказательство самой связи всё ещё требует экспертной проверки.
E00687,E00687,F065,T064,INCREASES_CAPACITY_OF,S049,NODE_SUPPORT_ONLY,0.72,AUTO_CURATED_NEEDS_RELATION_EVIDENCE,ENABLING,FALSE,2026-09-27,Семантическая курация M3 бывшей связи MAPS_TO_TECHNOLOGY. Источник подтверждает фронтирный узел; прямое доказательство самой связи всё ещё требует экспертной проверки.
E00688,E00688,F065,T070,INCREASES_CAPACITY_OF,S049,NODE_SUPPORT_ONLY,0.72,AUTO_CURATED_NEEDS_RELATION_EVIDENCE,ENABLING,FALSE,2026-09-27,Семантическая курация M3 бывшей связи MAPS_TO_TECHNOLOGY. Источник подтверждает фронтирный узел; прямое доказательство самой связи всё ещё требует экспертной проверки.
E00689,E00689,F065,M133,INCREASES_CAPACITY_OF,S049,NODE_SUPPORT_ONLY,0.58,AUTO_CURATED_NEEDS_RELATION_EVIDENCE,THEMATIC,FALSE,2026-09-27,Семантическая курация M3 бывшей связи CONTRIBUTES_TO_MEGAPROJECT. До отдельного подтверждения это системная интерпретация SINERGY.
E00690,E00690,F065,M150,INCREASES_CAPACITY_OF,S049,NODE_SUPPORT_ONLY,0.58,AUTO_CURATED_NEEDS_RELATION_EVIDENCE,THEMATIC,FALSE,2026-09-27,Семантическая курация M3 бывшей связи CONTRIBUTES_TO_MEGAPROJECT. До отдельного подтверждения это системная интерпретация SINERGY.
E00691,E00691,S050,F066,VALIDATES,S050,PROVENANCE,0.95,VERIFIED_PROVENANCE,EVIDENTIAL,TRUE,2026-09-27,Каноническое происхождение подтверждено источником.
E00692,E00692,F066,P122,PROPOSED_BY,S050,ATTRIBUTION,0.78,CURATED_ATTRIBUTION,PROVENANCE,FALSE,2026-09-27,Репрезентативная атрибуция автора из Frontier Graph 1.0.
E00693,E00693,F066,P123,PROPOSED_BY,S050,ATTRIBUTION,0.78,CURATED_ATTRIBUTION,PROVENANCE,FALSE,2026-09-27,Репрезентативная атрибуция автора из Frontier Graph 1.0.
E00694,E00694,F066,P124,PROPOSED_BY,S050,ATTRIBUTION,0.78,CURATED_ATTRIBUTION,PROVENANCE,FALSE,2026-09-27,Репрезентативная атрибуция автора из Frontier Graph 1.0.
E00695,E00695,F066,I031,PROPOSED_BY,S050,ATTRIBUTION,0.68,CURATED_PROGRAM_ASSOCIATION,PROVENANCE,FALSE,2026-09-27,Репрезентативная связь с институтом или программой; это не утверждение о финансировании.
E00696,E00696,F066,T031,DEPENDS_ON,S050,NODE_SUPPORT_ONLY,0.56,AUTO_CURATED_NEEDS_RELATION_EVIDENCE,THEMATIC,FALSE,2026-09-27,Семантическая курация M3 бывшей связи MAPS_TO_TECHNOLOGY. Источник подтверждает фронтирный узел; прямое доказательство самой связи всё ещё требует экспертной проверки.
E00697,E00697,F066,T032,DEPENDS_ON,S050,NODE_SUPPORT_ONLY,0.56,AUTO_CURATED_NEEDS_RELATION_EVIDENCE,THEMATIC,FALSE,2026-09-27,Семантическая курация M3 бывшей связи MAPS_TO_TECHNOLOGY. Источник подтверждает фронтирный узел; прямое доказательство самой связи всё ещё требует экспертной проверки.
E00698,E00698,F066,T033,DEPENDS_ON,S050,NODE_SUPPORT_ONLY,0.56,AUTO_CURATED_NEEDS_RELATION_EVIDENCE,THEMATIC,FALSE,2026-09-27,Семантическая курация M3 бывшей связи MAPS_TO_TECHNOLOGY. Источник подтверждает фронтирный узел; прямое доказательство самой связи всё ещё требует экспертной проверки.
E00699,E00699,F066,T034,DEPENDS_ON,S050,NODE_SUPPORT_ONLY,0.56,AUTO_CURATED_NEEDS_RELATION_EVIDENCE,THEMATIC,FALSE,2026-09-27,Семантическая курация M3 бывшей связи MAPS_TO_TECHNOLOGY. Источник подтверждает фронтирный узел; прямое доказательство самой связи всё ещё требует экспертной проверки.
E00700,E00700,F066,T051,DEPENDS_ON,S050,NODE_SUPPORT_ONLY,0.56,AUTO_CURATED_NEEDS_RELATION_EVIDENCE,THEMATIC,FALSE,2026-09-27,Семантическая курация M3 бывшей связи MAPS_TO_TECHNOLOGY. Источник подтверждает фронтирный узел; прямое доказательство самой связи всё ещё требует экспертной проверки.
E00701,E00701,F066,T052,DEPENDS_ON,S050,NODE_SUPPORT_ONLY,0.56,AUTO_CURATED_NEEDS_RELATION_EVIDENCE,THEMATIC,FALSE,2026-09-27,Семантическая курация M3 бывшей связи MAPS_TO_TECHNOLOGY. Источник подтверждает фронтирный узел; прямое доказательство самой связи всё ещё требует экспертной проверки.
E00702,E00702,F066,M133,INCREASES_CAPACITY_OF,S050,NODE_SUPPORT_ONLY,0.66,AUTO_CURATED_NEEDS_RELATION_EVIDENCE,ENABLING,FALSE,2026-09-27,Семантическая курация M3 бывшей связи CONTRIBUTES_TO_MEGAPROJECT. До отдельного подтверждения это системная интерпретация SINERGY.
E00703,E00703,F066,M150,INCREASES_CAPACITY_OF,S050,NODE_SUPPORT_ONLY,0.66,AUTO_CURATED_NEEDS_RELATION_EVIDENCE,ENABLING,FALSE,2026-09-27,Семантическая курация M3 бывшей связи CONTRIBUTES_TO_MEGAPROJECT. До отдельного подтверждения это системная интерпретация SINERGY.
E00704,E00704,F066,M034,INCREASES_CAPACITY_OF,S050,NODE_SUPPORT_ONLY,0.66,AUTO_CURATED_NEEDS_RELATION_EVIDENCE,ENABLING,FALSE,2026-09-27,Семантическая курация M3 бывшей связи CONTRIBUTES_TO_MEGAPROJECT. До отдельного подтверждения это системная интерпретация SINERGY.
E00705,E00705,F066,M136,INCREASES_CAPACITY_OF,S050,NODE_SUPPORT_ONLY,0.66,AUTO_CURATED_NEEDS_RELATION_EVIDENCE,ENABLING,FALSE,2026-09-27,Семантическая курация M3 бывшей связи CONTRIBUTES_TO_MEGAPROJECT. До отдельного подтверждения это системная интерпретация SINERGY.
E00706,E00706,S051,F067,VALIDATES,S051,PROVENANCE,0.95,VERIFIED_PROVENANCE,EVIDENTIAL,TRUE,2026-09-27,Каноническое происхождение подтверждено источником.
E00707,E00707,F067,P125,PROPOSED_BY,S051,ATTRIBUTION,0.78,CURATED_ATTRIBUTION,PROVENANCE,FALSE,2026-09-27,Репрезентативная атрибуция автора из Frontier Graph 1.0.
E00708,E00708,F067,P126,PROPOSED_BY,S051,ATTRIBUTION,0.78,CURATED_ATTRIBUTION,PROVENANCE,FALSE,2026-09-27,Репрезентативная атрибуция автора из Frontier Graph 1.0.
E00709,E00709,F067,P127,PROPOSED_BY,S051,ATTRIBUTION,0.78,CURATED_ATTRIBUTION,PROVENANCE,FALSE,2026-09-27,Репрезентативная атрибуция автора из Frontier Graph 1.0.
E00710,E00710,F067,P128,PROPOSED_BY,S051,ATTRIBUTION,0.78,CURATED_ATTRIBUTION,PROVENANCE,FALSE,2026-09-27,Репрезентативная атрибуция автора из Frontier Graph 1.0.
E00711,E00711,F067,T061,ENABLES,S051,NODE_SUPPORT_ONLY,0.74,AUTO_CURATED_NEEDS_RELATION_EVIDENCE,ENABLING,FALSE,2026-09-27,Семантическая курация M3 бывшей связи MAPS_TO_TECHNOLOGY. Источник подтверждает фронтирный узел; прямое доказательство самой связи всё ещё требует экспертной проверки.
E00712,E00712,F067,T063,ENABLES,S051,NODE_SUPPORT_ONLY,0.74,AUTO_CURATED_NEEDS_RELATION_EVIDENCE,ENABLING,FALSE,2026-09-27,Семантическая курация M3 бывшей связи MAPS_TO_TECHNOLOGY. Источник подтверждает фронтирный узел; прямое доказательство самой связи всё ещё требует экспертной проверки.
E00713,E00713,F067,T064,ENABLES,S051,NODE_SUPPORT_ONLY,0.74,AUTO_CURATED_NEEDS_RELATION_EVIDENCE,ENABLING,FALSE,2026-09-27,Семантическая курация M3 бывшей связи MAPS_TO_TECHNOLOGY. Источник подтверждает фронтирный узел; прямое доказательство самой связи всё ещё требует экспертной проверки.
E00714,E00714,F067,T070,ENABLES,S051,NODE_SUPPORT_ONLY,0.74,AUTO_CURATED_NEEDS_RELATION_EVIDENCE,ENABLING,FALSE,2026-09-27,Семантическая курация M3 бывшей связи MAPS_TO_TECHNOLOGY. Источник подтверждает фронтирный узел; прямое доказательство самой связи всё ещё требует экспертной проверки.
E00715,E00715,F067,M034,INCREASES_CAPACITY_OF,S051,NODE_SUPPORT_ONLY,0.58,AUTO_CURATED_NEEDS_RELATION_EVIDENCE,THEMATIC,FALSE,2026-09-27,Семантическая курация M3 бывшей связи CONTRIBUTES_TO_MEGAPROJECT. До отдельного подтверждения это системная интерпретация SINERGY.
E00716,E00716,F067,M136,INCREASES_CAPACITY_OF,S051,NODE_SUPPORT_ONLY,0.58,AUTO_CURATED_NEEDS_RELATION_EVIDENCE,THEMATIC,FALSE,2026-09-27,Семантическая курация M3 бывшей связи CONTRIBUTES_TO_MEGAPROJECT. До отдельного подтверждения это системная интерпретация SINERGY.
E00717,E00717,S052,F068,VALIDATES,S052,PROVENANCE,0.95,VERIFIED_PROVENANCE,EVIDENTIAL,TRUE,2026-09-27,Каноническое происхождение подтверждено источником.
E00718,E00718,F068,P129,PROPOSED_BY,S052,ATTRIBUTION,0.78,CURATED_ATTRIBUTION,PROVENANCE,FALSE,2026-09-27,Репрезентативная атрибуция автора из Frontier Graph 1.0.
E00719,E00719,F068,P130,PROPOSED_BY,S052,ATTRIBUTION,0.78,CURATED_ATTRIBUTION,PROVENANCE,FALSE,2026-09-27,Репрезентативная атрибуция автора из Frontier Graph 1.0.
E00720,E00720,F068,P131,PROPOSED_BY,S052,ATTRIBUTION,0.78,CURATED_ATTRIBUTION,PROVENANCE,FALSE,2026-09-27,Репрезентативная атрибуция автора из Frontier Graph 1.0.
E00721,E00721,F068,P132,PROPOSED_BY,S052,ATTRIBUTION,0.78,CURATED_ATTRIBUTION,PROVENANCE,FALSE,2026-09-27,Репрезентативная атрибуция автора из Frontier Graph 1.0.
E00722,E00722,F068,P133,PROPOSED_BY,S052,ATTRIBUTION,0.78,CURATED_ATTRIBUTION,PROVENANCE,FALSE,2026-09-27,Репрезентативная атрибуция автора из Frontier Graph 1.0.
E00723,E00723,F068,T061,ENABLES,S052,NODE_SUPPORT_ONLY,0.74,AUTO_CURATED_NEEDS_RELATION_EVIDENCE,ENABLING,FALSE,2026-09-27,Семантическая курация M3 бывшей связи MAPS_TO_TECHNOLOGY. Источник подтверждает фронтирный узел; прямое доказательство самой связи всё ещё требует экспертной проверки.
E00724,E00724,F068,T063,ENABLES,S052,NODE_SUPPORT_ONLY,0.74,AUTO_CURATED_NEEDS_RELATION_EVIDENCE,ENABLING,FALSE,2026-09-27,Семантическая курация M3 бывшей связи MAPS_TO_TECHNOLOGY. Источник подтверждает фронтирный узел; прямое доказательство самой связи всё ещё требует экспертной проверки.
E00725,E00725,F068,T064,ENABLES,S052,NODE_SUPPORT_ONLY,0.74,AUTO_CURATED_NEEDS_RELATION_EVIDENCE,ENABLING,FALSE,2026-09-27,Семантическая курация M3 бывшей связи MAPS_TO_TECHNOLOGY. Источник подтверждает фронтирный узел; прямое доказательство самой связи всё ещё требует экспертной проверки.
E00726,E00726,F068,T070,ENABLES,S052,NODE_SUPPORT_ONLY,0.74,AUTO_CURATED_NEEDS_RELATION_EVIDENCE,ENABLING,FALSE,2026-09-27,Семантическая курация M3 бывшей связи MAPS_TO_TECHNOLOGY. Источник подтверждает фронтирный узел; прямое доказательство самой связи всё ещё требует экспертной проверки.
E00727,E00727,F068,M034,INCREASES_CAPACITY_OF,S052,NODE_SUPPORT_ONLY,0.58,AUTO_CURATED_NEEDS_RELATION_EVIDENCE,THEMATIC,FALSE,2026-09-27,Семантическая курация M3 бывшей связи CONTRIBUTES_TO_MEGAPROJECT. До отдельного подтверждения это системная интерпретация SINERGY.
E00728,E00728,F068,M136,INCREASES_CAPACITY_OF,S052,NODE_SUPPORT_ONLY,0.58,AUTO_CURATED_NEEDS_RELATION_EVIDENCE,THEMATIC,FALSE,2026-09-27,Семантическая курация M3 бывшей связи CONTRIBUTES_TO_MEGAPROJECT. До отдельного подтверждения это системная интерпретация SINERGY.
E00729,E00729,S053,F069,VALIDATES,S053,PROVENANCE,0.95,VERIFIED_PROVENANCE,EVIDENTIAL,TRUE,2026-09-27,Каноническое происхождение подтверждено источником.
E00730,E00730,F069,P134,PROPOSED_BY,S053,ATTRIBUTION,0.78,CURATED_ATTRIBUTION,PROVENANCE,FALSE,2026-09-27,Репрезентативная атрибуция автора из Frontier Graph 1.0.
E00731,E00731,F069,P135,PROPOSED_BY,S053,ATTRIBUTION,0.78,CURATED_ATTRIBUTION,PROVENANCE,FALSE,2026-09-27,Репрезентативная атрибуция автора из Frontier Graph 1.0.
E00732,E00732,F069,P136,PROPOSED_BY,S053,ATTRIBUTION,0.78,CURATED_ATTRIBUTION,PROVENANCE,FALSE,2026-09-27,Репрезентативная атрибуция автора из Frontier Graph 1.0.
E00733,E00733,F069,P137,PROPOSED_BY,S053,ATTRIBUTION,0.78,CURATED_ATTRIBUTION,PROVENANCE,FALSE,2026-09-27,Репрезентативная атрибуция автора из Frontier Graph 1.0.
E00734,E00734,F069,T061,ENABLES,S053,NODE_SUPPORT_ONLY,0.74,AUTO_CURATED_NEEDS_RELATION_EVIDENCE,ENABLING,FALSE,2026-09-27,Семантическая курация M3 бывшей связи MAPS_TO_TECHNOLOGY. Источник подтверждает фронтирный узел; прямое доказательство самой связи всё ещё требует экспертной проверки.
E00735,E00735,F069,T063,ENABLES,S053,NODE_SUPPORT_ONLY,0.74,AUTO_CURATED_NEEDS_RELATION_EVIDENCE,ENABLING,FALSE,2026-09-27,Семантическая курация M3 бывшей связи MAPS_TO_TECHNOLOGY. Источник подтверждает фронтирный узел; прямое доказательство самой связи всё ещё требует экспертной проверки.
E00736,E00736,F069,T064,ENABLES,S053,NODE_SUPPORT_ONLY,0.74,AUTO_CURATED_NEEDS_RELATION_EVIDENCE,ENABLING,FALSE,2026-09-27,Семантическая курация M3 бывшей связи MAPS_TO_TECHNOLOGY. Источник подтверждает фронтирный узел; прямое доказательство самой связи всё ещё требует экспертной проверки.
E00737,E00737,F069,T070,ENABLES,S053,NODE_SUPPORT_ONLY,0.74,AUTO_CURATED_NEEDS_RELATION_EVIDENCE,ENABLING,FALSE,2026-09-27,Семантическая курация M3 бывшей связи MAPS_TO_TECHNOLOGY. Источник подтверждает фронтирный узел; прямое доказательство самой связи всё ещё требует экспертной проверки.
E00738,E00738,F069,M034,INCREASES_CAPACITY_OF,S053,NODE_SUPPORT_ONLY,0.58,AUTO_CURATED_NEEDS_RELATION_EVIDENCE,THEMATIC,FALSE,2026-09-27,Семантическая курация M3 бывшей связи CONTRIBUTES_TO_MEGAPROJECT. До отдельного подтверждения это системная интерпретация SINERGY.
E00739,E00739,F069,M136,INCREASES_CAPACITY_OF,S053,NODE_SUPPORT_ONLY,0.58,AUTO_CURATED_NEEDS_RELATION_EVIDENCE,THEMATIC,FALSE,2026-09-27,Семантическая курация M3 бывшей связи CONTRIBUTES_TO_MEGAPROJECT. До отдельного подтверждения это системная интерпретация SINERGY.
E00740,E00740,S054,F070,VALIDATES,S054,PROVENANCE,0.95,VERIFIED_PROVENANCE,EVIDENTIAL,TRUE,2026-09-27,Каноническое происхождение подтверждено источником.
E00741,E00741,F070,P138,PROPOSED_BY,S054,ATTRIBUTION,0.78,CURATED_ATTRIBUTION,PROVENANCE,FALSE,2026-09-27,Репрезентативная атрибуция автора из Frontier Graph 1.0.
E00742,E00742,F070,I032,PROPOSED_BY,S054,ATTRIBUTION,0.68,CURATED_PROGRAM_ASSOCIATION,PROVENANCE,FALSE,2026-09-27,Репрезентативная связь с институтом или программой; это не утверждение о финансировании.
E00743,E00743,F070,T061,DEPENDS_ON,S054,NODE_SUPPORT_ONLY,0.56,AUTO_CURATED_NEEDS_RELATION_EVIDENCE,THEMATIC,FALSE,2026-09-27,Семантическая курация M3 бывшей связи MAPS_TO_TECHNOLOGY. Источник подтверждает фронтирный узел; прямое доказательство самой связи всё ещё требует экспертной проверки.
E00744,E00744,F070,T063,DEPENDS_ON,S054,NODE_SUPPORT_ONLY,0.56,AUTO_CURATED_NEEDS_RELATION_EVIDENCE,THEMATIC,FALSE,2026-09-27,Семантическая курация M3 бывшей связи MAPS_TO_TECHNOLOGY. Источник подтверждает фронтирный узел; прямое доказательство самой связи всё ещё требует экспертной проверки.
E00745,E00745,F070,T064,DEPENDS_ON,S054,NODE_SUPPORT_ONLY,0.56,AUTO_CURATED_NEEDS_RELATION_EVIDENCE,THEMATIC,FALSE,2026-09-27,Семантическая курация M3 бывшей связи MAPS_TO_TECHNOLOGY. Источник подтверждает фронтирный узел; прямое доказательство самой связи всё ещё требует экспертной проверки.
E00746,E00746,F070,T070,DEPENDS_ON,S054,NODE_SUPPORT_ONLY,0.56,AUTO_CURATED_NEEDS_RELATION_EVIDENCE,THEMATIC,FALSE,2026-09-27,Семантическая курация M3 бывшей связи MAPS_TO_TECHNOLOGY. Источник подтверждает фронтирный узел; прямое доказательство самой связи всё ещё требует экспертной проверки.
E00747,E00747,F070,M034,INCREASES_CAPACITY_OF,S054,NODE_SUPPORT_ONLY,0.58,AUTO_CURATED_NEEDS_RELATION_EVIDENCE,THEMATIC,FALSE,2026-09-27,Семантическая курация M3 бывшей связи CONTRIBUTES_TO_MEGAPROJECT. До отдельного подтверждения это системная интерпретация SINERGY.
E00748,E00748,F070,M136,INCREASES_CAPACITY_OF,S054,NODE_SUPPORT_ONLY,0.58,AUTO_CURATED_NEEDS_RELATION_EVIDENCE,THEMATIC,FALSE,2026-09-27,Семантическая курация M3 бывшей связи CONTRIBUTES_TO_MEGAPROJECT. До отдельного подтверждения это системная интерпретация SINERGY.
E00749,E00749,S055,F071,VALIDATES,S055,PROVENANCE,0.95,VERIFIED_PROVENANCE,EVIDENTIAL,TRUE,2026-09-27,Каноническое происхождение подтверждено источником.
E00750,E00750,F071,P139,PROPOSED_BY,S055,ATTRIBUTION,0.78,CURATED_ATTRIBUTION,PROVENANCE,FALSE,2026-09-27,Репрезентативная атрибуция автора из Frontier Graph 1.0.
E00751,E00751,F071,P140,PROPOSED_BY,S055,ATTRIBUTION,0.78,CURATED_ATTRIBUTION,PROVENANCE,FALSE,2026-09-27,Репрезентативная атрибуция автора из Frontier Graph 1.0.
E00752,E00752,F071,P141,PROPOSED_BY,S055,ATTRIBUTION,0.78,CURATED_ATTRIBUTION,PROVENANCE,FALSE,2026-09-27,Репрезентативная атрибуция автора из Frontier Graph 1.0.
E00753,E00753,F071,P142,PROPOSED_BY,S055,ATTRIBUTION,0.78,CURATED_ATTRIBUTION,PROVENANCE,FALSE,2026-09-27,Репрезентативная атрибуция автора из Frontier Graph 1.0.
E00754,E00754,F071,T021,ENABLES,S055,NODE_SUPPORT_ONLY,0.74,AUTO_CURATED_NEEDS_RELATION_EVIDENCE,ENABLING,FALSE,2026-09-27,Семантическая курация M3 бывшей связи MAPS_TO_TECHNOLOGY. Источник подтверждает фронтирный узел; прямое доказательство самой связи всё ещё требует экспертной проверки.
E00755,E00755,F071,T022,ENABLES,S055,NODE_SUPPORT_ONLY,0.74,AUTO_CURATED_NEEDS_RELATION_EVIDENCE,ENABLING,FALSE,2026-09-27,Семантическая курация M3 бывшей связи MAPS_TO_TECHNOLOGY. Источник подтверждает фронтирный узел; прямое доказательство самой связи всё ещё требует экспертной проверки.
E00756,E00756,F071,T023,ENABLES,S055,NODE_SUPPORT_ONLY,0.74,AUTO_CURATED_NEEDS_RELATION_EVIDENCE,ENABLING,FALSE,2026-09-27,Семантическая курация M3 бывшей связи MAPS_TO_TECHNOLOGY. Источник подтверждает фронтирный узел; прямое доказательство самой связи всё ещё требует экспертной проверки.
E00757,E00757,F071,T024,ENABLES,S055,NODE_SUPPORT_ONLY,0.74,AUTO_CURATED_NEEDS_RELATION_EVIDENCE,ENABLING,FALSE,2026-09-27,Семантическая курация M3 бывшей связи MAPS_TO_TECHNOLOGY. Источник подтверждает фронтирный узел; прямое доказательство самой связи всё ещё требует экспертной проверки.
E00758,E00758,F071,M134,INCREASES_CAPACITY_OF,S055,NODE_SUPPORT_ONLY,0.58,AUTO_CURATED_NEEDS_RELATION_EVIDENCE,THEMATIC,FALSE,2026-09-27,Семантическая курация M3 бывшей связи CONTRIBUTES_TO_MEGAPROJECT. До отдельного подтверждения это системная интерпретация SINERGY.
E00759,E00759,F071,M144,INCREASES_CAPACITY_OF,S055,NODE_SUPPORT_ONLY,0.58,AUTO_CURATED_NEEDS_RELATION_EVIDENCE,THEMATIC,FALSE,2026-09-27,Семантическая курация M3 бывшей связи CONTRIBUTES_TO_MEGAPROJECT. До отдельного подтверждения это системная интерпретация SINERGY.
E00760,E00760,F071,M034,INCREASES_CAPACITY_OF,S055,NODE_SUPPORT_ONLY,0.58,AUTO_CURATED_NEEDS_RELATION_EVIDENCE,THEMATIC,FALSE,2026-09-27,Семантическая курация M3 бывшей связи CONTRIBUTES_TO_MEGAPROJECT. До отдельного подтверждения это системная интерпретация SINERGY.
E00761,E00761,F071,M136,INCREASES_CAPACITY_OF,S055,NODE_SUPPORT_ONLY,0.58,AUTO_CURATED_NEEDS_RELATION_EVIDENCE,THEMATIC,FALSE,2026-09-27,Семантическая курация M3 бывшей связи CONTRIBUTES_TO_MEGAPROJECT. До отдельного подтверждения это системная интерпретация SINERGY.
E00762,E00762,S056,F072,VALIDATES,S056,PROVENANCE,0.95,VERIFIED_PROVENANCE,EVIDENTIAL,TRUE,2026-09-27,Каноническое происхождение подтверждено источником.
E00763,E00763,F072,P143,PROPOSED_BY,S056,ATTRIBUTION,0.78,CURATED_ATTRIBUTION,PROVENANCE,FALSE,2026-09-27,Репрезентативная атрибуция автора из Frontier Graph 1.0.
E00764,E00764,F072,P144,PROPOSED_BY,S056,ATTRIBUTION,0.78,CURATED_ATTRIBUTION,PROVENANCE,FALSE,2026-09-27,Репрезентативная атрибуция автора из Frontier Graph 1.0.
E00765,E00765,F072,P145,PROPOSED_BY,S056,ATTRIBUTION,0.78,CURATED_ATTRIBUTION,PROVENANCE,FALSE,2026-09-27,Репрезентативная атрибуция автора из Frontier Graph 1.0.
E00766,E00766,F072,P146,PROPOSED_BY,S056,ATTRIBUTION,0.78,CURATED_ATTRIBUTION,PROVENANCE,FALSE,2026-09-27,Репрезентативная атрибуция автора из Frontier Graph 1.0.
E00767,E00767,F072,P147,PROPOSED_BY,S056,ATTRIBUTION,0.78,CURATED_ATTRIBUTION,PROVENANCE,FALSE,2026-09-27,Репрезентативная атрибуция автора из Frontier Graph 1.0.
E00768,E00768,F072,P148,PROPOSED_BY,S056,ATTRIBUTION,0.78,CURATED_ATTRIBUTION,PROVENANCE,FALSE,2026-09-27,Репрезентативная атрибуция автора из Frontier Graph 1.0.
E00769,E00769,F072,T074,DEPENDS_ON,S056,NODE_SUPPORT_ONLY,0.56,AUTO_CURATED_NEEDS_RELATION_EVIDENCE,THEMATIC,FALSE,2026-09-27,Семантическая курация M3 бывшей связи MAPS_TO_TECHNOLOGY. Источник подтверждает фронтирный узел; прямое доказательство самой связи всё ещё требует экспертной проверки.
E00770,E00770,F072,T075,DEPENDS_ON,S056,NODE_SUPPORT_ONLY,0.56,AUTO_CURATED_NEEDS_RELATION_EVIDENCE,THEMATIC,FALSE,2026-09-27,Семантическая курация M3 бывшей связи MAPS_TO_TECHNOLOGY. Источник подтверждает фронтирный узел; прямое доказательство самой связи всё ещё требует экспертной проверки.
E00771,E00771,F072,T076,DEPENDS_ON,S056,NODE_SUPPORT_ONLY,0.56,AUTO_CURATED_NEEDS_RELATION_EVIDENCE,THEMATIC,FALSE,2026-09-27,Семантическая курация M3 бывшей связи MAPS_TO_TECHNOLOGY. Источник подтверждает фронтирный узел; прямое доказательство самой связи всё ещё требует экспертной проверки.
E00772,E00772,F072,M133,INCREASES_CAPACITY_OF,S056,NODE_SUPPORT_ONLY,0.58,AUTO_CURATED_NEEDS_RELATION_EVIDENCE,THEMATIC,FALSE,2026-09-27,Семантическая курация M3 бывшей связи CONTRIBUTES_TO_MEGAPROJECT. До отдельного подтверждения это системная интерпретация SINERGY.
E00773,E00773,F072,M150,INCREASES_CAPACITY_OF,S056,NODE_SUPPORT_ONLY,0.58,AUTO_CURATED_NEEDS_RELATION_EVIDENCE,THEMATIC,FALSE,2026-09-27,Семантическая курация M3 бывшей связи CONTRIBUTES_TO_MEGAPROJECT. До отдельного подтверждения это системная интерпретация SINERGY.
E00774,E00774,F072,M143,INCREASES_CAPACITY_OF,S056,NODE_SUPPORT_ONLY,0.58,AUTO_CURATED_NEEDS_RELATION_EVIDENCE,THEMATIC,FALSE,2026-09-27,Семантическая курация M3 бывшей связи CONTRIBUTES_TO_MEGAPROJECT. До отдельного подтверждения это системная интерпретация SINERGY.
E00775,E00775,F072,M034,INCREASES_CAPACITY_OF,S056,NODE_SUPPORT_ONLY,0.58,AUTO_CURATED_NEEDS_RELATION_EVIDENCE,THEMATIC,FALSE,2026-09-27,Семантическая курация M3 бывшей связи CONTRIBUTES_TO_MEGAPROJECT. До отдельного подтверждения это системная интерпретация SINERGY.
E00776,E00776,F072,M136,INCREASES_CAPACITY_OF,S056,NODE_SUPPORT_ONLY,0.58,AUTO_CURATED_NEEDS_RELATION_EVIDENCE,THEMATIC,FALSE,2026-09-27,Семантическая курация M3 бывшей связи CONTRIBUTES_TO_MEGAPROJECT. До отдельного подтверждения это системная интерпретация SINERGY.
E00777,E00777,F072,M135,INCREASES_CAPACITY_OF,S056,NODE_SUPPORT_ONLY,0.58,AUTO_CURATED_NEEDS_RELATION_EVIDENCE,THEMATIC,FALSE,2026-09-27,Семантическая курация M3 бывшей связи CONTRIBUTES_TO_MEGAPROJECT. До отдельного подтверждения это системная интерпретация SINERGY.
E00778,E00778,S057,F073,VALIDATES,S057,PROVENANCE,0.95,VERIFIED_PROVENANCE,EVIDENTIAL,TRUE,2026-09-27,Каноническое происхождение подтверждено источником.
E00779,E00779,F073,P149,PROPOSED_BY,S057,ATTRIBUTION,0.78,CURATED_ATTRIBUTION,PROVENANCE,FALSE,2026-09-27,Репрезентативная атрибуция автора из Frontier Graph 1.0.
E00780,E00780,F073,I033,PROPOSED_BY,S057,ATTRIBUTION,0.68,CURATED_PROGRAM_ASSOCIATION,PROVENANCE,FALSE,2026-09-27,Репрезентативная связь с институтом или программой; это не утверждение о финансировании.
E00781,E00781,F073,T048,DEPENDS_ON,S057,NODE_SUPPORT_ONLY,0.56,AUTO_CURATED_NEEDS_RELATION_EVIDENCE,THEMATIC,FALSE,2026-09-27,Семантическая курация M3 бывшей связи MAPS_TO_TECHNOLOGY. Источник подтверждает фронтирный узел; прямое доказательство самой связи всё ещё требует экспертной проверки.
E00782,E00782,F073,T063,DEPENDS_ON,S057,NODE_SUPPORT_ONLY,0.56,AUTO_CURATED_NEEDS_RELATION_EVIDENCE,THEMATIC,FALSE,2026-09-27,Семантическая курация M3 бывшей связи MAPS_TO_TECHNOLOGY. Источник подтверждает фронтирный узел; прямое доказательство самой связи всё ещё требует экспертной проверки.
E00783,E00783,F073,M143,INCREASES_CAPACITY_OF,S057,NODE_SUPPORT_ONLY,0.58,AUTO_CURATED_NEEDS_RELATION_EVIDENCE,THEMATIC,FALSE,2026-09-27,Семантическая курация M3 бывшей связи CONTRIBUTES_TO_MEGAPROJECT. До отдельного подтверждения это системная интерпретация SINERGY.
E00784,E00784,F073,M150,INCREASES_CAPACITY_OF,S057,NODE_SUPPORT_ONLY,0.58,AUTO_CURATED_NEEDS_RELATION_EVIDENCE,THEMATIC,FALSE,2026-09-27,Семантическая курация M3 бывшей связи CONTRIBUTES_TO_MEGAPROJECT. До отдельного подтверждения это системная интерпретация SINERGY.
E00785,E00785,F073,M034,INCREASES_CAPACITY_OF,S057,NODE_SUPPORT_ONLY,0.58,AUTO_CURATED_NEEDS_RELATION_EVIDENCE,THEMATIC,FALSE,2026-09-27,Семантическая курация M3 бывшей связи CONTRIBUTES_TO_MEGAPROJECT. До отдельного подтверждения это системная интерпретация SINERGY.
E00786,E00786,F073,M136,INCREASES_CAPACITY_OF,S057,NODE_SUPPORT_ONLY,0.58,AUTO_CURATED_NEEDS_RELATION_EVIDENCE,THEMATIC,FALSE,2026-09-27,Семантическая курация M3 бывшей связи CONTRIBUTES_TO_MEGAPROJECT. До отдельного подтверждения это системная интерпретация SINERGY.
E00787,E00787,S058,F074,VALIDATES,S058,PROVENANCE,0.95,VERIFIED_PROVENANCE,EVIDENTIAL,TRUE,2026-09-27,Каноническое происхождение подтверждено источником.
E00788,E00788,F074,P150,PROPOSED_BY,S058,ATTRIBUTION,0.78,CURATED_ATTRIBUTION,PROVENANCE,FALSE,2026-09-27,Репрезентативная атрибуция автора из Frontier Graph 1.0.
E00789,E00789,F074,I034,PROPOSED_BY,S058,ATTRIBUTION,0.68,CURATED_PROGRAM_ASSOCIATION,PROVENANCE,FALSE,2026-09-27,Репрезентативная связь с институтом или программой; это не утверждение о финансировании.
E00790,E00790,F074,T077,ENABLES,S058,NODE_SUPPORT_ONLY,0.74,AUTO_CURATED_NEEDS_RELATION_EVIDENCE,ENABLING,FALSE,2026-09-27,Семантическая курация M3 бывшей связи MAPS_TO_TECHNOLOGY. Источник подтверждает фронтирный узел; прямое доказательство самой связи всё ещё требует экспертной проверки.
E00791,E00791,F074,T079,ENABLES,S058,NODE_SUPPORT_ONLY,0.74,AUTO_CURATED_NEEDS_RELATION_EVIDENCE,ENABLING,FALSE,2026-09-27,Семантическая курация M3 бывшей связи MAPS_TO_TECHNOLOGY. Источник подтверждает фронтирный узел; прямое доказательство самой связи всё ещё требует экспертной проверки.
E00792,E00792,F074,T080,ENABLES,S058,NODE_SUPPORT_ONLY,0.74,AUTO_CURATED_NEEDS_RELATION_EVIDENCE,ENABLING,FALSE,2026-09-27,Семантическая курация M3 бывшей связи MAPS_TO_TECHNOLOGY. Источник подтверждает фронтирный узел; прямое доказательство самой связи всё ещё требует экспертной проверки.
E00793,E00793,F074,M034,INCREASES_CAPACITY_OF,S058,NODE_SUPPORT_ONLY,0.58,AUTO_CURATED_NEEDS_RELATION_EVIDENCE,THEMATIC,FALSE,2026-09-27,Семантическая курация M3 бывшей связи CONTRIBUTES_TO_MEGAPROJECT. До отдельного подтверждения это системная интерпретация SINERGY.
E00794,E00794,F074,M136,INCREASES_CAPACITY_OF,S058,NODE_SUPPORT_ONLY,0.58,AUTO_CURATED_NEEDS_RELATION_EVIDENCE,THEMATIC,FALSE,2026-09-27,Семантическая курация M3 бывшей связи CONTRIBUTES_TO_MEGAPROJECT. До отдельного подтверждения это системная интерпретация SINERGY.
E00795,E00795,S015,F075,VALIDATES,S015,PROVENANCE,0.95,VERIFIED_PROVENANCE,EVIDENTIAL,TRUE,2026-09-27,Каноническое происхождение подтверждено источником.
E00796,E00796,F075,P151,PROPOSED_BY,S015,ATTRIBUTION,0.78,CURATED_ATTRIBUTION,PROVENANCE,FALSE,2026-09-27,Репрезентативная атрибуция автора из Frontier Graph 1.0.
E00797,E00797,F075,I035,PROPOSED_BY,S015,ATTRIBUTION,0.68,CURATED_PROGRAM_ASSOCIATION,PROVENANCE,FALSE,2026-09-27,Репрезентативная связь с институтом или программой; это не утверждение о финансировании.
E00798,E00798,F075,T074,DEPENDS_ON,S015,NODE_SUPPORT_ONLY,0.56,AUTO_CURATED_NEEDS_RELATION_EVIDENCE,THEMATIC,FALSE,2026-09-27,Семантическая курация M3 бывшей связи MAPS_TO_TECHNOLOGY. Источник подтверждает фронтирный узел; прямое доказательство самой связи всё ещё требует экспертной проверки.
E00799,E00799,F075,T075,DEPENDS_ON,S015,NODE_SUPPORT_ONLY,0.56,AUTO_CURATED_NEEDS_RELATION_EVIDENCE,THEMATIC,FALSE,2026-09-27,Семантическая курация M3 бывшей связи MAPS_TO_TECHNOLOGY. Источник подтверждает фронтирный узел; прямое доказательство самой связи всё ещё требует экспертной проверки.
E00800,E00800,F075,T076,DEPENDS_ON,S015,NODE_SUPPORT_ONLY,0.56,AUTO_CURATED_NEEDS_RELATION_EVIDENCE,THEMATIC,FALSE,2026-09-27,Семантическая курация M3 бывшей связи MAPS_TO_TECHNOLOGY. Источник подтверждает фронтирный узел; прямое доказательство самой связи всё ещё требует экспертной проверки.
E00801,E00801,F075,M133,INCREASES_CAPACITY_OF,S015,NODE_SUPPORT_ONLY,0.58,AUTO_CURATED_NEEDS_RELATION_EVIDENCE,THEMATIC,FALSE,2026-09-27,Семантическая курация M3 бывшей связи CONTRIBUTES_TO_MEGAPROJECT. До отдельного подтверждения это системная интерпретация SINERGY.
E00802,E00802,F075,M150,INCREASES_CAPACITY_OF,S015,NODE_SUPPORT_ONLY,0.58,AUTO_CURATED_NEEDS_RELATION_EVIDENCE,THEMATIC,FALSE,2026-09-27,Семантическая курация M3 бывшей связи CONTRIBUTES_TO_MEGAPROJECT. До отдельного подтверждения это системная интерпретация SINERGY.
E00803,E00803,F075,M135,INCREASES_CAPACITY_OF,S015,NODE_SUPPORT_ONLY,0.58,AUTO_CURATED_NEEDS_RELATION_EVIDENCE,THEMATIC,FALSE,2026-09-27,Семантическая курация M3 бывшей связи CONTRIBUTES_TO_MEGAPROJECT. До отдельного подтверждения это системная интерпретация SINERGY.
E00804,E00804,S059,F076,VALIDATES,S059,PROVENANCE,0.95,VERIFIED_PROVENANCE,EVIDENTIAL,TRUE,2026-09-27,Каноническое происхождение подтверждено источником.
E00805,E00805,F076,P152,PROPOSED_BY,S059,ATTRIBUTION,0.78,CURATED_ATTRIBUTION,PROVENANCE,FALSE,2026-09-27,Репрезентативная атрибуция автора из Frontier Graph 1.0.
E00806,E00806,F076,P153,PROPOSED_BY,S059,ATTRIBUTION,0.78,CURATED_ATTRIBUTION,PROVENANCE,FALSE,2026-09-27,Репрезентативная атрибуция автора из Frontier Graph 1.0.
E00807,E00807,F076,P154,PROPOSED_BY,S059,ATTRIBUTION,0.78,CURATED_ATTRIBUTION,PROVENANCE,FALSE,2026-09-27,Репрезентативная атрибуция автора из Frontier Graph 1.0.
E00808,E00808,F076,T074,DEPENDS_ON,S059,NODE_SUPPORT_ONLY,0.56,AUTO_CURATED_NEEDS_RELATION_EVIDENCE,THEMATIC,FALSE,2026-09-27,Семантическая курация M3 бывшей связи MAPS_TO_TECHNOLOGY. Источник подтверждает фронтирный узел; прямое доказательство самой связи всё ещё требует экспертной проверки.
E00809,E00809,F076,T075,DEPENDS_ON,S059,NODE_SUPPORT_ONLY,0.56,AUTO_CURATED_NEEDS_RELATION_EVIDENCE,THEMATIC,FALSE,2026-09-27,Семантическая курация M3 бывшей связи MAPS_TO_TECHNOLOGY. Источник подтверждает фронтирный узел; прямое доказательство самой связи всё ещё требует экспертной проверки.
E00810,E00810,F076,T076,DEPENDS_ON,S059,NODE_SUPPORT_ONLY,0.56,AUTO_CURATED_NEEDS_RELATION_EVIDENCE,THEMATIC,FALSE,2026-09-27,Семантическая курация M3 бывшей связи MAPS_TO_TECHNOLOGY. Источник подтверждает фронтирный узел; прямое доказательство самой связи всё ещё требует экспертной проверки.
E00811,E00811,F076,M135,ENABLES,S059,NODE_SUPPORT_ONLY,0.52,AUTO_CURATED_NEEDS_RELATION_EVIDENCE,THEMATIC,FALSE,2026-09-27,Семантическая курация M3 бывшей связи CONTRIBUTES_TO_MEGAPROJECT. До отдельного подтверждения это системная интерпретация SINERGY.
E00812,E00812,F076,M150,ENABLES,S059,NODE_SUPPORT_ONLY,0.52,AUTO_CURATED_NEEDS_RELATION_EVIDENCE,THEMATIC,FALSE,2026-09-27,Семантическая курация M3 бывшей связи CONTRIBUTES_TO_MEGAPROJECT. До отдельного подтверждения это системная интерпретация SINERGY.
E00813,E00813,S060,F077,VALIDATES,S060,PROVENANCE,0.95,VERIFIED_PROVENANCE,EVIDENTIAL,TRUE,2026-09-27,Каноническое происхождение подтверждено источником.
E00814,E00814,F077,P155,PROPOSED_BY,S060,ATTRIBUTION,0.78,CURATED_ATTRIBUTION,PROVENANCE,FALSE,2026-09-27,Репрезентативная атрибуция автора из Frontier Graph 1.0.
E00815,E00815,F077,P156,PROPOSED_BY,S060,ATTRIBUTION,0.78,CURATED_ATTRIBUTION,PROVENANCE,FALSE,2026-09-27,Репрезентативная атрибуция автора из Frontier Graph 1.0.
E00816,E00816,F077,P157,PROPOSED_BY,S060,ATTRIBUTION,0.78,CURATED_ATTRIBUTION,PROVENANCE,FALSE,2026-09-27,Репрезентативная атрибуция автора из Frontier Graph 1.0.
E00817,E00817,F077,I036,PROPOSED_BY,S060,ATTRIBUTION,0.68,CURATED_PROGRAM_ASSOCIATION,PROVENANCE,FALSE,2026-09-27,Репрезентативная связь с институтом или программой; это не утверждение о финансировании.
E00818,E00818,F077,T078,ENABLES,S060,NODE_SUPPORT_ONLY,0.74,AUTO_CURATED_NEEDS_RELATION_EVIDENCE,ENABLING,FALSE,2026-09-27,Семантическая курация M3 бывшей связи MAPS_TO_TECHNOLOGY. Источник подтверждает фронтирный узел; прямое доказательство самой связи всё ещё требует экспертной проверки.
E00819,E00819,F077,M034,INCREASES_CAPACITY_OF,S060,NODE_SUPPORT_ONLY,0.58,AUTO_CURATED_NEEDS_RELATION_EVIDENCE,THEMATIC,FALSE,2026-09-27,Семантическая курация M3 бывшей связи CONTRIBUTES_TO_MEGAPROJECT. До отдельного подтверждения это системная интерпретация SINERGY.
E00820,E00820,F077,M136,INCREASES_CAPACITY_OF,S060,NODE_SUPPORT_ONLY,0.58,AUTO_CURATED_NEEDS_RELATION_EVIDENCE,THEMATIC,FALSE,2026-09-27,Семантическая курация M3 бывшей связи CONTRIBUTES_TO_MEGAPROJECT. До отдельного подтверждения это системная интерпретация SINERGY.
E00821,E00821,S061,F078,VALIDATES,S061,PROVENANCE,0.95,VERIFIED_PROVENANCE,EVIDENTIAL,TRUE,2026-09-27,Каноническое происхождение подтверждено источником.
E00822,E00822,F078,P158,PROPOSED_BY,S061,ATTRIBUTION,0.78,CURATED_ATTRIBUTION,PROVENANCE,FALSE,2026-09-27,Репрезентативная атрибуция автора из Frontier Graph 1.0.
E00823,E00823,F078,P159,PROPOSED_BY,S061,ATTRIBUTION,0.78,CURATED_ATTRIBUTION,PROVENANCE,FALSE,2026-09-27,Репрезентативная атрибуция автора из Frontier Graph 1.0.
E00824,E00824,F078,I008,PROPOSED_BY,S061,ATTRIBUTION,0.68,CURATED_PROGRAM_ASSOCIATION,PROVENANCE,FALSE,2026-09-27,Репрезентативная связь с институтом или программой; это не утверждение о финансировании.
E00825,E00825,F078,T002,DEPENDS_ON,S061,NODE_SUPPORT_ONLY,0.56,AUTO_CURATED_NEEDS_RELATION_EVIDENCE,THEMATIC,FALSE,2026-09-27,Семантическая курация M3 бывшей связи MAPS_TO_TECHNOLOGY. Источник подтверждает фронтирный узел; прямое доказательство самой связи всё ещё требует экспертной проверки.
E00826,E00826,F078,T003,DEPENDS_ON,S061,NODE_SUPPORT_ONLY,0.56,AUTO_CURATED_NEEDS_RELATION_EVIDENCE,THEMATIC,FALSE,2026-09-27,Семантическая курация M3 бывшей связи MAPS_TO_TECHNOLOGY. Источник подтверждает фронтирный узел; прямое доказательство самой связи всё ещё требует экспертной проверки.
E00827,E00827,F078,T019,DEPENDS_ON,S061,NODE_SUPPORT_ONLY,0.56,AUTO_CURATED_NEEDS_RELATION_EVIDENCE,THEMATIC,FALSE,2026-09-27,Семантическая курация M3 бывшей связи MAPS_TO_TECHNOLOGY. Источник подтверждает фронтирный узел; прямое доказательство самой связи всё ещё требует экспертной проверки.
E00828,E00828,F078,T051,DEPENDS_ON,S061,NODE_SUPPORT_ONLY,0.56,AUTO_CURATED_NEEDS_RELATION_EVIDENCE,THEMATIC,FALSE,2026-09-27,Семантическая курация M3 бывшей связи MAPS_TO_TECHNOLOGY. Источник подтверждает фронтирный узел; прямое доказательство самой связи всё ещё требует экспертной проверки.
E00829,E00829,F078,T052,DEPENDS_ON,S061,NODE_SUPPORT_ONLY,0.56,AUTO_CURATED_NEEDS_RELATION_EVIDENCE,THEMATIC,FALSE,2026-09-27,Семантическая курация M3 бывшей связи MAPS_TO_TECHNOLOGY. Источник подтверждает фронтирный узел; прямое доказательство самой связи всё ещё требует экспертной проверки.
E00830,E00830,F078,T054,DEPENDS_ON,S061,NODE_SUPPORT_ONLY,0.56,AUTO_CURATED_NEEDS_RELATION_EVIDENCE,THEMATIC,FALSE,2026-09-27,Семантическая курация M3 бывшей связи MAPS_TO_TECHNOLOGY. Источник подтверждает фронтирный узел; прямое доказательство самой связи всё ещё требует экспертной проверки.
E00831,E00831,F078,M133,INCREASES_CAPACITY_OF,S061,NODE_SUPPORT_ONLY,0.58,AUTO_CURATED_NEEDS_RELATION_EVIDENCE,THEMATIC,FALSE,2026-09-27,Семантическая курация M3 бывшей связи CONTRIBUTES_TO_MEGAPROJECT. До отдельного подтверждения это системная интерпретация SINERGY.
E00832,E00832,F078,M150,INCREASES_CAPACITY_OF,S061,NODE_SUPPORT_ONLY,0.58,AUTO_CURATED_NEEDS_RELATION_EVIDENCE,THEMATIC,FALSE,2026-09-27,Семантическая курация M3 бывшей связи CONTRIBUTES_TO_MEGAPROJECT. До отдельного подтверждения это системная интерпретация SINERGY.
E00833,E00833,S062,F079,VALIDATES,S062,PROVENANCE,0.95,VERIFIED_PROVENANCE,EVIDENTIAL,TRUE,2026-09-27,Каноническое происхождение подтверждено источником.
E00834,E00834,F079,P160,PROPOSED_BY,S062,ATTRIBUTION,0.78,CURATED_ATTRIBUTION,PROVENANCE,FALSE,2026-09-27,Репрезентативная атрибуция автора из Frontier Graph 1.0.
E00835,E00835,F079,P161,PROPOSED_BY,S062,ATTRIBUTION,0.78,CURATED_ATTRIBUTION,PROVENANCE,FALSE,2026-09-27,Репрезентативная атрибуция автора из Frontier Graph 1.0.
E00836,E00836,F079,P162,PROPOSED_BY,S062,ATTRIBUTION,0.78,CURATED_ATTRIBUTION,PROVENANCE,FALSE,2026-09-27,Репрезентативная атрибуция автора из Frontier Graph 1.0.
E00837,E00837,F079,I020,PROPOSED_BY,S062,ATTRIBUTION,0.68,CURATED_PROGRAM_ASSOCIATION,PROVENANCE,FALSE,2026-09-27,Репрезентативная связь с институтом или программой; это не утверждение о финансировании.
E00838,E00838,F079,T051,INCREASES_CAPACITY_OF,S062,NODE_SUPPORT_ONLY,0.72,AUTO_CURATED_NEEDS_RELATION_EVIDENCE,ENABLING,FALSE,2026-09-27,Семантическая курация M3 бывшей связи MAPS_TO_TECHNOLOGY. Источник подтверждает фронтирный узел; прямое доказательство самой связи всё ещё требует экспертной проверки.
E00839,E00839,F079,T052,INCREASES_CAPACITY_OF,S062,NODE_SUPPORT_ONLY,0.72,AUTO_CURATED_NEEDS_RELATION_EVIDENCE,ENABLING,FALSE,2026-09-27,Семантическая курация M3 бывшей связи MAPS_TO_TECHNOLOGY. Источник подтверждает фронтирный узел; прямое доказательство самой связи всё ещё требует экспертной проверки.
E00840,E00840,F079,T054,INCREASES_CAPACITY_OF,S062,NODE_SUPPORT_ONLY,0.72,AUTO_CURATED_NEEDS_RELATION_EVIDENCE,ENABLING,FALSE,2026-09-27,Семантическая курация M3 бывшей связи MAPS_TO_TECHNOLOGY. Источник подтверждает фронтирный узел; прямое доказательство самой связи всё ещё требует экспертной проверки.
E00841,E00841,F079,T056,INCREASES_CAPACITY_OF,S062,NODE_SUPPORT_ONLY,0.72,AUTO_CURATED_NEEDS_RELATION_EVIDENCE,ENABLING,FALSE,2026-09-27,Семантическая курация M3 бывшей связи MAPS_TO_TECHNOLOGY. Источник подтверждает фронтирный узел; прямое доказательство самой связи всё ещё требует экспертной проверки.
E00842,E00842,F079,T057,INCREASES_CAPACITY_OF,S062,NODE_SUPPORT_ONLY,0.72,AUTO_CURATED_NEEDS_RELATION_EVIDENCE,ENABLING,FALSE,2026-09-27,Семантическая курация M3 бывшей связи MAPS_TO_TECHNOLOGY. Источник подтверждает фронтирный узел; прямое доказательство самой связи всё ещё требует экспертной проверки.
E00843,E00843,F079,M133,INCREASES_CAPACITY_OF,S062,NODE_SUPPORT_ONLY,0.58,AUTO_CURATED_NEEDS_RELATION_EVIDENCE,THEMATIC,FALSE,2026-09-27,Семантическая курация M3 бывшей связи CONTRIBUTES_TO_MEGAPROJECT. До отдельного подтверждения это системная интерпретация SINERGY.
E00844,E00844,F079,M150,INCREASES_CAPACITY_OF,S062,NODE_SUPPORT_ONLY,0.58,AUTO_CURATED_NEEDS_RELATION_EVIDENCE,THEMATIC,FALSE,2026-09-27,Семантическая курация M3 бывшей связи CONTRIBUTES_TO_MEGAPROJECT. До отдельного подтверждения это системная интерпретация SINERGY.
E00845,E00845,F079,M088,INCREASES_CAPACITY_OF,S062,NODE_SUPPORT_ONLY,0.58,AUTO_CURATED_NEEDS_RELATION_EVIDENCE,THEMATIC,FALSE,2026-09-27,Семантическая курация M3 бывшей связи CONTRIBUTES_TO_MEGAPROJECT. До отдельного подтверждения это системная интерпретация SINERGY.
E00846,E00846,F079,M137,INCREASES_CAPACITY_OF,S062,NODE_SUPPORT_ONLY,0.58,AUTO_CURATED_NEEDS_RELATION_EVIDENCE,THEMATIC,FALSE,2026-09-27,Семантическая курация M3 бывшей связи CONTRIBUTES_TO_MEGAPROJECT. До отдельного подтверждения это системная интерпретация SINERGY.
E00847,E00847,S063,F080,VALIDATES,S063,PROVENANCE,0.95,VERIFIED_PROVENANCE,EVIDENTIAL,TRUE,2026-09-27,Каноническое происхождение подтверждено источником.
E00848,E00848,F080,P163,PROPOSED_BY,S063,ATTRIBUTION,0.78,CURATED_ATTRIBUTION,PROVENANCE,FALSE,2026-09-27,Репрезентативная атрибуция автора из Frontier Graph 1.0.
E00849,E00849,F080,P164,PROPOSED_BY,S063,ATTRIBUTION,0.78,CURATED_ATTRIBUTION,PROVENANCE,FALSE,2026-09-27,Репрезентативная атрибуция автора из Frontier Graph 1.0.
E00850,E00850,F080,P165,PROPOSED_BY,S063,ATTRIBUTION,0.78,CURATED_ATTRIBUTION,PROVENANCE,FALSE,2026-09-27,Репрезентативная атрибуция автора из Frontier Graph 1.0.
E00851,E00851,F080,I020,PROPOSED_BY,S063,ATTRIBUTION,0.68,CURATED_PROGRAM_ASSOCIATION,PROVENANCE,FALSE,2026-09-27,Репрезентативная связь с институтом или программой; это не утверждение о финансировании.
E00852,E00852,F080,T001,USES,S063,NODE_SUPPORT_ONLY,0.66,AUTO_CURATED_NEEDS_RELATION_EVIDENCE,ENABLING,FALSE,2026-09-27,Семантическая курация M3 бывшей связи MAPS_TO_TECHNOLOGY. Источник подтверждает фронтирный узел; прямое доказательство самой связи всё ещё требует экспертной проверки.
E00853,E00853,F080,T010,USES,S063,NODE_SUPPORT_ONLY,0.66,AUTO_CURATED_NEEDS_RELATION_EVIDENCE,ENABLING,FALSE,2026-09-27,Семантическая курация M3 бывшей связи MAPS_TO_TECHNOLOGY. Источник подтверждает фронтирный узел; прямое доказательство самой связи всё ещё требует экспертной проверки.
E00854,E00854,F080,T020,USES,S063,NODE_SUPPORT_ONLY,0.66,AUTO_CURATED_NEEDS_RELATION_EVIDENCE,ENABLING,FALSE,2026-09-27,Семантическая курация M3 бывшей связи MAPS_TO_TECHNOLOGY. Источник подтверждает фронтирный узел; прямое доказательство самой связи всё ещё требует экспертной проверки.
E00855,E00855,F080,T051,USES,S063,NODE_SUPPORT_ONLY,0.66,AUTO_CURATED_NEEDS_RELATION_EVIDENCE,ENABLING,FALSE,2026-09-27,Семантическая курация M3 бывшей связи MAPS_TO_TECHNOLOGY. Источник подтверждает фронтирный узел; прямое доказательство самой связи всё ещё требует экспертной проверки.
E00856,E00856,F080,T052,USES,S063,NODE_SUPPORT_ONLY,0.66,AUTO_CURATED_NEEDS_RELATION_EVIDENCE,ENABLING,FALSE,2026-09-27,Семантическая курация M3 бывшей связи MAPS_TO_TECHNOLOGY. Источник подтверждает фронтирный узел; прямое доказательство самой связи всё ещё требует экспертной проверки.
E00857,E00857,F080,T054,USES,S063,NODE_SUPPORT_ONLY,0.66,AUTO_CURATED_NEEDS_RELATION_EVIDENCE,ENABLING,FALSE,2026-09-27,Семантическая курация M3 бывшей связи MAPS_TO_TECHNOLOGY. Источник подтверждает фронтирный узел; прямое доказательство самой связи всё ещё требует экспертной проверки.
E00858,E00858,F080,M133,INCREASES_CAPACITY_OF,S063,NODE_SUPPORT_ONLY,0.58,AUTO_CURATED_NEEDS_RELATION_EVIDENCE,THEMATIC,FALSE,2026-09-27,Семантическая курация M3 бывшей связи CONTRIBUTES_TO_MEGAPROJECT. До отдельного подтверждения это системная интерпретация SINERGY.
E00859,E00859,F080,M150,INCREASES_CAPACITY_OF,S063,NODE_SUPPORT_ONLY,0.58,AUTO_CURATED_NEEDS_RELATION_EVIDENCE,THEMATIC,FALSE,2026-09-27,Семантическая курация M3 бывшей связи CONTRIBUTES_TO_MEGAPROJECT. До отдельного подтверждения это системная интерпретация SINERGY.
E00860,E00860,S064,F081,VALIDATES,S064,PROVENANCE,0.95,VERIFIED_PROVENANCE,EVIDENTIAL,TRUE,2026-09-27,Каноническое происхождение подтверждено источником.
E00861,E00861,F081,P166,PROPOSED_BY,S064,ATTRIBUTION,0.78,CURATED_ATTRIBUTION,PROVENANCE,FALSE,2026-09-27,Репрезентативная атрибуция автора из Frontier Graph 1.0.
E00862,E00862,F081,P167,PROPOSED_BY,S064,ATTRIBUTION,0.78,CURATED_ATTRIBUTION,PROVENANCE,FALSE,2026-09-27,Репрезентативная атрибуция автора из Frontier Graph 1.0.
E00863,E00863,F081,P168,PROPOSED_BY,S064,ATTRIBUTION,0.78,CURATED_ATTRIBUTION,PROVENANCE,FALSE,2026-09-27,Репрезентативная атрибуция автора из Frontier Graph 1.0.
E00864,E00864,F081,T051,ENABLES,S064,NODE_SUPPORT_ONLY,0.74,AUTO_CURATED_NEEDS_RELATION_EVIDENCE,ENABLING,FALSE,2026-09-27,Семантическая курация M3 бывшей связи MAPS_TO_TECHNOLOGY. Источник подтверждает фронтирный узел; прямое доказательство самой связи всё ещё требует экспертной проверки.
E00865,E00865,F081,T052,ENABLES,S064,NODE_SUPPORT_ONLY,0.74,AUTO_CURATED_NEEDS_RELATION_EVIDENCE,ENABLING,FALSE,2026-09-27,Семантическая курация M3 бывшей связи MAPS_TO_TECHNOLOGY. Источник подтверждает фронтирный узел; прямое доказательство самой связи всё ещё требует экспертной проверки.
E00866,E00866,F081,T054,ENABLES,S064,NODE_SUPPORT_ONLY,0.74,AUTO_CURATED_NEEDS_RELATION_EVIDENCE,ENABLING,FALSE,2026-09-27,Семантическая курация M3 бывшей связи MAPS_TO_TECHNOLOGY. Источник подтверждает фронтирный узел; прямое доказательство самой связи всё ещё требует экспертной проверки.
E00867,E00867,F081,T056,ENABLES,S064,NODE_SUPPORT_ONLY,0.74,AUTO_CURATED_NEEDS_RELATION_EVIDENCE,ENABLING,FALSE,2026-09-27,Семантическая курация M3 бывшей связи MAPS_TO_TECHNOLOGY. Источник подтверждает фронтирный узел; прямое доказательство самой связи всё ещё требует экспертной проверки.
E00868,E00868,F081,T057,ENABLES,S064,NODE_SUPPORT_ONLY,0.74,AUTO_CURATED_NEEDS_RELATION_EVIDENCE,ENABLING,FALSE,2026-09-27,Семантическая курация M3 бывшей связи MAPS_TO_TECHNOLOGY. Источник подтверждает фронтирный узел; прямое доказательство самой связи всё ещё требует экспертной проверки.
E00869,E00869,F081,M150,INCREASES_CAPACITY_OF,S064,NODE_SUPPORT_ONLY,0.58,AUTO_CURATED_NEEDS_RELATION_EVIDENCE,THEMATIC,FALSE,2026-09-27,Семантическая курация M3 бывшей связи CONTRIBUTES_TO_MEGAPROJECT. До отдельного подтверждения это системная интерпретация SINERGY.
E00870,E00870,S012,F082,VALIDATES,S012,PROVENANCE,0.95,VERIFIED_PROVENANCE,EVIDENTIAL,TRUE,2026-09-27,Каноническое происхождение подтверждено источником.
E00871,E00871,F082,P169,PROPOSED_BY,S012,ATTRIBUTION,0.78,CURATED_ATTRIBUTION,PROVENANCE,FALSE,2026-09-27,Репрезентативная атрибуция автора из Frontier Graph 1.0.
E00872,E00872,F082,T021,ENABLES,S012,NODE_SUPPORT_ONLY,0.74,AUTO_CURATED_NEEDS_RELATION_EVIDENCE,ENABLING,FALSE,2026-09-27,Семантическая курация M3 бывшей связи MAPS_TO_TECHNOLOGY. Источник подтверждает фронтирный узел; прямое доказательство самой связи всё ещё требует экспертной проверки.
E00873,E00873,F082,T022,ENABLES,S012,NODE_SUPPORT_ONLY,0.74,AUTO_CURATED_NEEDS_RELATION_EVIDENCE,ENABLING,FALSE,2026-09-27,Семантическая курация M3 бывшей связи MAPS_TO_TECHNOLOGY. Источник подтверждает фронтирный узел; прямое доказательство самой связи всё ещё требует экспертной проверки.
E00874,E00874,F082,T023,ENABLES,S012,NODE_SUPPORT_ONLY,0.74,AUTO_CURATED_NEEDS_RELATION_EVIDENCE,ENABLING,FALSE,2026-09-27,Семантическая курация M3 бывшей связи MAPS_TO_TECHNOLOGY. Источник подтверждает фронтирный узел; прямое доказательство самой связи всё ещё требует экспертной проверки.
E00875,E00875,F082,T024,ENABLES,S012,NODE_SUPPORT_ONLY,0.74,AUTO_CURATED_NEEDS_RELATION_EVIDENCE,ENABLING,FALSE,2026-09-27,Семантическая курация M3 бывшей связи MAPS_TO_TECHNOLOGY. Источник подтверждает фронтирный узел; прямое доказательство самой связи всё ещё требует экспертной проверки.
E00876,E00876,F082,T051,ENABLES,S012,NODE_SUPPORT_ONLY,0.74,AUTO_CURATED_NEEDS_RELATION_EVIDENCE,ENABLING,FALSE,2026-09-27,Семантическая курация M3 бывшей связи MAPS_TO_TECHNOLOGY. Источник подтверждает фронтирный узел; прямое доказательство самой связи всё ещё требует экспертной проверки.
E00877,E00877,F082,T052,ENABLES,S012,NODE_SUPPORT_ONLY,0.74,AUTO_CURATED_NEEDS_RELATION_EVIDENCE,ENABLING,FALSE,2026-09-27,Семантическая курация M3 бывшей связи MAPS_TO_TECHNOLOGY. Источник подтверждает фронтирный узел; прямое доказательство самой связи всё ещё требует экспертной проверки.
E00878,E00878,F082,M134,INCREASES_CAPACITY_OF,S012,NODE_SUPPORT_ONLY,0.58,AUTO_CURATED_NEEDS_RELATION_EVIDENCE,THEMATIC,FALSE,2026-09-27,Семантическая курация M3 бывшей связи CONTRIBUTES_TO_MEGAPROJECT. До отдельного подтверждения это системная интерпретация SINERGY.
E00879,E00879,F082,M144,INCREASES_CAPACITY_OF,S012,NODE_SUPPORT_ONLY,0.58,AUTO_CURATED_NEEDS_RELATION_EVIDENCE,THEMATIC,FALSE,2026-09-27,Семантическая курация M3 бывшей связи CONTRIBUTES_TO_MEGAPROJECT. До отдельного подтверждения это системная интерпретация SINERGY.
E00880,E00880,F082,M150,INCREASES_CAPACITY_OF,S012,NODE_SUPPORT_ONLY,0.58,AUTO_CURATED_NEEDS_RELATION_EVIDENCE,THEMATIC,FALSE,2026-09-27,Семантическая курация M3 бывшей связи CONTRIBUTES_TO_MEGAPROJECT. До отдельного подтверждения это системная интерпретация SINERGY.
E00881,E00881,S065,F083,VALIDATES,S065,PROVENANCE,0.95,VERIFIED_PROVENANCE,EVIDENTIAL,TRUE,2026-09-27,Каноническое происхождение подтверждено источником.
E00882,E00882,F083,P170,PROPOSED_BY,S065,ATTRIBUTION,0.78,CURATED_ATTRIBUTION,PROVENANCE,FALSE,2026-09-27,Репрезентативная атрибуция автора из Frontier Graph 1.0.
E00883,E00883,F083,P171,PROPOSED_BY,S065,ATTRIBUTION,0.78,CURATED_ATTRIBUTION,PROVENANCE,FALSE,2026-09-27,Репрезентативная атрибуция автора из Frontier Graph 1.0.
E00884,E00884,F083,P172,PROPOSED_BY,S065,ATTRIBUTION,0.78,CURATED_ATTRIBUTION,PROVENANCE,FALSE,2026-09-27,Репрезентативная атрибуция автора из Frontier Graph 1.0.
E00885,E00885,F083,P173,PROPOSED_BY,S065,ATTRIBUTION,0.78,CURATED_ATTRIBUTION,PROVENANCE,FALSE,2026-09-27,Репрезентативная атрибуция автора из Frontier Graph 1.0.
E00886,E00886,F083,T058,ENABLES,S065,NODE_SUPPORT_ONLY,0.74,AUTO_CURATED_NEEDS_RELATION_EVIDENCE,ENABLING,FALSE,2026-09-27,Семантическая курация M3 бывшей связи MAPS_TO_TECHNOLOGY. Источник подтверждает фронтирный узел; прямое доказательство самой связи всё ещё требует экспертной проверки.
E00887,E00887,F083,T059,ENABLES,S065,NODE_SUPPORT_ONLY,0.74,AUTO_CURATED_NEEDS_RELATION_EVIDENCE,ENABLING,FALSE,2026-09-27,Семантическая курация M3 бывшей связи MAPS_TO_TECHNOLOGY. Источник подтверждает фронтирный узел; прямое доказательство самой связи всё ещё требует экспертной проверки.
E00888,E00888,F083,T060,ENABLES,S065,NODE_SUPPORT_ONLY,0.74,AUTO_CURATED_NEEDS_RELATION_EVIDENCE,ENABLING,FALSE,2026-09-27,Семантическая курация M3 бывшей связи MAPS_TO_TECHNOLOGY. Источник подтверждает фронтирный узел; прямое доказательство самой связи всё ещё требует экспертной проверки.
E00889,E00889,F083,M150,ENABLES,S065,NODE_SUPPORT_ONLY,0.52,AUTO_CURATED_NEEDS_RELATION_EVIDENCE,THEMATIC,FALSE,2026-09-27,Семантическая курация M3 бывшей связи CONTRIBUTES_TO_MEGAPROJECT. До отдельного подтверждения это системная интерпретация SINERGY.
E00890,E00890,S066,F084,VALIDATES,S066,PROVENANCE,0.95,VERIFIED_PROVENANCE,EVIDENTIAL,TRUE,2026-09-27,Каноническое происхождение подтверждено источником.
E00891,E00891,F084,P174,PROPOSED_BY,S066,ATTRIBUTION,0.78,CURATED_ATTRIBUTION,PROVENANCE,FALSE,2026-09-27,Репрезентативная атрибуция автора из Frontier Graph 1.0.
E00892,E00892,F084,I037,PROPOSED_BY,S066,ATTRIBUTION,0.68,CURATED_PROGRAM_ASSOCIATION,PROVENANCE,FALSE,2026-09-27,Репрезентативная связь с институтом или программой; это не утверждение о финансировании.
E00893,E00893,F084,T031,INCREASES_CAPACITY_OF,S066,NODE_SUPPORT_ONLY,0.72,AUTO_CURATED_NEEDS_RELATION_EVIDENCE,ENABLING,FALSE,2026-09-27,Семантическая курация M3 бывшей связи MAPS_TO_TECHNOLOGY. Источник подтверждает фронтирный узел; прямое доказательство самой связи всё ещё требует экспертной проверки.
E00894,E00894,F084,T032,INCREASES_CAPACITY_OF,S066,NODE_SUPPORT_ONLY,0.72,AUTO_CURATED_NEEDS_RELATION_EVIDENCE,ENABLING,FALSE,2026-09-27,Семантическая курация M3 бывшей связи MAPS_TO_TECHNOLOGY. Источник подтверждает фронтирный узел; прямое доказательство самой связи всё ещё требует экспертной проверки.
E00895,E00895,F084,T033,INCREASES_CAPACITY_OF,S066,NODE_SUPPORT_ONLY,0.72,AUTO_CURATED_NEEDS_RELATION_EVIDENCE,ENABLING,FALSE,2026-09-27,Семантическая курация M3 бывшей связи MAPS_TO_TECHNOLOGY. Источник подтверждает фронтирный узел; прямое доказательство самой связи всё ещё требует экспертной проверки.
E00896,E00896,F084,T034,INCREASES_CAPACITY_OF,S066,NODE_SUPPORT_ONLY,0.72,AUTO_CURATED_NEEDS_RELATION_EVIDENCE,ENABLING,FALSE,2026-09-27,Семантическая курация M3 бывшей связи MAPS_TO_TECHNOLOGY. Источник подтверждает фронтирный узел; прямое доказательство самой связи всё ещё требует экспертной проверки.
E00897,E00897,F084,M133,INCREASES_CAPACITY_OF,S066,NODE_SUPPORT_ONLY,0.66,AUTO_CURATED_NEEDS_RELATION_EVIDENCE,ENABLING,FALSE,2026-09-27,Семантическая курация M3 бывшей связи CONTRIBUTES_TO_MEGAPROJECT. До отдельного подтверждения это системная интерпретация SINERGY.
E00898,E00898,F084,M150,INCREASES_CAPACITY_OF,S066,NODE_SUPPORT_ONLY,0.66,AUTO_CURATED_NEEDS_RELATION_EVIDENCE,ENABLING,FALSE,2026-09-27,Семантическая курация M3 бывшей связи CONTRIBUTES_TO_MEGAPROJECT. До отдельного подтверждения это системная интерпретация SINERGY.
E00899,E00899,F084,M088,INCREASES_CAPACITY_OF,S066,NODE_SUPPORT_ONLY,0.66,AUTO_CURATED_NEEDS_RELATION_EVIDENCE,ENABLING,FALSE,2026-09-27,Семантическая курация M3 бывшей связи CONTRIBUTES_TO_MEGAPROJECT. До отдельного подтверждения это системная интерпретация SINERGY.
E00900,E00900,F084,M137,INCREASES_CAPACITY_OF,S066,NODE_SUPPORT_ONLY,0.66,AUTO_CURATED_NEEDS_RELATION_EVIDENCE,ENABLING,FALSE,2026-09-27,Семантическая курация M3 бывшей связи CONTRIBUTES_TO_MEGAPROJECT. До отдельного подтверждения это системная интерпретация SINERGY.
E00901,E00901,S067,F085,VALIDATES,S067,PROVENANCE,0.95,VERIFIED_PROVENANCE,EVIDENTIAL,TRUE,2026-09-27,Каноническое происхождение подтверждено источником.
E00902,E00902,F085,I038,PROPOSED_BY,S067,ATTRIBUTION,0.68,CURATED_PROGRAM_ASSOCIATION,PROVENANCE,FALSE,2026-09-27,Репрезентативная связь с институтом или программой; это не утверждение о финансировании.
E00903,E00903,F085,T039,ENABLES,S067,NODE_SUPPORT_ONLY,0.74,AUTO_CURATED_NEEDS_RELATION_EVIDENCE,ENABLING,FALSE,2026-09-27,Семантическая курация M3 бывшей связи MAPS_TO_TECHNOLOGY. Источник подтверждает фронтирный узел; прямое доказательство самой связи всё ещё требует экспертной проверки.
E00904,E00904,F085,M075,INCREASES_CAPACITY_OF,S067,NODE_SUPPORT_ONLY,0.66,AUTO_CURATED_NEEDS_RELATION_EVIDENCE,ENABLING,FALSE,2026-09-27,Семантическая курация M3 бывшей связи CONTRIBUTES_TO_MEGAPROJECT. До отдельного подтверждения это системная интерпретация SINERGY.
E00905,E00905,F085,M150,INCREASES_CAPACITY_OF,S067,NODE_SUPPORT_ONLY,0.66,AUTO_CURATED_NEEDS_RELATION_EVIDENCE,ENABLING,FALSE,2026-09-27,Семантическая курация M3 бывшей связи CONTRIBUTES_TO_MEGAPROJECT. До отдельного подтверждения это системная интерпретация SINERGY.
E00906,E00906,F085,M088,INCREASES_CAPACITY_OF,S067,NODE_SUPPORT_ONLY,0.66,AUTO_CURATED_NEEDS_RELATION_EVIDENCE,ENABLING,FALSE,2026-09-27,Семантическая курация M3 бывшей связи CONTRIBUTES_TO_MEGAPROJECT. До отдельного подтверждения это системная интерпретация SINERGY.
E00907,E00907,F085,M137,INCREASES_CAPACITY_OF,S067,NODE_SUPPORT_ONLY,0.66,AUTO_CURATED_NEEDS_RELATION_EVIDENCE,ENABLING,FALSE,2026-09-27,Семантическая курация M3 бывшей связи CONTRIBUTES_TO_MEGAPROJECT. До отдельного подтверждения это системная интерпретация SINERGY.
E00908,E00908,S068,F086,VALIDATES,S068,PROVENANCE,0.95,VERIFIED_PROVENANCE,EVIDENTIAL,TRUE,2026-09-27,Каноническое происхождение подтверждено источником.
E00909,E00909,F086,I039,PROPOSED_BY,S068,ATTRIBUTION,0.68,CURATED_PROGRAM_ASSOCIATION,PROVENANCE,FALSE,2026-09-27,Репрезентативная связь с институтом или программой; это не утверждение о финансировании.
E00910,E00910,F086,T035,ENABLES,S068,NODE_SUPPORT_ONLY,0.74,AUTO_CURATED_NEEDS_RELATION_EVIDENCE,ENABLING,FALSE,2026-09-27,Семантическая курация M3 бывшей связи MAPS_TO_TECHNOLOGY. Источник подтверждает фронтирный узел; прямое доказательство самой связи всё ещё требует экспертной проверки.
E00911,E00911,F086,T036,ENABLES,S068,NODE_SUPPORT_ONLY,0.74,AUTO_CURATED_NEEDS_RELATION_EVIDENCE,ENABLING,FALSE,2026-09-27,Семантическая курация M3 бывшей связи MAPS_TO_TECHNOLOGY. Источник подтверждает фронтирный узел; прямое доказательство самой связи всё ещё требует экспертной проверки.
E00912,E00912,F086,T037,ENABLES,S068,NODE_SUPPORT_ONLY,0.74,AUTO_CURATED_NEEDS_RELATION_EVIDENCE,ENABLING,FALSE,2026-09-27,Семантическая курация M3 бывшей связи MAPS_TO_TECHNOLOGY. Источник подтверждает фронтирный узел; прямое доказательство самой связи всё ещё требует экспертной проверки.
E00913,E00913,F086,T038,ENABLES,S068,NODE_SUPPORT_ONLY,0.74,AUTO_CURATED_NEEDS_RELATION_EVIDENCE,ENABLING,FALSE,2026-09-27,Семантическая курация M3 бывшей связи MAPS_TO_TECHNOLOGY. Источник подтверждает фронтирный узел; прямое доказательство самой связи всё ещё требует экспертной проверки.
E00914,E00914,F086,M143,INCREASES_CAPACITY_OF,S068,NODE_SUPPORT_ONLY,0.66,AUTO_CURATED_NEEDS_RELATION_EVIDENCE,ENABLING,FALSE,2026-09-27,Семантическая курация M3 бывшей связи CONTRIBUTES_TO_MEGAPROJECT. До отдельного подтверждения это системная интерпретация SINERGY.
E00915,E00915,F086,M150,INCREASES_CAPACITY_OF,S068,NODE_SUPPORT_ONLY,0.66,AUTO_CURATED_NEEDS_RELATION_EVIDENCE,ENABLING,FALSE,2026-09-27,Семантическая курация M3 бывшей связи CONTRIBUTES_TO_MEGAPROJECT. До отдельного подтверждения это системная интерпретация SINERGY.
E00916,E00916,F086,M138,INCREASES_CAPACITY_OF,S068,NODE_SUPPORT_ONLY,0.66,AUTO_CURATED_NEEDS_RELATION_EVIDENCE,ENABLING,FALSE,2026-09-27,Семантическая курация M3 бывшей связи CONTRIBUTES_TO_MEGAPROJECT. До отдельного подтверждения это системная интерпретация SINERGY.
E00917,E00917,S069,F087,VALIDATES,S069,PROVENANCE,0.95,VERIFIED_PROVENANCE,EVIDENTIAL,TRUE,2026-09-27,Каноническое происхождение подтверждено источником.
E00918,E00918,F087,P175,PROPOSED_BY,S069,ATTRIBUTION,0.78,CURATED_ATTRIBUTION,PROVENANCE,FALSE,2026-09-27,Репрезентативная атрибуция автора из Frontier Graph 1.0.
E00919,E00919,F087,P176,PROPOSED_BY,S069,ATTRIBUTION,0.78,CURATED_ATTRIBUTION,PROVENANCE,FALSE,2026-09-27,Репрезентативная атрибуция автора из Frontier Graph 1.0.
E00920,E00920,F087,I040,PROPOSED_BY,S069,ATTRIBUTION,0.68,CURATED_PROGRAM_ASSOCIATION,PROVENANCE,FALSE,2026-09-27,Репрезентативная связь с институтом или программой; это не утверждение о финансировании.
E00921,E00921,F087,I041,PROPOSED_BY,S069,ATTRIBUTION,0.68,CURATED_PROGRAM_ASSOCIATION,PROVENANCE,FALSE,2026-09-27,Репрезентативная связь с институтом или программой; это не утверждение о финансировании.
E00922,E00922,F087,T040,ENABLES,S069,NODE_SUPPORT_ONLY,0.74,AUTO_CURATED_NEEDS_RELATION_EVIDENCE,ENABLING,FALSE,2026-09-27,Семантическая курация M3 бывшей связи MAPS_TO_TECHNOLOGY. Источник подтверждает фронтирный узел; прямое доказательство самой связи всё ещё требует экспертной проверки.
E00923,E00923,F087,T093,ENABLES,S069,NODE_SUPPORT_ONLY,0.74,AUTO_CURATED_NEEDS_RELATION_EVIDENCE,ENABLING,FALSE,2026-09-27,Семантическая курация M3 бывшей связи MAPS_TO_TECHNOLOGY. Источник подтверждает фронтирный узел; прямое доказательство самой связи всё ещё требует экспертной проверки.
E00924,E00924,F087,T041,ENABLES,S069,NODE_SUPPORT_ONLY,0.74,AUTO_CURATED_NEEDS_RELATION_EVIDENCE,ENABLING,FALSE,2026-09-27,Семантическая курация M3 бывшей связи MAPS_TO_TECHNOLOGY. Источник подтверждает фронтирный узел; прямое доказательство самой связи всё ещё требует экспертной проверки.
E00925,E00925,F087,T042,ENABLES,S069,NODE_SUPPORT_ONLY,0.74,AUTO_CURATED_NEEDS_RELATION_EVIDENCE,ENABLING,FALSE,2026-09-27,Семантическая курация M3 бывшей связи MAPS_TO_TECHNOLOGY. Источник подтверждает фронтирный узел; прямое доказательство самой связи всё ещё требует экспертной проверки.
E00926,E00926,F087,T043,ENABLES,S069,NODE_SUPPORT_ONLY,0.74,AUTO_CURATED_NEEDS_RELATION_EVIDENCE,ENABLING,FALSE,2026-09-27,Семантическая курация M3 бывшей связи MAPS_TO_TECHNOLOGY. Источник подтверждает фронтирный узел; прямое доказательство самой связи всё ещё требует экспертной проверки.
E00927,E00927,F087,T049,ENABLES,S069,NODE_SUPPORT_ONLY,0.74,AUTO_CURATED_NEEDS_RELATION_EVIDENCE,ENABLING,FALSE,2026-09-27,Семантическая курация M3 бывшей связи MAPS_TO_TECHNOLOGY. Источник подтверждает фронтирный узел; прямое доказательство самой связи всё ещё требует экспертной проверки.
E00928,E00928,F087,M088,INCREASES_CAPACITY_OF,S069,NODE_SUPPORT_ONLY,0.66,AUTO_CURATED_NEEDS_RELATION_EVIDENCE,ENABLING,FALSE,2026-09-27,Семантическая курация M3 бывшей связи CONTRIBUTES_TO_MEGAPROJECT. До отдельного подтверждения это системная интерпретация SINERGY.
E00929,E00929,F087,M137,INCREASES_CAPACITY_OF,S069,NODE_SUPPORT_ONLY,0.66,AUTO_CURATED_NEEDS_RELATION_EVIDENCE,ENABLING,FALSE,2026-09-27,Семантическая курация M3 бывшей связи CONTRIBUTES_TO_MEGAPROJECT. До отдельного подтверждения это системная интерпретация SINERGY.
E00930,E00930,F087,M105,DEPENDS_ON,S069,NODE_SUPPORT_ONLY,0.68,AUTO_CURATED_NEEDS_RELATION_EVIDENCE,ENABLING,FALSE,2026-09-27,Семантическая курация M3 бывшей связи CONTRIBUTES_TO_MEGAPROJECT. До отдельного подтверждения это системная интерпретация SINERGY.
E00931,E00931,F087,M147,DEPENDS_ON,S069,NODE_SUPPORT_ONLY,0.68,AUTO_CURATED_NEEDS_RELATION_EVIDENCE,ENABLING,FALSE,2026-09-27,Семантическая курация M3 бывшей связи CONTRIBUTES_TO_MEGAPROJECT. До отдельного подтверждения это системная интерпретация SINERGY.
E00932,E00932,S070,F088,VALIDATES,S070,PROVENANCE,0.95,VERIFIED_PROVENANCE,EVIDENTIAL,TRUE,2026-09-27,Каноническое происхождение подтверждено источником.
E00933,E00933,F088,I042,PROPOSED_BY,S070,ATTRIBUTION,0.68,CURATED_PROGRAM_ASSOCIATION,PROVENANCE,FALSE,2026-09-27,Репрезентативная связь с институтом или программой; это не утверждение о финансировании.
E00934,E00934,F088,T081,ENABLES,S070,NODE_SUPPORT_ONLY,0.82,AUTO_CURATED_NEEDS_RELATION_EVIDENCE,CAUSAL,FALSE,2026-09-27,Семантическая курация M3 бывшей связи MAPS_TO_TECHNOLOGY. Источник подтверждает фронтирный узел; прямое доказательство самой связи всё ещё требует экспертной проверки.
E00935,E00935,F088,T082,ENABLES,S070,NODE_SUPPORT_ONLY,0.82,AUTO_CURATED_NEEDS_RELATION_EVIDENCE,CAUSAL,FALSE,2026-09-27,Семантическая курация M3 бывшей связи MAPS_TO_TECHNOLOGY. Источник подтверждает фронтирный узел; прямое доказательство самой связи всё ещё требует экспертной проверки.
E00936,E00936,F088,T089,ENABLES,S070,NODE_SUPPORT_ONLY,0.82,AUTO_CURATED_NEEDS_RELATION_EVIDENCE,CAUSAL,FALSE,2026-09-27,Семантическая курация M3 бывшей связи MAPS_TO_TECHNOLOGY. Источник подтверждает фронтирный узел; прямое доказательство самой связи всё ещё требует экспертной проверки.
E00937,E00937,F088,T090,ENABLES,S070,NODE_SUPPORT_ONLY,0.82,AUTO_CURATED_NEEDS_RELATION_EVIDENCE,CAUSAL,FALSE,2026-09-27,Семантическая курация M3 бывшей связи MAPS_TO_TECHNOLOGY. Источник подтверждает фронтирный узел; прямое доказательство самой связи всё ещё требует экспертной проверки.
E00938,E00938,F088,M143,INCREASES_CAPACITY_OF,S070,NODE_SUPPORT_ONLY,0.58,AUTO_CURATED_NEEDS_RELATION_EVIDENCE,THEMATIC,FALSE,2026-09-27,Семантическая курация M3 бывшей связи CONTRIBUTES_TO_MEGAPROJECT. До отдельного подтверждения это системная интерпретация SINERGY.
E00939,E00939,F088,M150,INCREASES_CAPACITY_OF,S070,NODE_SUPPORT_ONLY,0.58,AUTO_CURATED_NEEDS_RELATION_EVIDENCE,THEMATIC,FALSE,2026-09-27,Семантическая курация M3 бывшей связи CONTRIBUTES_TO_MEGAPROJECT. До отдельного подтверждения это системная интерпретация SINERGY.
E00940,E00940,S071,F089,VALIDATES,S071,PROVENANCE,0.95,VERIFIED_PROVENANCE,EVIDENTIAL,TRUE,2026-09-27,Каноническое происхождение подтверждено источником.
E00941,E00941,F089,P177,PROPOSED_BY,S071,ATTRIBUTION,0.78,CURATED_ATTRIBUTION,PROVENANCE,FALSE,2026-09-27,Репрезентативная атрибуция автора из Frontier Graph 1.0.
E00942,E00942,F089,I043,PROPOSED_BY,S071,ATTRIBUTION,0.68,CURATED_PROGRAM_ASSOCIATION,PROVENANCE,FALSE,2026-09-27,Репрезентативная связь с институтом или программой; это не утверждение о финансировании.
E00943,E00943,F089,T081,ENABLES,S071,NODE_SUPPORT_ONLY,0.70,AUTO_CURATED_NEEDS_RELATION_EVIDENCE,ENABLING,FALSE,2026-09-27,Семантическая курация M3 бывшей связи MAPS_TO_TECHNOLOGY. Источник подтверждает фронтирный узел; прямое доказательство самой связи всё ещё требует экспертной проверки.
E00944,E00944,F089,T082,DEPENDS_ON,S071,NODE_SUPPORT_ONLY,0.56,AUTO_CURATED_NEEDS_RELATION_EVIDENCE,THEMATIC,FALSE,2026-09-27,Семантическая курация M3 бывшей связи MAPS_TO_TECHNOLOGY. Источник подтверждает фронтирный узел; прямое доказательство самой связи всё ещё требует экспертной проверки.
E00945,E00945,F089,T089,DEPENDS_ON,S071,NODE_SUPPORT_ONLY,0.56,AUTO_CURATED_NEEDS_RELATION_EVIDENCE,THEMATIC,FALSE,2026-09-27,Семантическая курация M3 бывшей связи MAPS_TO_TECHNOLOGY. Источник подтверждает фронтирный узел; прямое доказательство самой связи всё ещё требует экспертной проверки.
E00946,E00946,F089,T090,DEPENDS_ON,S071,NODE_SUPPORT_ONLY,0.56,AUTO_CURATED_NEEDS_RELATION_EVIDENCE,THEMATIC,FALSE,2026-09-27,Семантическая курация M3 бывшей связи MAPS_TO_TECHNOLOGY. Источник подтверждает фронтирный узел; прямое доказательство самой связи всё ещё требует экспертной проверки.
E00947,E00947,F089,M143,INCREASES_CAPACITY_OF,S071,NODE_SUPPORT_ONLY,0.58,AUTO_CURATED_NEEDS_RELATION_EVIDENCE,THEMATIC,FALSE,2026-09-27,Семантическая курация M3 бывшей связи CONTRIBUTES_TO_MEGAPROJECT. До отдельного подтверждения это системная интерпретация SINERGY.
E00948,E00948,F089,M150,INCREASES_CAPACITY_OF,S071,NODE_SUPPORT_ONLY,0.58,AUTO_CURATED_NEEDS_RELATION_EVIDENCE,THEMATIC,FALSE,2026-09-27,Семантическая курация M3 бывшей связи CONTRIBUTES_TO_MEGAPROJECT. До отдельного подтверждения это системная интерпретация SINERGY.
E00949,E00949,S072,F090,VALIDATES,S072,PROVENANCE,0.95,VERIFIED_PROVENANCE,EVIDENTIAL,TRUE,2026-09-27,Каноническое происхождение подтверждено источником.
E00950,E00950,F090,I044,PROPOSED_BY,S072,ATTRIBUTION,0.68,CURATED_PROGRAM_ASSOCIATION,PROVENANCE,FALSE,2026-09-27,Репрезентативная связь с институтом или программой; это не утверждение о финансировании.
E00951,E00951,F090,I045,PROPOSED_BY,S072,ATTRIBUTION,0.68,CURATED_PROGRAM_ASSOCIATION,PROVENANCE,FALSE,2026-09-27,Репрезентативная связь с институтом или программой; это не утверждение о финансировании.
E00952,E00952,F090,T081,DEPENDS_ON,S072,NODE_SUPPORT_ONLY,0.56,AUTO_CURATED_NEEDS_RELATION_EVIDENCE,THEMATIC,FALSE,2026-09-27,Семантическая курация M3 бывшей связи MAPS_TO_TECHNOLOGY. Источник подтверждает фронтирный узел; прямое доказательство самой связи всё ещё требует экспертной проверки.
E00953,E00953,F090,T082,DEPENDS_ON,S072,NODE_SUPPORT_ONLY,0.56,AUTO_CURATED_NEEDS_RELATION_EVIDENCE,THEMATIC,FALSE,2026-09-27,Семантическая курация M3 бывшей связи MAPS_TO_TECHNOLOGY. Источник подтверждает фронтирный узел; прямое доказательство самой связи всё ещё требует экспертной проверки.
E00954,E00954,F090,T089,DEPENDS_ON,S072,NODE_SUPPORT_ONLY,0.56,AUTO_CURATED_NEEDS_RELATION_EVIDENCE,THEMATIC,FALSE,2026-09-27,Семантическая курация M3 бывшей связи MAPS_TO_TECHNOLOGY. Источник подтверждает фронтирный узел; прямое доказательство самой связи всё ещё требует экспертной проверки.
E00955,E00955,F090,T090,DEPENDS_ON,S072,NODE_SUPPORT_ONLY,0.56,AUTO_CURATED_NEEDS_RELATION_EVIDENCE,THEMATIC,FALSE,2026-09-27,Семантическая курация M3 бывшей связи MAPS_TO_TECHNOLOGY. Источник подтверждает фронтирный узел; прямое доказательство самой связи всё ещё требует экспертной проверки.
E00956,E00956,F090,M150,INCREASES_CAPACITY_OF,S072,NODE_SUPPORT_ONLY,0.58,AUTO_CURATED_NEEDS_RELATION_EVIDENCE,THEMATIC,FALSE,2026-09-27,Семантическая курация M3 бывшей связи CONTRIBUTES_TO_MEGAPROJECT. До отдельного подтверждения это системная интерпретация SINERGY.
E00957,E00957,S073,F091,VALIDATES,S073,PROVENANCE,0.95,VERIFIED_PROVENANCE,EVIDENTIAL,TRUE,2026-09-27,Каноническое происхождение подтверждено источником.
E00958,E00958,F091,P178,PROPOSED_BY,S073,ATTRIBUTION,0.78,CURATED_ATTRIBUTION,PROVENANCE,FALSE,2026-09-27,Репрезентативная атрибуция автора из Frontier Graph 1.0.
E00959,E00959,F091,P179,PROPOSED_BY,S073,ATTRIBUTION,0.78,CURATED_ATTRIBUTION,PROVENANCE,FALSE,2026-09-27,Репрезентативная атрибуция автора из Frontier Graph 1.0.
E00960,E00960,F091,P180,PROPOSED_BY,S073,ATTRIBUTION,0.78,CURATED_ATTRIBUTION,PROVENANCE,FALSE,2026-09-27,Репрезентативная атрибуция автора из Frontier Graph 1.0.
E00961,E00961,F091,T084,ENABLES,S073,NODE_SUPPORT_ONLY,0.74,AUTO_CURATED_NEEDS_RELATION_EVIDENCE,ENABLING,FALSE,2026-09-27,Семантическая курация M3 бывшей связи MAPS_TO_TECHNOLOGY. Источник подтверждает фронтирный узел; прямое доказательство самой связи всё ещё требует экспертной проверки.
E00962,E00962,F091,T081,ENABLES,S073,NODE_SUPPORT_ONLY,0.74,AUTO_CURATED_NEEDS_RELATION_EVIDENCE,ENABLING,FALSE,2026-09-27,Семантическая курация M3 бывшей связи MAPS_TO_TECHNOLOGY. Источник подтверждает фронтирный узел; прямое доказательство самой связи всё ещё требует экспертной проверки.
E00963,E00963,F091,T082,ENABLES,S073,NODE_SUPPORT_ONLY,0.74,AUTO_CURATED_NEEDS_RELATION_EVIDENCE,ENABLING,FALSE,2026-09-27,Семантическая курация M3 бывшей связи MAPS_TO_TECHNOLOGY. Источник подтверждает фронтирный узел; прямое доказательство самой связи всё ещё требует экспертной проверки.
E00964,E00964,F091,T089,ENABLES,S073,NODE_SUPPORT_ONLY,0.74,AUTO_CURATED_NEEDS_RELATION_EVIDENCE,ENABLING,FALSE,2026-09-27,Семантическая курация M3 бывшей связи MAPS_TO_TECHNOLOGY. Источник подтверждает фронтирный узел; прямое доказательство самой связи всё ещё требует экспертной проверки.
E00965,E00965,F091,T090,ENABLES,S073,NODE_SUPPORT_ONLY,0.74,AUTO_CURATED_NEEDS_RELATION_EVIDENCE,ENABLING,FALSE,2026-09-27,Семантическая курация M3 бывшей связи MAPS_TO_TECHNOLOGY. Источник подтверждает фронтирный узел; прямое доказательство самой связи всё ещё требует экспертной проверки.
E00966,E00966,F091,M150,INCREASES_CAPACITY_OF,S073,NODE_SUPPORT_ONLY,0.58,AUTO_CURATED_NEEDS_RELATION_EVIDENCE,THEMATIC,FALSE,2026-09-27,Семантическая курация M3 бывшей связи CONTRIBUTES_TO_MEGAPROJECT. До отдельного подтверждения это системная интерпретация SINERGY.
E00967,E00967,F091,M125,INCREASES_CAPACITY_OF,S073,NODE_SUPPORT_ONLY,0.58,AUTO_CURATED_NEEDS_RELATION_EVIDENCE,THEMATIC,FALSE,2026-09-27,Семантическая курация M3 бывшей связи CONTRIBUTES_TO_MEGAPROJECT. До отдельного подтверждения это системная интерпретация SINERGY.
E00968,E00968,F091,M140,INCREASES_CAPACITY_OF,S073,NODE_SUPPORT_ONLY,0.58,AUTO_CURATED_NEEDS_RELATION_EVIDENCE,THEMATIC,FALSE,2026-09-27,Семантическая курация M3 бывшей связи CONTRIBUTES_TO_MEGAPROJECT. До отдельного подтверждения это системная интерпретация SINERGY.
E00969,E00969,S074,F092,VALIDATES,S074,PROVENANCE,0.95,VERIFIED_PROVENANCE,EVIDENTIAL,TRUE,2026-09-27,Каноническое происхождение подтверждено источником.
E00970,E00970,F092,P181,PROPOSED_BY,S074,ATTRIBUTION,0.78,CURATED_ATTRIBUTION,PROVENANCE,FALSE,2026-09-27,Репрезентативная атрибуция автора из Frontier Graph 1.0.
E00971,E00971,F092,P182,PROPOSED_BY,S074,ATTRIBUTION,0.78,CURATED_ATTRIBUTION,PROVENANCE,FALSE,2026-09-27,Репрезентативная атрибуция автора из Frontier Graph 1.0.
E00972,E00972,F092,I046,PROPOSED_BY,S074,ATTRIBUTION,0.68,CURATED_PROGRAM_ASSOCIATION,PROVENANCE,FALSE,2026-09-27,Репрезентативная связь с институтом или программой; это не утверждение о финансировании.
E00973,E00973,F092,T021,ENABLES,S074,NODE_SUPPORT_ONLY,0.74,AUTO_CURATED_NEEDS_RELATION_EVIDENCE,ENABLING,FALSE,2026-09-27,Семантическая курация M3 бывшей связи MAPS_TO_TECHNOLOGY. Источник подтверждает фронтирный узел; прямое доказательство самой связи всё ещё требует экспертной проверки.
E00974,E00974,F092,T022,ENABLES,S074,NODE_SUPPORT_ONLY,0.74,AUTO_CURATED_NEEDS_RELATION_EVIDENCE,ENABLING,FALSE,2026-09-27,Семантическая курация M3 бывшей связи MAPS_TO_TECHNOLOGY. Источник подтверждает фронтирный узел; прямое доказательство самой связи всё ещё требует экспертной проверки.
E00975,E00975,F092,T023,ENABLES,S074,NODE_SUPPORT_ONLY,0.74,AUTO_CURATED_NEEDS_RELATION_EVIDENCE,ENABLING,FALSE,2026-09-27,Семантическая курация M3 бывшей связи MAPS_TO_TECHNOLOGY. Источник подтверждает фронтирный узел; прямое доказательство самой связи всё ещё требует экспертной проверки.
E00976,E00976,F092,T024,ENABLES,S074,NODE_SUPPORT_ONLY,0.74,AUTO_CURATED_NEEDS_RELATION_EVIDENCE,ENABLING,FALSE,2026-09-27,Семантическая курация M3 бывшей связи MAPS_TO_TECHNOLOGY. Источник подтверждает фронтирный узел; прямое доказательство самой связи всё ещё требует экспертной проверки.
E00977,E00977,F092,T092,ENABLES,S074,NODE_SUPPORT_ONLY,0.74,AUTO_CURATED_NEEDS_RELATION_EVIDENCE,ENABLING,FALSE,2026-09-27,Семантическая курация M3 бывшей связи MAPS_TO_TECHNOLOGY. Источник подтверждает фронтирный узел; прямое доказательство самой связи всё ещё требует экспертной проверки.
E00978,E00978,F092,T098,ENABLES,S074,NODE_SUPPORT_ONLY,0.74,AUTO_CURATED_NEEDS_RELATION_EVIDENCE,ENABLING,FALSE,2026-09-27,Семантическая курация M3 бывшей связи MAPS_TO_TECHNOLOGY. Источник подтверждает фронтирный узел; прямое доказательство самой связи всё ещё требует экспертной проверки.
E00979,E00979,F092,M134,INCREASES_CAPACITY_OF,S074,NODE_SUPPORT_ONLY,0.58,AUTO_CURATED_NEEDS_RELATION_EVIDENCE,THEMATIC,FALSE,2026-09-27,Семантическая курация M3 бывшей связи CONTRIBUTES_TO_MEGAPROJECT. До отдельного подтверждения это системная интерпретация SINERGY.
E00980,E00980,F092,M144,INCREASES_CAPACITY_OF,S074,NODE_SUPPORT_ONLY,0.58,AUTO_CURATED_NEEDS_RELATION_EVIDENCE,THEMATIC,FALSE,2026-09-27,Семантическая курация M3 бывшей связи CONTRIBUTES_TO_MEGAPROJECT. До отдельного подтверждения это системная интерпретация SINERGY.
E00981,E00981,F092,M105,DEPENDS_ON,S074,NODE_SUPPORT_ONLY,0.68,AUTO_CURATED_NEEDS_RELATION_EVIDENCE,ENABLING,FALSE,2026-09-27,Семантическая курация M3 бывшей связи CONTRIBUTES_TO_MEGAPROJECT. До отдельного подтверждения это системная интерпретация SINERGY.
E00982,E00982,F092,M147,DEPENDS_ON,S074,NODE_SUPPORT_ONLY,0.68,AUTO_CURATED_NEEDS_RELATION_EVIDENCE,ENABLING,FALSE,2026-09-27,Семантическая курация M3 бывшей связи CONTRIBUTES_TO_MEGAPROJECT. До отдельного подтверждения это системная интерпретация SINERGY.
E00983,E00983,S075,F093,VALIDATES,S075,PROVENANCE,0.95,VERIFIED_PROVENANCE,EVIDENTIAL,TRUE,2026-09-27,Каноническое происхождение подтверждено источником.
E00984,E00984,F093,I047,PROPOSED_BY,S075,ATTRIBUTION,0.68,CURATED_PROGRAM_ASSOCIATION,PROVENANCE,FALSE,2026-09-27,Репрезентативная связь с институтом или программой; это не утверждение о финансировании.
E00985,E00985,F093,I048,PROPOSED_BY,S075,ATTRIBUTION,0.68,CURATED_PROGRAM_ASSOCIATION,PROVENANCE,FALSE,2026-09-27,Репрезентативная связь с институтом или программой; это не утверждение о финансировании.
E00986,E00986,F093,T021,ENABLES,S075,NODE_SUPPORT_ONLY,0.74,AUTO_CURATED_NEEDS_RELATION_EVIDENCE,ENABLING,FALSE,2026-09-27,Семантическая курация M3 бывшей связи MAPS_TO_TECHNOLOGY. Источник подтверждает фронтирный узел; прямое доказательство самой связи всё ещё требует экспертной проверки.
E00987,E00987,F093,T022,ENABLES,S075,NODE_SUPPORT_ONLY,0.74,AUTO_CURATED_NEEDS_RELATION_EVIDENCE,ENABLING,FALSE,2026-09-27,Семантическая курация M3 бывшей связи MAPS_TO_TECHNOLOGY. Источник подтверждает фронтирный узел; прямое доказательство самой связи всё ещё требует экспертной проверки.
E00988,E00988,F093,T023,ENABLES,S075,NODE_SUPPORT_ONLY,0.74,AUTO_CURATED_NEEDS_RELATION_EVIDENCE,ENABLING,FALSE,2026-09-27,Семантическая курация M3 бывшей связи MAPS_TO_TECHNOLOGY. Источник подтверждает фронтирный узел; прямое доказательство самой связи всё ещё требует экспертной проверки.
E00989,E00989,F093,T024,ENABLES,S075,NODE_SUPPORT_ONLY,0.74,AUTO_CURATED_NEEDS_RELATION_EVIDENCE,ENABLING,FALSE,2026-09-27,Семантическая курация M3 бывшей связи MAPS_TO_TECHNOLOGY. Источник подтверждает фронтирный узел; прямое доказательство самой связи всё ещё требует экспертной проверки.
E00990,E00990,F093,M134,INCREASES_CAPACITY_OF,S075,NODE_SUPPORT_ONLY,0.58,AUTO_CURATED_NEEDS_RELATION_EVIDENCE,THEMATIC,FALSE,2026-09-27,Семантическая курация M3 бывшей связи CONTRIBUTES_TO_MEGAPROJECT. До отдельного подтверждения это системная интерпретация SINERGY.
E00991,E00991,F093,M144,INCREASES_CAPACITY_OF,S075,NODE_SUPPORT_ONLY,0.58,AUTO_CURATED_NEEDS_RELATION_EVIDENCE,THEMATIC,FALSE,2026-09-27,Семантическая курация M3 бывшей связи CONTRIBUTES_TO_MEGAPROJECT. До отдельного подтверждения это системная интерпретация SINERGY.
E00992,E00992,F093,M150,INCREASES_CAPACITY_OF,S075,NODE_SUPPORT_ONLY,0.58,AUTO_CURATED_NEEDS_RELATION_EVIDENCE,THEMATIC,FALSE,2026-09-27,Семантическая курация M3 бывшей связи CONTRIBUTES_TO_MEGAPROJECT. До отдельного подтверждения это системная интерпретация SINERGY.
E00993,E00993,F093,M105,INCREASES_CAPACITY_OF,S075,NODE_SUPPORT_ONLY,0.58,AUTO_CURATED_NEEDS_RELATION_EVIDENCE,THEMATIC,FALSE,2026-09-27,Семантическая курация M3 бывшей связи CONTRIBUTES_TO_MEGAPROJECT. До отдельного подтверждения это системная интерпретация SINERGY.
E00994,E00994,F093,M147,INCREASES_CAPACITY_OF,S075,NODE_SUPPORT_ONLY,0.58,AUTO_CURATED_NEEDS_RELATION_EVIDENCE,THEMATIC,FALSE,2026-09-27,Семантическая курация M3 бывшей связи CONTRIBUTES_TO_MEGAPROJECT. До отдельного подтверждения это системная интерпретация SINERGY.
E00995,E00995,S007,F094,VALIDATES,S007,PROVENANCE,0.95,VERIFIED_PROVENANCE,EVIDENTIAL,TRUE,2026-09-27,Каноническое происхождение подтверждено источником.
E00996,E00996,F094,P013,PROPOSED_BY,S007,ATTRIBUTION,0.78,CURATED_ATTRIBUTION,PROVENANCE,FALSE,2026-09-27,Репрезентативная атрибуция автора из Frontier Graph 1.0.
E00997,E00997,F094,P014,PROPOSED_BY,S007,ATTRIBUTION,0.78,CURATED_ATTRIBUTION,PROVENANCE,FALSE,2026-09-27,Репрезентативная атрибуция автора из Frontier Graph 1.0.
E00998,E00998,F094,I049,PROPOSED_BY,S007,ATTRIBUTION,0.68,CURATED_PROGRAM_ASSOCIATION,PROVENANCE,FALSE,2026-09-27,Репрезентативная связь с институтом или программой; это не утверждение о финансировании.
E00999,E00999,F094,T021,USES,S007,NODE_SUPPORT_ONLY,0.66,AUTO_CURATED_NEEDS_RELATION_EVIDENCE,ENABLING,FALSE,2026-09-27,Семантическая курация M3 бывшей связи MAPS_TO_TECHNOLOGY. Источник подтверждает фронтирный узел; прямое доказательство самой связи всё ещё требует экспертной проверки.
E01000,E01000,F094,T022,USES,S007,NODE_SUPPORT_ONLY,0.66,AUTO_CURATED_NEEDS_RELATION_EVIDENCE,ENABLING,FALSE,2026-09-27,Семантическая курация M3 бывшей связи MAPS_TO_TECHNOLOGY. Источник подтверждает фронтирный узел; прямое доказательство самой связи всё ещё требует экспертной проверки.
E01001,E01001,F094,T023,USES,S007,NODE_SUPPORT_ONLY,0.66,AUTO_CURATED_NEEDS_RELATION_EVIDENCE,ENABLING,FALSE,2026-09-27,Семантическая курация M3 бывшей связи MAPS_TO_TECHNOLOGY. Источник подтверждает фронтирный узел; прямое доказательство самой связи всё ещё требует экспертной проверки.
E01002,E01002,F094,T024,USES,S007,NODE_SUPPORT_ONLY,0.66,AUTO_CURATED_NEEDS_RELATION_EVIDENCE,ENABLING,FALSE,2026-09-27,Семантическая курация M3 бывшей связи MAPS_TO_TECHNOLOGY. Источник подтверждает фронтирный узел; прямое доказательство самой связи всё ещё требует экспертной проверки.
E01003,E01003,F094,T095,USES,S007,NODE_SUPPORT_ONLY,0.66,AUTO_CURATED_NEEDS_RELATION_EVIDENCE,ENABLING,FALSE,2026-09-27,Семантическая курация M3 бывшей связи MAPS_TO_TECHNOLOGY. Источник подтверждает фронтирный узел; прямое доказательство самой связи всё ещё требует экспертной проверки.
E01004,E01004,F094,T098,USES,S007,NODE_SUPPORT_ONLY,0.66,AUTO_CURATED_NEEDS_RELATION_EVIDENCE,ENABLING,FALSE,2026-09-27,Семантическая курация M3 бывшей связи MAPS_TO_TECHNOLOGY. Источник подтверждает фронтирный узел; прямое доказательство самой связи всё ещё требует экспертной проверки.
E01005,E01005,F094,M134,INCREASES_CAPACITY_OF,S007,NODE_SUPPORT_ONLY,0.58,AUTO_CURATED_NEEDS_RELATION_EVIDENCE,THEMATIC,FALSE,2026-09-27,Семантическая курация M3 бывшей связи CONTRIBUTES_TO_MEGAPROJECT. До отдельного подтверждения это системная интерпретация SINERGY.
E01006,E01006,F094,M144,INCREASES_CAPACITY_OF,S007,NODE_SUPPORT_ONLY,0.58,AUTO_CURATED_NEEDS_RELATION_EVIDENCE,THEMATIC,FALSE,2026-09-27,Семантическая курация M3 бывшей связи CONTRIBUTES_TO_MEGAPROJECT. До отдельного подтверждения это системная интерпретация SINERGY.
E01007,E01007,F094,M075,INCREASES_CAPACITY_OF,S007,NODE_SUPPORT_ONLY,0.58,AUTO_CURATED_NEEDS_RELATION_EVIDENCE,THEMATIC,FALSE,2026-09-27,Семантическая курация M3 бывшей связи CONTRIBUTES_TO_MEGAPROJECT. До отдельного подтверждения это системная интерпретация SINERGY.
E01008,E01008,F094,M150,INCREASES_CAPACITY_OF,S007,NODE_SUPPORT_ONLY,0.58,AUTO_CURATED_NEEDS_RELATION_EVIDENCE,THEMATIC,FALSE,2026-09-27,Семантическая курация M3 бывшей связи CONTRIBUTES_TO_MEGAPROJECT. До отдельного подтверждения это системная интерпретация SINERGY.
E01009,E01009,F094,M105,DEPENDS_ON,S007,NODE_SUPPORT_ONLY,0.68,AUTO_CURATED_NEEDS_RELATION_EVIDENCE,ENABLING,FALSE,2026-09-27,Семантическая курация M3 бывшей связи CONTRIBUTES_TO_MEGAPROJECT. До отдельного подтверждения это системная интерпретация SINERGY.
E01010,E01010,F094,M147,DEPENDS_ON,S007,NODE_SUPPORT_ONLY,0.68,AUTO_CURATED_NEEDS_RELATION_EVIDENCE,ENABLING,FALSE,2026-09-27,Семантическая курация M3 бывшей связи CONTRIBUTES_TO_MEGAPROJECT. До отдельного подтверждения это системная интерпретация SINERGY.
E01011,E01011,S076,F095,VALIDATES,S076,PROVENANCE,0.95,VERIFIED_PROVENANCE,EVIDENTIAL,TRUE,2026-09-27,Каноническое происхождение подтверждено источником.
E01012,E01012,F095,I050,PROPOSED_BY,S076,ATTRIBUTION,0.68,CURATED_PROGRAM_ASSOCIATION,PROVENANCE,FALSE,2026-09-27,Репрезентативная связь с институтом или программой; это не утверждение о финансировании.
E01013,E01013,F095,T035,DEPENDS_ON,S076,NODE_SUPPORT_ONLY,0.56,AUTO_CURATED_NEEDS_RELATION_EVIDENCE,THEMATIC,FALSE,2026-09-27,Семантическая курация M3 бывшей связи MAPS_TO_TECHNOLOGY. Источник подтверждает фронтирный узел; прямое доказательство самой связи всё ещё требует экспертной проверки.
E01014,E01014,F095,T036,DEPENDS_ON,S076,NODE_SUPPORT_ONLY,0.56,AUTO_CURATED_NEEDS_RELATION_EVIDENCE,THEMATIC,FALSE,2026-09-27,Семантическая курация M3 бывшей связи MAPS_TO_TECHNOLOGY. Источник подтверждает фронтирный узел; прямое доказательство самой связи всё ещё требует экспертной проверки.
E01015,E01015,F095,T037,DEPENDS_ON,S076,NODE_SUPPORT_ONLY,0.56,AUTO_CURATED_NEEDS_RELATION_EVIDENCE,THEMATIC,FALSE,2026-09-27,Семантическая курация M3 бывшей связи MAPS_TO_TECHNOLOGY. Источник подтверждает фронтирный узел; прямое доказательство самой связи всё ещё требует экспертной проверки.
E01016,E01016,F095,T038,DEPENDS_ON,S076,NODE_SUPPORT_ONLY,0.56,AUTO_CURATED_NEEDS_RELATION_EVIDENCE,THEMATIC,FALSE,2026-09-27,Семантическая курация M3 бывшей связи MAPS_TO_TECHNOLOGY. Источник подтверждает фронтирный узел; прямое доказательство самой связи всё ещё требует экспертной проверки.
E01017,E01017,F095,T041,DEPENDS_ON,S076,NODE_SUPPORT_ONLY,0.56,AUTO_CURATED_NEEDS_RELATION_EVIDENCE,THEMATIC,FALSE,2026-09-27,Семантическая курация M3 бывшей связи MAPS_TO_TECHNOLOGY. Источник подтверждает фронтирный узел; прямое доказательство самой связи всё ещё требует экспертной проверки.
E01018,E01018,F095,T042,DEPENDS_ON,S076,NODE_SUPPORT_ONLY,0.56,AUTO_CURATED_NEEDS_RELATION_EVIDENCE,THEMATIC,FALSE,2026-09-27,Семантическая курация M3 бывшей связи MAPS_TO_TECHNOLOGY. Источник подтверждает фронтирный узел; прямое доказательство самой связи всё ещё требует экспертной проверки.
E01019,E01019,F095,M075,ENABLES,S076,NODE_SUPPORT_ONLY,0.52,AUTO_CURATED_NEEDS_RELATION_EVIDENCE,THEMATIC,FALSE,2026-09-27,Семантическая курация M3 бывшей связи CONTRIBUTES_TO_MEGAPROJECT. До отдельного подтверждения это системная интерпретация SINERGY.
E01020,E01020,F095,M150,ENABLES,S076,NODE_SUPPORT_ONLY,0.52,AUTO_CURATED_NEEDS_RELATION_EVIDENCE,THEMATIC,FALSE,2026-09-27,Семантическая курация M3 бывшей связи CONTRIBUTES_TO_MEGAPROJECT. До отдельного подтверждения это системная интерпретация SINERGY.
E01021,E01021,F095,M105,DEPENDS_ON,S076,NODE_SUPPORT_ONLY,0.68,AUTO_CURATED_NEEDS_RELATION_EVIDENCE,ENABLING,FALSE,2026-09-27,Семантическая курация M3 бывшей связи CONTRIBUTES_TO_MEGAPROJECT. До отдельного подтверждения это системная интерпретация SINERGY.
E01022,E01022,F095,M147,DEPENDS_ON,S076,NODE_SUPPORT_ONLY,0.68,AUTO_CURATED_NEEDS_RELATION_EVIDENCE,ENABLING,FALSE,2026-09-27,Семантическая курация M3 бывшей связи CONTRIBUTES_TO_MEGAPROJECT. До отдельного подтверждения это системная интерпретация SINERGY.
E01023,E01023,S021,F096,VALIDATES,S021,PROVENANCE,0.95,VERIFIED_PROVENANCE,EVIDENTIAL,TRUE,2026-09-27,Каноническое происхождение подтверждено источником.
E01024,E01024,F096,P047,PROPOSED_BY,S021,ATTRIBUTION,0.78,CURATED_ATTRIBUTION,PROVENANCE,FALSE,2026-09-27,Репрезентативная атрибуция автора из Frontier Graph 1.0.
E01025,E01025,F096,P048,PROPOSED_BY,S021,ATTRIBUTION,0.78,CURATED_ATTRIBUTION,PROVENANCE,FALSE,2026-09-27,Репрезентативная атрибуция автора из Frontier Graph 1.0.
E01026,E01026,F096,P049,PROPOSED_BY,S021,ATTRIBUTION,0.78,CURATED_ATTRIBUTION,PROVENANCE,FALSE,2026-09-27,Репрезентативная атрибуция автора из Frontier Graph 1.0.
E01027,E01027,F096,I017,PROPOSED_BY,S021,ATTRIBUTION,0.68,CURATED_PROGRAM_ASSOCIATION,PROVENANCE,FALSE,2026-09-27,Репрезентативная связь с институтом или программой; это не утверждение о финансировании.
E01028,E01028,F096,T091,USES,S021,NODE_SUPPORT_ONLY,0.66,AUTO_CURATED_NEEDS_RELATION_EVIDENCE,ENABLING,FALSE,2026-09-27,Семантическая курация M3 бывшей связи MAPS_TO_TECHNOLOGY. Источник подтверждает фронтирный узел; прямое доказательство самой связи всё ещё требует экспертной проверки.
E01029,E01029,F096,M133,INCREASES_CAPACITY_OF,S021,NODE_SUPPORT_ONLY,0.58,AUTO_CURATED_NEEDS_RELATION_EVIDENCE,THEMATIC,FALSE,2026-09-27,Семантическая курация M3 бывшей связи CONTRIBUTES_TO_MEGAPROJECT. До отдельного подтверждения это системная интерпретация SINERGY.
E01030,E01030,F096,M150,INCREASES_CAPACITY_OF,S021,NODE_SUPPORT_ONLY,0.58,AUTO_CURATED_NEEDS_RELATION_EVIDENCE,THEMATIC,FALSE,2026-09-27,Семантическая курация M3 бывшей связи CONTRIBUTES_TO_MEGAPROJECT. До отдельного подтверждения это системная интерпретация SINERGY.
E01031,E01031,F096,M088,INCREASES_CAPACITY_OF,S021,NODE_SUPPORT_ONLY,0.58,AUTO_CURATED_NEEDS_RELATION_EVIDENCE,THEMATIC,FALSE,2026-09-27,Семантическая курация M3 бывшей связи CONTRIBUTES_TO_MEGAPROJECT. До отдельного подтверждения это системная интерпретация SINERGY.
E01032,E01032,F096,M137,INCREASES_CAPACITY_OF,S021,NODE_SUPPORT_ONLY,0.58,AUTO_CURATED_NEEDS_RELATION_EVIDENCE,THEMATIC,FALSE,2026-09-27,Семантическая курация M3 бывшей связи CONTRIBUTES_TO_MEGAPROJECT. До отдельного подтверждения это системная интерпретация SINERGY.
E01033,E01033,F096,M143,INCREASES_CAPACITY_OF,S021,NODE_SUPPORT_ONLY,0.58,AUTO_CURATED_NEEDS_RELATION_EVIDENCE,THEMATIC,FALSE,2026-09-27,Семантическая курация M3 бывшей связи CONTRIBUTES_TO_MEGAPROJECT. До отдельного подтверждения это системная интерпретация SINERGY.
E01034,E01034,F096,M105,DEPENDS_ON,S021,NODE_SUPPORT_ONLY,0.68,AUTO_CURATED_NEEDS_RELATION_EVIDENCE,ENABLING,FALSE,2026-09-27,Семантическая курация M3 бывшей связи CONTRIBUTES_TO_MEGAPROJECT. До отдельного подтверждения это системная интерпретация SINERGY.
E01035,E01035,S013,F097,VALIDATES,S013,PROVENANCE,0.95,VERIFIED_PROVENANCE,EVIDENTIAL,TRUE,2026-09-27,Каноническое происхождение подтверждено источником.
E01036,E01036,F097,I010,PROPOSED_BY,S013,ATTRIBUTION,0.68,CURATED_PROGRAM_ASSOCIATION,PROVENANCE,FALSE,2026-09-27,Репрезентативная связь с институтом или программой; это не утверждение о финансировании.
E01037,E01037,F097,I051,PROPOSED_BY,S013,ATTRIBUTION,0.68,CURATED_PROGRAM_ASSOCIATION,PROVENANCE,FALSE,2026-09-27,Репрезентативная связь с институтом или программой; это не утверждение о финансировании.
E01038,E01038,F097,T002,INCREASES_CAPACITY_OF,S013,NODE_SUPPORT_ONLY,0.72,AUTO_CURATED_NEEDS_RELATION_EVIDENCE,ENABLING,FALSE,2026-09-27,Семантическая курация M3 бывшей связи MAPS_TO_TECHNOLOGY. Источник подтверждает фронтирный узел; прямое доказательство самой связи всё ещё требует экспертной проверки.
E01039,E01039,F097,T020,INCREASES_CAPACITY_OF,S013,NODE_SUPPORT_ONLY,0.72,AUTO_CURATED_NEEDS_RELATION_EVIDENCE,ENABLING,FALSE,2026-09-27,Семантическая курация M3 бывшей связи MAPS_TO_TECHNOLOGY. Источник подтверждает фронтирный узел; прямое доказательство самой связи всё ещё требует экспертной проверки.
E01040,E01040,F097,M133,INCREASES_CAPACITY_OF,S013,NODE_SUPPORT_ONLY,0.58,AUTO_CURATED_NEEDS_RELATION_EVIDENCE,THEMATIC,FALSE,2026-09-27,Семантическая курация M3 бывшей связи CONTRIBUTES_TO_MEGAPROJECT. До отдельного подтверждения это системная интерпретация SINERGY.
E01041,E01041,F097,M150,INCREASES_CAPACITY_OF,S013,NODE_SUPPORT_ONLY,0.58,AUTO_CURATED_NEEDS_RELATION_EVIDENCE,THEMATIC,FALSE,2026-09-27,Семантическая курация M3 бывшей связи CONTRIBUTES_TO_MEGAPROJECT. До отдельного подтверждения это системная интерпретация SINERGY.
E01042,E01042,F097,M039,INCREASES_CAPACITY_OF,S013,NODE_SUPPORT_ONLY,0.58,AUTO_CURATED_NEEDS_RELATION_EVIDENCE,THEMATIC,FALSE,2026-09-27,Семантическая курация M3 бывшей связи CONTRIBUTES_TO_MEGAPROJECT. До отдельного подтверждения это системная интерпретация SINERGY.
E01043,E01043,F097,M136,INCREASES_CAPACITY_OF,S013,NODE_SUPPORT_ONLY,0.58,AUTO_CURATED_NEEDS_RELATION_EVIDENCE,THEMATIC,FALSE,2026-09-27,Семантическая курация M3 бывшей связи CONTRIBUTES_TO_MEGAPROJECT. До отдельного подтверждения это системная интерпретация SINERGY.
E01044,E01044,S014,F098,VALIDATES,S014,PROVENANCE,0.95,VERIFIED_PROVENANCE,EVIDENTIAL,TRUE,2026-09-27,Каноническое происхождение подтверждено источником.
E01045,E01045,F098,I052,PROPOSED_BY,S014,ATTRIBUTION,0.68,CURATED_PROGRAM_ASSOCIATION,PROVENANCE,FALSE,2026-09-27,Репрезентативная связь с институтом или программой; это не утверждение о финансировании.
E01046,E01046,F098,T001,USES,S014,NODE_SUPPORT_ONLY,0.66,AUTO_CURATED_NEEDS_RELATION_EVIDENCE,ENABLING,FALSE,2026-09-27,Семантическая курация M3 бывшей связи MAPS_TO_TECHNOLOGY. Источник подтверждает фронтирный узел; прямое доказательство самой связи всё ещё требует экспертной проверки.
E01047,E01047,F098,T010,USES,S014,NODE_SUPPORT_ONLY,0.66,AUTO_CURATED_NEEDS_RELATION_EVIDENCE,ENABLING,FALSE,2026-09-27,Семантическая курация M3 бывшей связи MAPS_TO_TECHNOLOGY. Источник подтверждает фронтирный узел; прямое доказательство самой связи всё ещё требует экспертной проверки.
E01048,E01048,F098,T020,USES,S014,NODE_SUPPORT_ONLY,0.66,AUTO_CURATED_NEEDS_RELATION_EVIDENCE,ENABLING,FALSE,2026-09-27,Семантическая курация M3 бывшей связи MAPS_TO_TECHNOLOGY. Источник подтверждает фронтирный узел; прямое доказательство самой связи всё ещё требует экспертной проверки.
E01049,E01049,F098,M039,INCREASES_CAPACITY_OF,S014,NODE_SUPPORT_ONLY,0.58,AUTO_CURATED_NEEDS_RELATION_EVIDENCE,THEMATIC,FALSE,2026-09-27,Семантическая курация M3 бывшей связи CONTRIBUTES_TO_MEGAPROJECT. До отдельного подтверждения это системная интерпретация SINERGY.
E01050,E01050,F098,M136,INCREASES_CAPACITY_OF,S014,NODE_SUPPORT_ONLY,0.58,AUTO_CURATED_NEEDS_RELATION_EVIDENCE,THEMATIC,FALSE,2026-09-27,Семантическая курация M3 бывшей связи CONTRIBUTES_TO_MEGAPROJECT. До отдельного подтверждения это системная интерпретация SINERGY.
E01051,E01051,S077,F099,VALIDATES,S077,PROVENANCE,0.95,VERIFIED_PROVENANCE,EVIDENTIAL,TRUE,2026-09-27,Каноническое происхождение подтверждено источником.
E01052,E01052,F099,P183,PROPOSED_BY,S077,ATTRIBUTION,0.78,CURATED_ATTRIBUTION,PROVENANCE,FALSE,2026-09-27,Репрезентативная атрибуция автора из Frontier Graph 1.0.
E01053,E01053,F099,P184,PROPOSED_BY,S077,ATTRIBUTION,0.78,CURATED_ATTRIBUTION,PROVENANCE,FALSE,2026-09-27,Репрезентативная атрибуция автора из Frontier Graph 1.0.
E01054,E01054,F099,P185,PROPOSED_BY,S077,ATTRIBUTION,0.78,CURATED_ATTRIBUTION,PROVENANCE,FALSE,2026-09-27,Репрезентативная атрибуция автора из Frontier Graph 1.0.
E01055,E01055,F099,I053,PROPOSED_BY,S077,ATTRIBUTION,0.68,CURATED_PROGRAM_ASSOCIATION,PROVENANCE,FALSE,2026-09-27,Репрезентативная связь с институтом или программой; это не утверждение о финансировании.
E01056,E01056,F099,T011,USES,S077,NODE_SUPPORT_ONLY,0.66,AUTO_CURATED_NEEDS_RELATION_EVIDENCE,ENABLING,FALSE,2026-09-27,Семантическая курация M3 бывшей связи MAPS_TO_TECHNOLOGY. Источник подтверждает фронтирный узел; прямое доказательство самой связи всё ещё требует экспертной проверки.
E01057,E01057,F099,T012,USES,S077,NODE_SUPPORT_ONLY,0.66,AUTO_CURATED_NEEDS_RELATION_EVIDENCE,ENABLING,FALSE,2026-09-27,Семантическая курация M3 бывшей связи MAPS_TO_TECHNOLOGY. Источник подтверждает фронтирный узел; прямое доказательство самой связи всё ещё требует экспертной проверки.
E01058,E01058,F099,T013,USES,S077,NODE_SUPPORT_ONLY,0.66,AUTO_CURATED_NEEDS_RELATION_EVIDENCE,ENABLING,FALSE,2026-09-27,Семантическая курация M3 бывшей связи MAPS_TO_TECHNOLOGY. Источник подтверждает фронтирный узел; прямое доказательство самой связи всё ещё требует экспертной проверки.
E01059,E01059,F099,T014,USES,S077,NODE_SUPPORT_ONLY,0.66,AUTO_CURATED_NEEDS_RELATION_EVIDENCE,ENABLING,FALSE,2026-09-27,Семантическая курация M3 бывшей связи MAPS_TO_TECHNOLOGY. Источник подтверждает фронтирный узел; прямое доказательство самой связи всё ещё требует экспертной проверки.
E01060,E01060,F099,M128,ENABLES,S077,NODE_SUPPORT_ONLY,0.64,AUTO_CURATED_NEEDS_RELATION_EVIDENCE,ENABLING,FALSE,2026-09-27,Семантическая курация M3 бывшей связи CONTRIBUTES_TO_MEGAPROJECT. До отдельного подтверждения это системная интерпретация SINERGY.
E01061,E01061,F099,M141,ENABLES,S077,NODE_SUPPORT_ONLY,0.64,AUTO_CURATED_NEEDS_RELATION_EVIDENCE,ENABLING,FALSE,2026-09-27,Семантическая курация M3 бывшей связи CONTRIBUTES_TO_MEGAPROJECT. До отдельного подтверждения это системная интерпретация SINERGY.
E01062,E01062,S078,F100,VALIDATES,S078,PROVENANCE,0.95,VERIFIED_PROVENANCE,EVIDENTIAL,TRUE,2026-09-27,Каноническое происхождение подтверждено источником.
E01063,E01063,S079,F100,VALIDATES,S079,PROVENANCE,0.95,VERIFIED_PROVENANCE,EVIDENTIAL,TRUE,2026-09-27,Каноническое происхождение подтверждено источником.
E01064,E01064,S080,F100,VALIDATES,S080,PROVENANCE,0.95,VERIFIED_PROVENANCE,EVIDENTIAL,TRUE,2026-09-27,Каноническое происхождение подтверждено источником.
E01065,E01065,F100,I054,PROPOSED_BY,S078;S079;S080,ATTRIBUTION,0.68,CURATED_PROGRAM_ASSOCIATION,PROVENANCE,FALSE,2026-09-27,Репрезентативная связь с институтом или программой; это не утверждение о финансировании.
E01066,E01066,F100,I055,PROPOSED_BY,S078;S079;S080,ATTRIBUTION,0.68,CURATED_PROGRAM_ASSOCIATION,PROVENANCE,FALSE,2026-09-27,Репрезентативная связь с институтом или программой; это не утверждение о финансировании.
E01067,E01067,F100,T011,USES,S078;S079;S080,NODE_SUPPORT_ONLY,0.66,AUTO_CURATED_NEEDS_RELATION_EVIDENCE,ENABLING,FALSE,2026-09-27,Семантическая курация M3 бывшей связи MAPS_TO_TECHNOLOGY. Источник подтверждает фронтирный узел; прямое доказательство самой связи всё ещё требует экспертной проверки.
E01068,E01068,F100,T012,USES,S078;S079;S080,NODE_SUPPORT_ONLY,0.66,AUTO_CURATED_NEEDS_RELATION_EVIDENCE,ENABLING,FALSE,2026-09-27,Семантическая курация M3 бывшей связи MAPS_TO_TECHNOLOGY. Источник подтверждает фронтирный узел; прямое доказательство самой связи всё ещё требует экспертной проверки.
E01069,E01069,F100,T013,USES,S078;S079;S080,NODE_SUPPORT_ONLY,0.66,AUTO_CURATED_NEEDS_RELATION_EVIDENCE,ENABLING,FALSE,2026-09-27,Семантическая курация M3 бывшей связи MAPS_TO_TECHNOLOGY. Источник подтверждает фронтирный узел; прямое доказательство самой связи всё ещё требует экспертной проверки.
E01070,E01070,F100,T014,USES,S078;S079;S080,NODE_SUPPORT_ONLY,0.66,AUTO_CURATED_NEEDS_RELATION_EVIDENCE,ENABLING,FALSE,2026-09-27,Семантическая курация M3 бывшей связи MAPS_TO_TECHNOLOGY. Источник подтверждает фронтирный узел; прямое доказательство самой связи всё ещё требует экспертной проверки.
E01071,E01071,F100,M150,ENABLES,S078;S079;S080,NODE_SUPPORT_ONLY,0.64,AUTO_CURATED_NEEDS_RELATION_EVIDENCE,ENABLING,FALSE,2026-09-27,Семантическая курация M3 бывшей связи CONTRIBUTES_TO_MEGAPROJECT. До отдельного подтверждения это системная интерпретация SINERGY.
E01072,E01072,F003,F051,ENABLES,S003;S011,CANONICAL_SYNTHESIS,0.76,CURATED_CANONICAL,ENABLING,TRUE,2026-09-27,Каноническая взаимно усиливающая комбинация. Направление сохранено для стабильности представления; концептуально связь двусторонняя.
E01073,E01073,F052,F084,ENABLES,S023;S066,CANONICAL_SYNTHESIS,0.76,CURATED_CANONICAL,ENABLING,TRUE,2026-09-27,Каноническая взаимно усиливающая комбинация. Направление сохранено для стабильности представления; концептуально связь двусторонняя.
E01074,E01074,F078,F051,ENABLES,S061;S011,CANONICAL_SYNTHESIS,0.82,CURATED_CANONICAL,ENABLING,TRUE,2026-09-27,от вычислительного предложения материала к роботизированному синтезу
E01075,E01075,F079,F080,ENABLES,S062;S063,CANONICAL_SYNTHESIS,0.76,CURATED_CANONICAL,ENABLING,TRUE,2026-09-27,Каноническая взаимно усиливающая комбинация. Направление сохранено для стабильности представления; концептуально связь двусторонняя.
E01076,E01076,F080,F051,ENABLES,S063;S011,CANONICAL_SYNTHESIS,0.76,CURATED_CANONICAL,ENABLING,TRUE,2026-09-27,Каноническая взаимно усиливающая комбинация. Направление сохранено для стабильности представления; концептуально связь двусторонняя.
E01077,E01077,F064,F067,ENABLES,S010;S051,CANONICAL_SYNTHESIS,0.76,CURATED_CANONICAL,ENABLING,TRUE,2026-09-27,Каноническая взаимно усиливающая комбинация. Направление сохранено для стабильности представления; концептуально связь двусторонняя.
E01078,E01078,F064,F068,ENABLES,S010;S052,CANONICAL_SYNTHESIS,0.76,CURATED_CANONICAL,ENABLING,TRUE,2026-09-27,Каноническая взаимно усиливающая комбинация. Направление сохранено для стабильности представления; концептуально связь двусторонняя.
E01079,E01079,F064,F069,ENABLES,S010;S053,CANONICAL_SYNTHESIS,0.76,CURATED_CANONICAL,ENABLING,TRUE,2026-09-27,Каноническая взаимно усиливающая комбинация. Направление сохранено для стабильности представления; концептуально связь двусторонняя.
E01080,E01080,F043,F046,ENABLES,S005;S006,CANONICAL_SYNTHESIS,0.76,CURATED_CANONICAL,ENABLING,TRUE,2026-09-27,Каноническая взаимно усиливающая комбинация. Направление сохранено для стабильности представления; концептуально связь двусторонняя.
E01081,E01081,F046,F041,ENABLES,S006;S033,CANONICAL_SYNTHESIS,0.76,CURATED_CANONICAL,ENABLING,TRUE,2026-09-27,Каноническая взаимно усиливающая комбинация. Направление сохранено для стабильности представления; концептуально связь двусторонняя.
E01082,E01082,F092,F093,ENABLES,S074;S075,CANONICAL_SYNTHESIS,0.76,CURATED_CANONICAL,ENABLING,TRUE,2026-09-27,Каноническая взаимно усиливающая комбинация. Направление сохранено для стабильности представления; концептуально связь двусторонняя.
E01083,E01083,F093,F095,REQUIRES,S075;S076,CANONICAL_SYNTHESIS,0.82,CURATED_CANONICAL,CAUSAL,TRUE,2026-09-27,space manufacturing enabled by durable surface power
E01084,E01084,F099,F100,ENABLES,S077;S078;S079;S080,CANONICAL_SYNTHESIS,0.76,CURATED_CANONICAL,ENABLING,TRUE,2026-09-27,Каноническая взаимно усиливающая комбинация. Направление сохранено для стабильности представления; концептуально связь двусторонняя.
E01085,E01085,F100,F022,ENABLES,S078;S079;S080;S016,CANONICAL_SYNTHESIS,0.82,CURATED_CANONICAL,ENABLING,TRUE,2026-09-27,экономическое взаимодействие устойчивых агентов
E01086,E01086,F097,F098,ENABLES,S013;S014,CANONICAL_SYNTHESIS,0.82,CURATED_CANONICAL,ENABLING,TRUE,2026-09-27,"планетарное представление данных, питающее цифровые двойники Земли"
E01087,E01087,F098,F016,ENABLES,S014,CANONICAL_SYNTHESIS,0.82,CURATED_CANONICAL,ENABLING,TRUE,2026-09-27,цифровой двойник как вход для синтеза Операционной системы Земли
E01088,E01088,F052,F029,ENABLES,S023,CANONICAL_SYNTHESIS,0.80,CURATED_CANONICAL,ENABLING,TRUE,2026-09-27,эволюция алгоритмов как предшественник Technology Breeder
E01089,E01089,F053,F029,ENABLES,S039,CANONICAL_SYNTHESIS,0.80,CURATED_CANONICAL,ENABLING,TRUE,2026-09-27,поиск под управлением LLM как предшественник Technology Breeder
E01090,E01090,F004,F029,ENABLES,S004,CANONICAL_SYNTHESIS,0.80,CURATED_CANONICAL,ENABLING,TRUE,2026-09-27,автономная наука как предшественник Technology Breeder
E01091,,F090,T081,VALIDATES,S072,RELATION_DIRECT,0.88,CURATED_RELATION,EVIDENTIAL,TRUE,2026-09-27,DARPA QBI explicitly evaluates whether utility-scale quantum computing can deliver value exceeding cost.
E01092,,F088,T081,ENABLES,S070,RELATION_DIRECT,0.88,CURATED_RELATION,ENABLING,TRUE,2026-09-27,Below-threshold quantum error correction is a direct enabling step toward fault-tolerant quantum computing.
E01093,,F084,T031,INCREASES_CAPACITY_OF,S066,RELATION_DIRECT,0.86,CURATED_RELATION,ENABLING,TRUE,2026-09-27,Deep-RL plasma control increases control capability relevant to fusion systems.
E01094,,F078,T051,PRODUCES,S061,RELATION_DIRECT,0.82,CURATED_RELATION,ENABLING,TRUE,2026-09-27,GNoME produces computational candidates for new stable materials.
E01095,,F051,T051,PRODUCES,S011,RELATION_DIRECT,0.84,CURATED_RELATION,ENABLING,TRUE,2026-09-27,A-Lab autonomously synthesizes and tests inorganic material candidates.
E01096,,F054,T048,REDUCES_COST_OF,S040,RELATION_DIRECT,0.80,CURATED_RELATION,CAUSAL,TRUE,2026-09-27,"AlphaDev targets more efficient low-level algorithms, reducing compute work for affected operations."
E01097,,F052,T048,INCREASES_CAPACITY_OF,S023,RELATION_DIRECT,0.80,CURATED_RELATION,ENABLING,TRUE,2026-09-27,AlphaEvolve searches for improved algorithms and infrastructure optimizations.
E01098,,F099,F022,ENABLES,S077;S016,CANONICAL_SYNTHESIS,0.78,CURATED_CANONICAL,ENABLING,TRUE,2026-09-27,Machine-native payments enable economic interaction among autonomous agents.
E01099,,F100,F022,GOVERNS,S078;S079;S080;S016,CANONICAL_SYNTHESIS,0.78,CURATED_CANONICAL,GOVERNANCE,TRUE,2026-09-27,Delegated payment/commerce protocols constrain and audit agent economic actions.
E01100,,F095,M147,ENABLES,S076,CANONICAL_SYNTHESIS,0.80,CURATED_CANONICAL,ENABLING,TRUE,2026-09-27,Durable lunar surface power is an enabling dependency for a persistent lunar industrial node.
E01101,,F092,M147,ENABLES,S074,CANONICAL_SYNTHESIS,0.78,CURATED_CANONICAL,ENABLING,TRUE,2026-09-27,"In-space servicing, assembly and manufacturing are enabling capabilities for a lunar/orbital industrial stack."
E01102,,F097,F098,ENABLES,S013;S014,CANONICAL_SYNTHESIS,0.82,CURATED_CANONICAL,ENABLING,TRUE,2026-09-27,Planet-scale geospatial representation can feed operational Earth-system digital twins.
E01103,,F056,F022,GOVERNS,S017;S016,CANONICAL_SYNTHESIS,0.78,CURATED_CANONICAL,GOVERNANCE,TRUE,2026-09-27,Constitutional constraints are a governance mechanism for persistent agent systems.
E01104,,F061,F022,GOVERNS,S046;S016,CANONICAL_SYNTHESIS,0.76,CURATED_CANONICAL,GOVERNANCE,TRUE,2026-09-27,Scalable oversight is a governance dependency for large autonomous-agent systems.
E01105,,F003,F051,ENABLES,S003;S011,CANONICAL_SYNTHESIS,0.80,CURATED_CANONICAL,ENABLING,TRUE,2026-09-27,AI hypothesis generation plus robotic synthesis closes a theory-to-experiment loop.
